{
  "type": "FeatureCollection",
  "generator": "overpass-turbo",
  "copyright": "The data included in this document is from www.openstreetmap.org. The data is made available under ODbL.",
  "timestamp": "2025-04-25T02:40:41Z",
  "features": [
    {
      "type": "Feature",
      "properties": {
        "@id": "relation/9676369",
        "admin_level": "5",
        "boundary": "administrative",
        "name": "Tulungagung",
        "name:ar": "تولوناقونق",
        "official_name": "Kabupaten Tulungagung",
        "type": "boundary",
        "wikidata": "Q11143",
        "wikipedia": "id:Kabupaten Tulungagung"
      },
      "geometry": {
        "type": "MultiPolygon",
        "coordinates": [
          [
            [
              [
                111.7857284,
                -7.833311
              ],
              [
                111.7857132,
                -7.8337926
              ],
              [
                111.7856216,
                -7.8340267
              ],
              [
                111.7855148,
                -7.8346218
              ],
              [
                111.7854385,
                -7.8351401
              ],
              [
                111.7853241,
                -7.8356833
              ],
              [
                111.7852554,
                -7.8358678
              ],
              [
                111.785141,
                -7.8359856
              ],
              [
                111.7849731,
                -7.8360895
              ],
              [
                111.7844848,
                -7.8362479
              ],
              [
                111.7837677,
                -7.8364376
              ],
              [
                111.7831802,
                -7.8367132
              ],
              [
                111.7824478,
                -7.8371109
              ],
              [
                111.7821045,
                -7.8373641
              ],
              [
                111.7815933,
                -7.8378696
              ],
              [
                111.7812729,
                -7.8383836
              ],
              [
                111.780777,
                -7.8390245
              ],
              [
                111.7805328,
                -7.83962
              ],
              [
                111.7799988,
                -7.8403148
              ],
              [
                111.7795029,
                -7.8410906
              ],
              [
                111.7792587,
                -7.841515
              ],
              [
                111.7789917,
                -7.8420018
              ],
              [
                111.7788772,
                -7.8423523
              ],
              [
                111.7788925,
                -7.8426766
              ],
              [
                111.7788925,
                -7.842884
              ],
              [
                111.7789535,
                -7.8432621
              ],
              [
                111.778923,
                -7.8434877
              ],
              [
                111.7788544,
                -7.8436951
              ],
              [
                111.778717,
                -7.8440918
              ],
              [
                111.7784347,
                -7.8444347
              ],
              [
                111.7781219,
                -7.8448047
              ],
              [
                111.7779998,
                -7.845355
              ],
              [
                111.777977,
                -7.8458042
              ],
              [
                111.7778167,
                -7.8461561
              ],
              [
                111.7777786,
                -7.8462514
              ],
              [
                111.7774887,
                -7.8466811
              ],
              [
                111.7773285,
                -7.8469719
              ],
              [
                111.7771148,
                -7.8473453
              ],
              [
                111.7767944,
                -7.8479075
              ],
              [
                111.7765655,
                -7.8482813
              ],
              [
                111.7764129,
                -7.8484167
              ],
              [
                111.7757721,
                -7.8487243
              ],
              [
                111.775238,
                -7.8489146
              ],
              [
                111.7748565,
                -7.8491945
              ],
              [
                111.7744445,
                -7.8495106
              ],
              [
                111.7741089,
                -7.8497819
              ],
              [
                111.7738876,
                -7.8500613
              ],
              [
                111.7736053,
                -7.8503994
              ],
              [
                111.7730789,
                -7.8511843
              ],
              [
                111.7729187,
                -7.8518786
              ],
              [
                111.7728729,
                -7.8522119
              ],
              [
                111.7725601,
                -7.8529696
              ],
              [
                111.7723236,
                -7.8538303
              ],
              [
                111.7720718,
                -7.8541641
              ],
              [
                111.7719421,
                -7.8547048
              ],
              [
                111.7717285,
                -7.8552279
              ],
              [
                111.7714004,
                -7.8559622
              ],
              [
                111.7713852,
                -7.8560705
              ],
              [
                111.7717514,
                -7.8568305
              ],
              [
                111.7718582,
                -7.857324
              ],
              [
                111.7718582,
                -7.8573512
              ],
              [
                111.7718658,
                -7.8573822
              ],
              [
                111.7718887,
                -7.8574194
              ],
              [
                111.7719421,
                -7.8574948
              ],
              [
                111.7720337,
                -7.8576097
              ],
              [
                111.772232,
                -7.8578929
              ],
              [
                111.7722931,
                -7.8579873
              ],
              [
                111.7723312,
                -7.8580689
              ],
              [
                111.7723388,
                -7.8581056
              ],
              [
                111.772377,
                -7.8581638
              ],
              [
                111.7724228,
                -7.8582224
              ],
              [
                111.7724914,
                -7.8583278
              ],
              [
                111.7725372,
                -7.8583974
              ],
              [
                111.7726059,
                -7.858488
              ],
              [
                111.7726288,
                -7.8585228
              ],
              [
                111.7726517,
                -7.8586945
              ],
              [
                111.772644,
                -7.8588104
              ],
              [
                111.7726364,
                -7.858921
              ],
              [
                111.7726364,
                -7.8589591
              ],
              [
                111.7726669,
                -7.8591007
              ],
              [
                111.7727127,
                -7.8592314
              ],
              [
                111.7727661,
                -7.8593416
              ],
              [
                111.7727814,
                -7.8594193
              ],
              [
                111.7727814,
                -7.8594541
              ],
              [
                111.772789,
                -7.8595046
              ],
              [
                111.7728271,
                -7.8595533
              ],
              [
                111.7728424,
                -7.8595766
              ],
              [
                111.7729644,
                -7.859755
              ],
              [
                111.7730789,
                -7.859939
              ],
              [
                111.7731247,
                -7.8600206
              ],
              [
                111.7731399,
                -7.8600454
              ],
              [
                111.7732315,
                -7.8601383
              ],
              [
                111.7733688,
                -7.8602876
              ],
              [
                111.773407,
                -7.8603238
              ],
              [
                111.7737045,
                -7.8605012
              ],
              [
                111.7737579,
                -7.8605265
              ],
              [
                111.7741012,
                -7.8606576
              ],
              [
                111.7745437,
                -7.8607692
              ],
              [
                111.7747192,
                -7.8608212
              ],
              [
                111.7750244,
                -7.8609714
              ],
              [
                111.7750549,
                -7.8609862
              ],
              [
                111.7753754,
                -7.8611183
              ],
              [
                111.7755813,
                -7.8611798
              ],
              [
                111.7757568,
                -7.8613147
              ],
              [
                111.775856,
                -7.861587
              ],
              [
                111.7759094,
                -7.8617105
              ],
              [
                111.7760467,
                -7.8618354
              ],
              [
                111.7762527,
                -7.8619012
              ],
              [
                111.776474,
                -7.8619127
              ],
              [
                111.7766952,
                -7.861886
              ],
              [
                111.7768325,
                -7.8619441
              ],
              [
                111.7771301,
                -7.8623075
              ],
              [
                111.7772369,
                -7.8624606
              ],
              [
                111.7773742,
                -7.8626298
              ],
              [
                111.7774658,
                -7.8627538
              ],
              [
                111.7775345,
                -7.8629159
              ],
              [
                111.7775726,
                -7.8630242
              ],
              [
                111.7773361,
                -7.863111
              ],
              [
                111.7771606,
                -7.8632173
              ],
              [
                111.7770843,
                -7.8633327
              ],
              [
                111.7771759,
                -7.8636364
              ],
              [
                111.777153,
                -7.8641452
              ],
              [
                111.7771606,
                -7.8642434
              ],
              [
                111.7772216,
                -7.8643188
              ],
              [
                111.7775268,
                -7.8643021
              ],
              [
                111.7780762,
                -7.8641466
              ],
              [
                111.7782974,
                -7.8640694
              ],
              [
                111.7784347,
                -7.8640665
              ],
              [
                111.7785415,
                -7.8641381
              ],
              [
                111.7786178,
                -7.8643164
              ],
              [
                111.7786178,
                -7.8648466
              ],
              [
                111.7786255,
                -7.8651394
              ],
              [
                111.778572,
                -7.865087
              ],
              [
                111.7784881,
                -7.8650045
              ],
              [
                111.7782287,
                -7.8650217
              ],
              [
                111.7781067,
                -7.8650636
              ],
              [
                111.7780227,
                -7.8651652
              ],
              [
                111.7780304,
                -7.8654966
              ],
              [
                111.778038,
                -7.8658218
              ],
              [
                111.7778625,
                -7.86624
              ],
              [
                111.7776565,
                -7.8668398
              ],
              [
                111.7775574,
                -7.8670601
              ],
              [
                111.7774277,
                -7.8671927
              ],
              [
                111.7772674,
                -7.8672485
              ],
              [
                111.7771148,
                -7.867227
              ],
              [
                111.7767868,
                -7.8671612
              ],
              [
                111.7765503,
                -7.8671626
              ],
              [
                111.776184,
                -7.8672971
              ],
              [
                111.7760925,
                -7.8673581
              ],
              [
                111.7760696,
                -7.8674487
              ],
              [
                111.7761459,
                -7.8675584
              ],
              [
                111.7762756,
                -7.8676538
              ],
              [
                111.7763137,
                -7.8677353
              ],
              [
                111.7762909,
                -7.8678293
              ],
              [
                111.7758789,
                -7.8684263
              ],
              [
                111.7755279,
                -7.8688502
              ],
              [
                111.7751007,
                -7.8693618
              ],
              [
                111.7745743,
                -7.8698758
              ],
              [
                111.774353,
                -7.870089
              ],
              [
                111.7742309,
                -7.8702783
              ],
              [
                111.7737503,
                -7.8710288
              ],
              [
                111.7735672,
                -7.8713979
              ],
              [
                111.7733764,
                -7.8719181
              ],
              [
                111.7732925,
                -7.872097
              ],
              [
                111.7731552,
                -7.8721823
              ],
              [
                111.7728347,
                -7.87222
              ],
              [
                111.7726288,
                -7.8721828
              ],
              [
                111.7724075,
                -7.8721041
              ],
              [
                111.7721481,
                -7.8721155
              ],
              [
                111.7719497,
                -7.8721756
              ],
              [
                111.7717743,
                -7.8722882
              ],
              [
                111.7716751,
                -7.872415
              ],
              [
                111.7716369,
                -7.8726377
              ],
              [
                111.7716751,
                -7.8729
              ],
              [
                111.7717819,
                -7.8731198
              ],
              [
                111.7722854,
                -7.8735408
              ],
              [
                111.772438,
                -7.8736743
              ],
              [
                111.7725067,
                -7.8737993
              ],
              [
                111.7725219,
                -7.8739857
              ],
              [
                111.772438,
                -7.8742246
              ],
              [
                111.7720871,
                -7.8746952
              ],
              [
                111.7719192,
                -7.8748702
              ],
              [
                111.7716293,
                -7.8750013
              ],
              [
                111.7714462,
                -7.8750777
              ],
              [
                111.7713089,
                -7.8751959
              ],
              [
                111.7712707,
                -7.8758172
              ],
              [
                111.7712555,
                -7.8760676
              ],
              [
                111.7710037,
                -7.8766741
              ],
              [
                111.7709655,
                -7.8767914
              ],
              [
                111.7710189,
                -7.8769564
              ],
              [
                111.7711105,
                -7.8770742
              ],
              [
                111.7712555,
                -7.8771405
              ],
              [
                111.7715072,
                -7.8771509
              ],
              [
                111.7716827,
                -7.8771443
              ],
              [
                111.7718124,
                -7.8771996
              ],
              [
                111.7718582,
                -7.8776073
              ],
              [
                111.7718048,
                -7.8779096
              ],
              [
                111.7716522,
                -7.8781747
              ],
              [
                111.771553,
                -7.8783092
              ],
              [
                111.7716446,
                -7.8786306
              ],
              [
                111.7717056,
                -7.8789152
              ],
              [
                111.7716903,
                -7.879003
              ],
              [
                111.7716903,
                -7.8790445
              ],
              [
                111.7715835,
                -7.8791894
              ],
              [
                111.7714386,
                -7.8792471
              ],
              [
                111.7711792,
                -7.8792519
              ],
              [
                111.7708435,
                -7.8791627
              ],
              [
                111.7706451,
                -7.8790049
              ],
              [
                111.770317,
                -7.8787455
              ],
              [
                111.7702026,
                -7.8786673
              ],
              [
                111.7700805,
                -7.8786702
              ],
              [
                111.7697067,
                -7.878839
              ],
              [
                111.7696075,
                -7.878931
              ],
              [
                111.7694702,
                -7.8795514
              ],
              [
                111.769516,
                -7.8797068
              ],
              [
                111.7696914,
                -7.8799061
              ],
              [
                111.7702255,
                -7.8801317
              ],
              [
                111.7704544,
                -7.8802389
              ],
              [
                111.7705994,
                -7.8803558
              ],
              [
                111.7706451,
                -7.8805322
              ],
              [
                111.7706222,
                -7.8806424
              ],
              [
                111.7703247,
                -7.8808712
              ],
              [
                111.7697525,
                -7.8810734
              ],
              [
                111.769577,
                -7.8811411
              ],
              [
                111.7693557,
                -7.8813462
              ],
              [
                111.7692337,
                -7.881566
              ],
              [
                111.7691955,
                -7.8817305
              ],
              [
                111.7692337,
                -7.8818845
              ],
              [
                111.7693405,
                -7.8820409
              ],
              [
                111.7695312,
                -7.8821563
              ],
              [
                111.7700195,
                -7.8822927
              ],
              [
                111.7702331,
                -7.8823384
              ],
              [
                111.7707062,
                -7.8825626
              ],
              [
                111.7709427,
                -7.8827228
              ],
              [
                111.7710571,
                -7.882853
              ],
              [
                111.7710798,
                -7.8831099
              ],
              [
                111.77108,
                -7.8831119
              ],
              [
                111.7710952,
                -7.8832368
              ],
              [
                111.7710571,
                -7.8836917
              ],
              [
                111.7709655,
                -7.8840951
              ],
              [
                111.7708816,
                -7.8844055
              ],
              [
                111.7708816,
                -7.8847341
              ],
              [
                111.7710342,
                -7.8853301
              ],
              [
                111.7711944,
                -7.886116
              ],
              [
                111.7712217,
                -7.886371
              ],
              [
                111.771225,
                -7.8864011
              ],
              [
                111.771225,
                -7.8864307
              ],
              [
                111.7711944,
                -7.8866662
              ],
              [
                111.7711334,
                -7.8867926
              ],
              [
                111.7709961,
                -7.8868885
              ],
              [
                111.7707824,
                -7.8869337
              ],
              [
                111.7706222,
                -7.8869142
              ],
              [
                111.7702942,
                -7.8866595
              ],
              [
                111.7701721,
                -7.8865694
              ],
              [
                111.7699127,
                -7.8865041
              ],
              [
                111.7697067,
                -7.8865146
              ],
              [
                111.7694549,
                -7.8865961
              ],
              [
                111.7689895,
                -7.8869609
              ],
              [
                111.7689666,
                -7.8870005
              ],
              [
                111.7689209,
                -7.8870348
              ],
              [
                111.7685013,
                -7.8873786
              ],
              [
                111.7681274,
                -7.8875159
              ],
              [
                111.7678833,
                -7.8876547
              ],
              [
                111.7675934,
                -7.8879179
              ],
              [
                111.7674179,
                -7.8881668
              ],
              [
                111.7669067,
                -7.8888826
              ],
              [
                111.7668838,
                -7.8888959
              ],
              [
                111.7666473,
                -7.8889994
              ],
              [
                111.7662429,
                -7.8890609
              ],
              [
                111.7659683,
                -7.8890447
              ],
              [
                111.7653808,
                -7.8890113
              ],
              [
                111.7649994,
                -7.8890652
              ],
              [
                111.7648391,
                -7.889173
              ],
              [
                111.7646484,
                -7.8893828
              ],
              [
                111.7645645,
                -7.8895888
              ],
              [
                111.7644119,
                -7.8903255
              ],
              [
                111.7642822,
                -7.890458
              ],
              [
                111.7641144,
                -7.8905248
              ],
              [
                111.7639389,
                -7.8905191
              ],
              [
                111.7636413,
                -7.8904366
              ],
              [
                111.762947,
                -7.8902234
              ],
              [
                111.7626953,
                -7.8902015
              ],
              [
                111.7626342,
                -7.8902015
              ],
              [
                111.7622146,
                -7.8902396
              ],
              [
                111.7618789,
                -7.8902688
              ],
              [
                111.7614288,
                -7.8902949
              ],
              [
                111.7611694,
                -7.8904018
              ],
              [
                111.7610245,
                -7.8905424
              ],
              [
                111.7609329,
                -7.8907136
              ],
              [
                111.7609405,
                -7.8908462
              ],
              [
                111.7609926,
                -7.8910166
              ],
              [
                111.7610473,
                -7.8911957
              ],
              [
                111.7612381,
                -7.8914761
              ],
              [
                111.7613067,
                -7.8916549
              ],
              [
                111.761261,
                -7.8917145
              ],
              [
                111.7611618,
                -7.891736
              ],
              [
                111.7609329,
                -7.8917045
              ],
              [
                111.7604904,
                -7.8916707
              ],
              [
                111.7599792,
                -7.891694
              ],
              [
                111.7597504,
                -7.8917813
              ],
              [
                111.7596054,
                -7.8919067
              ],
              [
                111.7595443,
                -7.8920412
              ],
              [
                111.7595901,
                -7.8921761
              ],
              [
                111.7597198,
                -7.8923377
              ],
              [
                111.7599105,
                -7.8926262
              ],
              [
                111.7601776,
                -7.8931579
              ],
              [
                111.7601699,
                -7.8933467
              ],
              [
                111.7600937,
                -7.8935894
              ],
              [
                111.7598877,
                -7.8939785
              ],
              [
                111.7596893,
                -7.8940973
              ],
              [
                111.75914,
                -7.8944659
              ],
              [
                111.7587432,
                -7.8947844
              ],
              [
                111.7585678,
                -7.8948173
              ],
              [
                111.7583999,
                -7.8947629
              ],
              [
                111.7581482,
                -7.8945808
              ],
              [
                111.757698,
                -7.8942489
              ],
              [
                111.7574615,
                -7.8940935
              ],
              [
                111.7572861,
                -7.8938736
              ],
              [
                111.7572097,
                -7.8936557
              ],
              [
                111.75708,
                -7.8933563
              ],
              [
                111.7568664,
                -7.8931236
              ],
              [
                111.7566833,
                -7.8930182
              ],
              [
                111.7564697,
                -7.8930001
              ],
              [
                111.7561721,
                -7.8930606
              ],
              [
                111.756134,
                -7.893114
              ],
              [
                111.7560959,
                -7.8931913
              ],
              [
                111.7560882,
                -7.8933467
              ],
              [
                111.7560424,
                -7.8935103
              ],
              [
                111.7558594,
                -7.8938746
              ],
              [
                111.7558899,
                -7.894
              ],
              [
                111.7560272,
                -7.8941354
              ],
              [
                111.7562027,
                -7.8943214
              ],
              [
                111.7562484,
                -7.8945732
              ],
              [
                111.7562332,
                -7.8948664
              ],
              [
                111.7560501,
                -7.8961348
              ],
              [
                111.7561493,
                -7.8962712
              ],
              [
                111.7562561,
                -7.8963198
              ],
              [
                111.7564239,
                -7.8963141
              ],
              [
                111.756668,
                -7.8962168
              ],
              [
                111.7569809,
                -7.8960027
              ],
              [
                111.7574157,
                -7.8957271
              ],
              [
                111.7575683,
                -7.8958005
              ],
              [
                111.7576675,
                -7.8959312
              ],
              [
                111.7577591,
                -7.896172
              ],
              [
                111.7577972,
                -7.896502
              ],
              [
                111.7577438,
                -7.8967089
              ],
              [
                111.7575836,
                -7.8969864
              ],
              [
                111.7568817,
                -7.8980173
              ],
              [
                111.7567749,
                -7.8981742
              ],
              [
                111.7566147,
                -7.8982729
              ],
              [
                111.7562561,
                -7.898384
              ],
              [
                111.7561416,
                -7.8984489
              ],
              [
                111.7560653,
                -7.8985891
              ],
              [
                111.7560806,
                -7.8987026
              ],
              [
                111.7561721,
                -7.8987579
              ],
              [
                111.7563476,
                -7.8987684
              ],
              [
                111.7565384,
                -7.8987121
              ],
              [
                111.7571106,
                -7.8985209
              ],
              [
                111.7572708,
                -7.8985738
              ],
              [
                111.7574005,
                -7.8987064
              ],
              [
                111.7574691,
                -7.8988752
              ],
              [
                111.7576141,
                -7.899239
              ],
              [
                111.7578735,
                -7.8996515
              ],
              [
                111.758049,
                -7.8997983
              ],
              [
                111.7583236,
                -7.8999395
              ],
              [
                111.7585525,
                -7.9000682
              ],
              [
                111.7588348,
                -7.9002508
              ],
              [
                111.7590255,
                -7.9002599
              ],
              [
                111.7593689,
                -7.9002022
              ],
              [
                111.7596893,
                -7.9001931
              ],
              [
                111.7600937,
                -7.900269
              ],
              [
                111.7604446,
                -7.900392
              ],
              [
                111.7605819,
                -7.9005203
              ],
              [
                111.760643,
                -7.9006805
              ],
              [
                111.7606659,
                -7.9009552
              ],
              [
                111.7606125,
                -7.9014463
              ],
              [
                111.7605209,
                -7.9015965
              ],
              [
                111.7603454,
                -7.9017233
              ],
              [
                111.7601776,
                -7.9017686
              ],
              [
                111.7598953,
                -7.9017638
              ],
              [
                111.7589264,
                -7.901772
              ],
              [
                111.7580719,
                -7.9019298
              ],
              [
                111.7579193,
                -7.9020652
              ],
              [
                111.7577896,
                -7.9022812
              ],
              [
                111.757698,
                -7.9025921
              ],
              [
                111.7576599,
                -7.9030385
              ],
              [
                111.757698,
                -7.9035005
              ],
              [
                111.7578049,
                -7.9037151
              ],
              [
                111.7579346,
                -7.9038295
              ],
              [
                111.7581253,
                -7.9039053
              ],
              [
                111.7583465,
                -7.9039158
              ],
              [
                111.7586288,
                -7.9039439
              ],
              [
                111.7587509,
                -7.9040465
              ],
              [
                111.7588272,
                -7.9042062
              ],
              [
                111.7588501,
                -7.9044246
              ],
              [
                111.7587432,
                -7.9054374
              ],
              [
                111.7585831,
                -7.9059781
              ],
              [
                111.7584076,
                -7.9061708
              ],
              [
                111.7582779,
                -7.9062289
              ],
              [
                111.7580871,
                -7.9062218
              ],
              [
                111.7578735,
                -7.9061269
              ],
              [
                111.7574157,
                -7.9059033
              ],
              [
                111.7572632,
                -7.9059357
              ],
              [
                111.7570419,
                -7.9060716
              ],
              [
                111.7569504,
                -7.9061927
              ],
              [
                111.7567596,
                -7.9068732
              ],
              [
                111.756668,
                -7.9073419
              ],
              [
                111.7565765,
                -7.907587
              ],
              [
                111.7564926,
                -7.9077734
              ],
              [
                111.7563476,
                -7.9079542
              ],
              [
                111.7562179,
                -7.9079942
              ],
              [
                111.7559967,
                -7.9080152
              ],
              [
                111.7555389,
                -7.9080781
              ],
              [
                111.7552948,
                -7.908286
              ],
              [
                111.7553406,
                -7.9083065
              ],
              [
                111.7554016,
                -7.9083514
              ],
              [
                111.7557526,
                -7.9086651
              ],
              [
                111.7560119,
                -7.909027
              ],
              [
                111.7559814,
                -7.9091191
              ],
              [
                111.7558517,
                -7.9092607
              ],
              [
                111.755661,
                -7.9093613
              ],
              [
                111.7553482,
                -7.9094457
              ],
              [
                111.7546234,
                -7.9096508
              ],
              [
                111.7543411,
                -7.9098105
              ],
              [
                111.7542801,
                -7.9099349
              ],
              [
                111.754303,
                -7.9100875
              ],
              [
                111.7544021,
                -7.9102377
              ],
              [
                111.7546234,
                -7.9104347
              ],
              [
                111.7550354,
                -7.9107022
              ],
              [
                111.7555923,
                -7.911046
              ],
              [
                111.7557907,
                -7.9112625
              ],
              [
                111.7558059,
                -7.9114022
              ],
              [
                111.7557449,
                -7.9115967
              ],
              [
                111.7557068,
                -7.9117483
              ],
              [
                111.7557602,
                -7.9118709
              ],
              [
                111.755928,
                -7.9120793
              ],
              [
                111.7561264,
                -7.9123797
              ],
              [
                111.7561493,
                -7.9125919
              ],
              [
                111.7561111,
                -7.9128613
              ],
              [
                111.7559967,
                -7.913083
              ],
              [
                111.7557983,
                -7.9133262
              ],
              [
                111.7552871,
                -7.9138183
              ],
              [
                111.7549515,
                -7.9141225
              ],
              [
                111.7549057,
                -7.9142336
              ],
              [
                111.7549209,
                -7.9143929
              ],
              [
                111.7550125,
                -7.9145068
              ],
              [
                111.7552414,
                -7.9146547
              ],
              [
                111.7555694,
                -7.9148082
              ],
              [
                111.7562179,
                -7.9150676
              ],
              [
                111.7563553,
                -7.915235
              ],
              [
                111.7563782,
                -7.9153776
              ],
              [
                111.7563629,
                -7.9160756
              ],
              [
                111.7564621,
                -7.9164314
              ],
              [
                111.7566452,
                -7.9168548
              ],
              [
                111.7568512,
                -7.9170117
              ],
              [
                111.7571564,
                -7.9171595
              ],
              [
                111.7575988,
                -7.9173684
              ],
              [
                111.7583923,
                -7.917653
              ],
              [
                111.7590103,
                -7.9178118
              ],
              [
                111.7591324,
                -7.9179272
              ],
              [
                111.7591705,
                -7.9180564
              ],
              [
                111.7592239,
                -7.9186076
              ],
              [
                111.759201,
                -7.9192438
              ],
              [
                111.7591858,
                -7.9198217
              ],
              [
                111.7592239,
                -7.9206418
              ],
              [
                111.759262,
                -7.9208936
              ],
              [
                111.759407,
                -7.9219245
              ],
              [
                111.759407,
                -7.9219789
              ],
              [
                111.7594299,
                -7.9224972
              ],
              [
                111.7595138,
                -7.9226736
              ],
              [
                111.7596283,
                -7.9227256
              ],
              [
                111.760147,
                -7.9225311
              ],
              [
                111.7607727,
                -7.9224996
              ],
              [
                111.7609329,
                -7.9225382
              ],
              [
                111.7611313,
                -7.9227056
              ],
              [
                111.7612304,
                -7.9228968
              ],
              [
                111.7612228,
                -7.9231033
              ],
              [
                111.7611465,
                -7.9234414
              ],
              [
                111.7609939,
                -7.9238481
              ],
              [
                111.7608184,
                -7.9243817
              ],
              [
                111.7607193,
                -7.9245953
              ],
              [
                111.7605286,
                -7.9247908
              ],
              [
                111.7603454,
                -7.9249939
              ],
              [
                111.7601547,
                -7.9253931
              ],
              [
                111.760151,
                -7.9253984
              ],
              [
                111.7595977,
                -7.9261913
              ],
              [
                111.7585754,
                -7.9266981
              ],
              [
                111.7581405,
                -7.9269566
              ],
              [
                111.7571487,
                -7.9275374
              ],
              [
                111.756073,
                -7.9284567
              ],
              [
                111.7539139,
                -7.9286789
              ],
              [
                111.7538223,
                -7.9286074
              ],
              [
                111.7537842,
                -7.928409
              ],
              [
                111.7537765,
                -7.9282693
              ],
              [
                111.7537002,
                -7.9281754
              ],
              [
                111.7535476,
                -7.9281291
              ],
              [
                111.7531662,
                -7.9283537
              ],
              [
                111.7529373,
                -7.9284672
              ],
              [
                111.7527313,
                -7.9285206
              ],
              [
                111.7526397,
                -7.928502
              ],
              [
                111.7526016,
                -7.9284057
              ],
              [
                111.7527237,
                -7.9280161
              ],
              [
                111.7528,
                -7.9277615
              ],
              [
                111.7527923,
                -7.9276108
              ],
              [
                111.752716,
                -7.9274764
              ],
              [
                111.752594,
                -7.92738
              ],
              [
                111.7522049,
                -7.9272937
              ],
              [
                111.7519912,
                -7.9272527
              ],
              [
                111.7518692,
                -7.9271845
              ],
              [
                111.7517852,
                -7.927009
              ],
              [
                111.7517471,
                -7.9265975
              ],
              [
                111.7517395,
                -7.926393
              ],
              [
                111.7516403,
                -7.9263033
              ],
              [
                111.7510834,
                -7.9261541
              ],
              [
                111.7509155,
                -7.9261035
              ],
              [
                111.7507782,
                -7.9259686
              ],
              [
                111.7506637,
                -7.9253501
              ],
              [
                111.7503509,
                -7.9247984
              ],
              [
                111.7501526,
                -7.9243583
              ],
              [
                111.7500152,
                -7.9237327
              ],
              [
                111.75,
                -7.9236664
              ],
              [
                111.7499237,
                -7.9234018
              ],
              [
                111.7498321,
                -7.9231648
              ],
              [
                111.7497329,
                -7.9227933
              ],
              [
                111.7497024,
                -7.9227557
              ],
              [
                111.749588,
                -7.9227399
              ],
              [
                111.749382,
                -7.9226803
              ],
              [
                111.7492523,
                -7.9225873
              ],
              [
                111.7490997,
                -7.9222001
              ],
              [
                111.7490311,
                -7.9220685
              ],
              [
                111.7485656,
                -7.921864
              ],
              [
                111.7484207,
                -7.9217853
              ],
              [
                111.7483062,
                -7.921463
              ],
              [
                111.7482452,
                -7.9212493
              ],
              [
                111.7481537,
                -7.9211206
              ],
              [
                111.7479553,
                -7.9210447
              ],
              [
                111.7473373,
                -7.9210281
              ],
              [
                111.7469787,
                -7.9210276
              ],
              [
                111.746849,
                -7.920998
              ],
              [
                111.7465286,
                -7.9212512
              ],
              [
                111.7463913,
                -7.9213847
              ],
              [
                111.7463607,
                -7.9214243
              ],
              [
                111.7463074,
                -7.9214763
              ],
              [
                111.7462692,
                -7.9215001
              ],
              [
                111.7462158,
                -7.9215235
              ],
              [
                111.7460785,
                -7.9215855
              ],
              [
                111.7457733,
                -7.921751
              ],
              [
                111.745346,
                -7.9222116
              ],
              [
                111.7452316,
                -7.9223289
              ],
              [
                111.7449875,
                -7.922398
              ],
              [
                111.7446441,
                -7.9224467
              ],
              [
                111.7444458,
                -7.9225325
              ],
              [
                111.744194,
                -7.9227547
              ],
              [
                111.7440414,
                -7.9229793
              ],
              [
                111.7440033,
                -7.9230656
              ],
              [
                111.7436066,
                -7.9233684
              ],
              [
                111.7427808,
                -7.9235919
              ],
              [
                111.7427749,
                -7.9235935
              ],
              [
                111.7424697,
                -7.9237794
              ],
              [
                111.7415619,
                -7.9237994
              ],
              [
                111.7413177,
                -7.9238099
              ],
              [
                111.7404709,
                -7.9245653
              ],
              [
                111.740242,
                -7.9248285
              ],
              [
                111.7399368,
                -7.925219
              ],
              [
                111.739624,
                -7.9257082
              ],
              [
                111.7395324,
                -7.925858
              ],
              [
                111.739418,
                -7.9260659
              ],
              [
                111.7394333,
                -7.9263038
              ],
              [
                111.7394714,
                -7.9266457
              ],
              [
                111.7393036,
                -7.9274906
              ],
              [
                111.7392044,
                -7.9278106
              ],
              [
                111.7390136,
                -7.9283513
              ],
              [
                111.7389984,
                -7.9284109
              ],
              [
                111.7387771,
                -7.929007
              ],
              [
                111.7387161,
                -7.9291029
              ],
              [
                111.7386627,
                -7.9292945
              ],
              [
                111.7385101,
                -7.9298529
              ],
              [
                111.7383499,
                -7.9303474
              ],
              [
                111.7382431,
                -7.9306673
              ],
              [
                111.7382732,
                -7.9311376
              ],
              [
                111.7382736,
                -7.9311427
              ],
              [
                111.7382889,
                -7.9313573
              ],
              [
                111.7383194,
                -7.9318604
              ],
              [
                111.7381668,
                -7.9324517
              ],
              [
                111.7381286,
                -7.9328498
              ],
              [
                111.7381057,
                -7.9339799
              ],
              [
                111.7381668,
                -7.9352044
              ],
              [
                111.7384033,
                -7.9353365
              ],
              [
                111.7385711,
                -7.9355168
              ],
              [
                111.7386551,
                -7.9357061
              ],
              [
                111.7386703,
                -7.9360532
              ],
              [
                111.7386551,
                -7.9364032
              ],
              [
                111.7386474,
                -7.937334
              ],
              [
                111.7384643,
                -7.9381833
              ],
              [
                111.7384033,
                -7.9385609
              ],
              [
                111.7384491,
                -7.9388665
              ],
              [
                111.7386017,
                -7.9391255
              ],
              [
                111.7392196,
                -7.9400658
              ],
              [
                111.7394562,
                -7.9405479
              ],
              [
                111.739891,
                -7.9414
              ],
              [
                111.7404327,
                -7.9431261
              ],
              [
                111.7402115,
                -7.9437575
              ],
              [
                111.7397003,
                -7.944519
              ],
              [
                111.7392959,
                -7.945178
              ],
              [
                111.7392425,
                -7.9455966
              ],
              [
                111.7393799,
                -7.9466733
              ],
              [
                111.7398071,
                -7.9478645
              ],
              [
                111.7401962,
                -7.9483284
              ],
              [
                111.7404709,
                -7.9491214
              ],
              [
                111.7407989,
                -7.9497017
              ],
              [
                111.7411727,
                -7.9504952
              ],
              [
                111.7414245,
                -7.9508042
              ],
              [
                111.7417984,
                -7.9513602
              ],
              [
                111.7417989,
                -7.9513607
              ],
              [
                111.7419891,
                -7.9515585
              ],
              [
                111.7424926,
                -7.9525065
              ],
              [
                111.7430038,
                -7.9532413
              ],
              [
                111.7434082,
                -7.9544672
              ],
              [
                111.7431564,
                -7.9544954
              ],
              [
                111.743042,
                -7.9544925
              ],
              [
                111.7428894,
                -7.9544515
              ],
              [
                111.7427444,
                -7.9544234
              ],
              [
                111.7425537,
                -7.9545316
              ],
              [
                111.7420196,
                -7.9549155
              ],
              [
                111.7418289,
                -7.9551172
              ],
              [
                111.7416382,
                -7.9553828
              ],
              [
                111.7414245,
                -7.9557332
              ],
              [
                111.7413101,
                -7.9559902
              ],
              [
                111.7412796,
                -7.9562296
              ],
              [
                111.7411575,
                -7.9568438
              ],
              [
                111.7410888,
                -7.9569616
              ],
              [
                111.7408294,
                -7.9571313
              ],
              [
                111.7406769,
                -7.9571814
              ],
              [
                111.7406311,
                -7.957179
              ],
              [
                111.7406006,
                -7.9571809
              ],
              [
                111.7404403,
                -7.9572305
              ],
              [
                111.7401428,
                -7.9573874
              ],
              [
                111.7397537,
                -7.9576849
              ],
              [
                111.7395401,
                -7.9577564
              ],
              [
                111.7392349,
                -7.9577822
              ],
              [
                111.7387542,
                -7.9578208
              ],
              [
                111.7386322,
                -7.9578804
              ],
              [
                111.7384719,
                -7.9580407
              ],
              [
                111.7382431,
                -7.958302
              ],
              [
                111.7380981,
                -7.9584574
              ],
              [
                111.7380753,
                -7.9586057
              ],
              [
                111.7380905,
                -7.9588141
              ],
              [
                111.7381744,
                -7.9590492
              ],
              [
                111.7385788,
                -7.9598832
              ],
              [
                111.7387466,
                -7.960195
              ],
              [
                111.7390671,
                -7.9607009
              ],
              [
                111.7390823,
                -7.9607224
              ],
              [
                111.739212,
                -7.9609322
              ],
              [
                111.7393875,
                -7.9612316
              ],
              [
                111.7394714,
                -7.9614171
              ],
              [
                111.7394638,
                -7.9616055
              ],
              [
                111.7393875,
                -7.9618191
              ],
              [
                111.7392807,
                -7.9620861
              ],
              [
                111.7392425,
                -7.9623436
              ],
              [
                111.7392502,
                -7.9627203
              ],
              [
                111.7393188,
                -7.9630904
              ],
              [
                111.7394333,
                -7.9634103
              ],
              [
                111.739624,
                -7.9638056
              ],
              [
                111.7398224,
                -7.964137
              ],
              [
                111.7399749,
                -7.9644436
              ],
              [
                111.7401581,
                -7.9651355
              ],
              [
                111.7402344,
                -7.9663095
              ],
              [
                111.7402725,
                -7.9667906
              ],
              [
                111.7403412,
                -7.9669718
              ],
              [
                111.7403946,
                -7.9671821
              ],
              [
                111.7406997,
                -7.9673881
              ],
              [
                111.7409515,
                -7.9676008
              ],
              [
                111.7410888,
                -7.9678006
              ],
              [
                111.7411346,
                -7.9679875
              ],
              [
                111.7412262,
                -7.9682287
              ],
              [
                111.7414474,
                -7.9686236
              ],
              [
                111.7416,
                -7.9690551
              ],
              [
                111.7416611,
                -7.9693636
              ],
              [
                111.741745,
                -7.9696454
              ],
              [
                111.7420883,
                -7.9700608
              ],
              [
                111.7423248,
                -7.9702491
              ],
              [
                111.7427063,
                -7.9705715
              ],
              [
                111.7428741,
                -7.9706649
              ],
              [
                111.7432479,
                -7.9706625
              ],
              [
                111.7434082,
                -7.970643
              ],
              [
                111.7434105,
                -7.9706427
              ],
              [
                111.7435989,
                -7.9706191
              ],
              [
                111.7439956,
                -7.9705481
              ],
              [
                111.7443542,
                -7.9704522
              ],
              [
                111.7445068,
                -7.9703807
              ],
              [
                111.7446823,
                -7.9702467
              ],
              [
                111.7447662,
                -7.9702052
              ],
              [
                111.7452163,
                -7.9700574
              ],
              [
                111.7455444,
                -7.9700303
              ],
              [
                111.7458877,
                -7.9700703
              ],
              [
                111.7459564,
                -7.9700836
              ],
              [
                111.746788,
                -7.9701852
              ],
              [
                111.7471389,
                -7.9701957
              ],
              [
                111.7477188,
                -7.9700264
              ],
              [
                111.7480697,
                -7.9699339
              ],
              [
                111.7483062,
                -7.9699148
              ],
              [
                111.7487106,
                -7.9702057
              ],
              [
                111.7488174,
                -7.9702854
              ],
              [
                111.7491912,
                -7.9706945
              ],
              [
                111.7494583,
                -7.9709334
              ],
              [
                111.7497177,
                -7.9712133
              ],
              [
                111.7499313,
                -7.9714584
              ],
              [
                111.75,
                -7.9715032
              ],
              [
                111.7503814,
                -7.9717521
              ],
              [
                111.7507095,
                -7.9719781
              ],
              [
                111.750885,
                -7.972186
              ],
              [
                111.7509842,
                -7.9725122
              ],
              [
                111.7509842,
                -7.9728159
              ],
              [
                111.750984,
                -7.972818
              ],
              [
                111.7509613,
                -7.973061
              ],
              [
                111.7509079,
                -7.9732313
              ],
              [
                111.7509079,
                -7.9734124
              ],
              [
                111.7509766,
                -7.9735274
              ],
              [
                111.7513885,
                -7.9738368
              ],
              [
                111.7517547,
                -7.9740724
              ],
              [
                111.7521057,
                -7.974409
              ],
              [
                111.7523041,
                -7.9746083
              ],
              [
                111.752388,
                -7.974677
              ],
              [
                111.752594,
                -7.9750623
              ],
              [
                111.7527008,
                -7.9755563
              ],
              [
                111.7527694,
                -7.975924
              ],
              [
                111.7528228,
                -7.9763259
              ],
              [
                111.7528763,
                -7.9766769
              ],
              [
                111.7528991,
                -7.9770593
              ],
              [
                111.7528305,
                -7.9776739
              ],
              [
                111.7528686,
                -7.9779767
              ],
              [
                111.7529526,
                -7.9782171
              ],
              [
                111.7531357,
                -7.9784736
              ],
              [
                111.7533187,
                -7.978722
              ],
              [
                111.753334,
                -7.9794478
              ],
              [
                111.7533493,
                -7.9795918
              ],
              [
                111.7534942,
                -7.9797372
              ],
              [
                111.7536087,
                -7.9798121
              ],
              [
                111.754013,
                -7.9801025
              ],
              [
                111.7543792,
                -7.9806294
              ],
              [
                111.7546234,
                -7.9808597
              ],
              [
                111.7551803,
                -7.9811425
              ],
              [
                111.7558441,
                -7.9814963
              ],
              [
                111.756607,
                -7.9818964
              ],
              [
                111.7568588,
                -7.9820303
              ],
              [
                111.7569809,
                -7.9822435
              ],
              [
                111.7571258,
                -7.9824576
              ],
              [
                111.7575302,
                -7.982696
              ],
              [
                111.7584839,
                -7.9834227
              ],
              [
                111.7587738,
                -7.9836258
              ],
              [
                111.7589798,
                -7.9836893
              ],
              [
                111.7590103,
                -7.9837918
              ],
              [
                111.7592087,
                -7.9841208
              ],
              [
                111.7593994,
                -7.9844317
              ],
              [
                111.7597122,
                -7.9852266
              ],
              [
                111.7601547,
                -7.9866924
              ],
              [
                111.7603454,
                -7.9873957
              ],
              [
                111.7604599,
                -7.9878439
              ],
              [
                111.7605057,
                -7.9882383
              ],
              [
                111.7605209,
                -7.9884977
              ],
              [
                111.760498,
                -7.9887313
              ],
              [
                111.7604522,
                -7.9891605
              ],
              [
                111.7604828,
                -7.9898748
              ],
              [
                111.7604446,
                -7.9902682
              ],
              [
                111.7604217,
                -7.9906592
              ],
              [
                111.7604065,
                -7.9912547
              ],
              [
                111.7604675,
                -7.991568
              ],
              [
                111.7605133,
                -7.9918908
              ],
              [
                111.7605133,
                -7.9921941
              ],
              [
                111.7604751,
                -7.9923405
              ],
              [
                111.7604675,
                -7.9926905
              ],
              [
                111.7604634,
                -7.9926961
              ],
              [
                111.7597198,
                -7.9937038
              ],
              [
                111.7589493,
                -7.9949169
              ],
              [
                111.758049,
                -7.9953894
              ],
              [
                111.7571487,
                -7.9958715
              ],
              [
                111.756546,
                -7.9967016
              ],
              [
                111.7557983,
                -7.9984335
              ],
              [
                111.7552719,
                -7.9999999
              ],
              [
                111.7542724,
                -8.0013513
              ],
              [
                111.7537689,
                -8.0024881
              ],
              [
                111.7537231,
                -8.003765
              ],
              [
                111.7537765,
                -8.0055675
              ],
              [
                111.753952,
                -8.0065116
              ],
              [
                111.7539672,
                -8.0072059
              ],
              [
                111.7539727,
                -8.0072292
              ],
              [
                111.7539749,
                -8.0072383
              ],
              [
                111.7541351,
                -8.0079355
              ],
              [
                111.7543564,
                -8.0085811
              ],
              [
                111.7544937,
                -8.0092534
              ],
              [
                111.7545089,
                -8.0099448
              ],
              [
                111.7544479,
                -8.0108051
              ],
              [
                111.754303,
                -8.0114373
              ],
              [
                111.7542267,
                -8.011958
              ],
              [
                111.7542572,
                -8.0124826
              ],
              [
                111.7542496,
                -8.0129957
              ],
              [
                111.7542572,
                -8.0135621
              ],
              [
                111.7543564,
                -8.0140209
              ],
              [
                111.7545166,
                -8.0142068
              ],
              [
                111.7550201,
                -8.0143861
              ],
              [
                111.7553634,
                -8.0145597
              ],
              [
                111.7555618,
                -8.0147466
              ],
              [
                111.7556991,
                -8.0150995
              ],
              [
                111.7557678,
                -8.0154628
              ],
              [
                111.7557754,
                -8.0158824
              ],
              [
                111.755661,
                -8.0163049
              ],
              [
                111.7556686,
                -8.0163402
              ],
              [
                111.7556076,
                -8.0171556
              ],
              [
                111.755455,
                -8.0179023
              ],
              [
                111.7553634,
                -8.0186166
              ],
              [
                111.7553329,
                -8.0193023
              ],
              [
                111.7554397,
                -8.0198707
              ],
              [
                111.7555008,
                -8.0204229
              ],
              [
                111.755516,
                -8.0210571
              ],
              [
                111.7555008,
                -8.0215539
              ],
              [
                111.7554397,
                -8.0220908
              ],
              [
                111.7554474,
                -8.0225391
              ],
              [
                111.7555542,
                -8.0232705
              ],
              [
                111.755783,
                -8.0240878
              ],
              [
                111.7557373,
                -8.024743
              ],
              [
                111.7557907,
                -8.0252609
              ],
              [
                111.7556457,
                -8.0257635
              ],
              [
                111.7554702,
                -8.026185
              ],
              [
                111.7550812,
                -8.0267591
              ],
              [
                111.7547607,
                -8.0272121
              ],
              [
                111.754486,
                -8.0275716
              ],
              [
                111.7543411,
                -8.0283889
              ],
              [
                111.7542801,
                -8.0286149
              ],
              [
                111.7541427,
                -8.0293779
              ],
              [
                111.7540512,
                -8.0299281
              ],
              [
                111.7540893,
                -8.0301599
              ],
              [
                111.7541427,
                -8.0302858
              ],
              [
                111.7542877,
                -8.0305537
              ],
              [
                111.754364,
                -8.0307149
              ],
              [
                111.7545925,
                -8.0310082
              ],
              [
                111.7545929,
                -8.0310087
              ],
              [
                111.7546692,
                -8.0311088
              ],
              [
                111.7549362,
                -8.0313052
              ],
              [
                111.7554779,
                -8.0313577
              ],
              [
                111.7559662,
                -8.0313568
              ],
              [
                111.7566604,
                -8.031352
              ],
              [
                111.7573547,
                -8.031414
              ],
              [
                111.7578659,
                -8.0315236
              ],
              [
                111.7582779,
                -8.0317592
              ],
              [
                111.7586593,
                -8.031929
              ],
              [
                111.7589721,
                -8.0323381
              ],
              [
                111.7592468,
                -8.0325946
              ],
              [
                111.7592473,
                -8.0325951
              ],
              [
                111.7598419,
                -8.0331458
              ],
              [
                111.7606125,
                -8.0334243
              ],
              [
                111.7613754,
                -8.0335559
              ],
              [
                111.7619629,
                -8.0335407
              ],
              [
                111.7626953,
                -8.0336666
              ],
              [
                111.7632675,
                -8.0339975
              ],
              [
                111.7639465,
                -8.0342626
              ],
              [
                111.764389,
                -8.0344886
              ],
              [
                111.7649612,
                -8.0348911
              ],
              [
                111.7656097,
                -8.0353517
              ],
              [
                111.7660904,
                -8.035778
              ],
              [
                111.7666244,
                -8.0362043
              ],
              [
                111.7671966,
                -8.0367021
              ],
              [
                111.7676467,
                -8.037261
              ],
              [
                111.7678833,
                -8.0377645
              ],
              [
                111.7681655,
                -8.038206
              ],
              [
                111.7690582,
                -8.0398397
              ],
              [
                111.7697372,
                -8.0409116
              ],
              [
                111.7702865,
                -8.041439
              ],
              [
                111.7702911,
                -8.0414388
              ],
              [
                111.7710952,
                -8.0414123
              ],
              [
                111.771759,
                -8.0409936
              ],
              [
                111.7720642,
                -8.0408401
              ],
              [
                111.7721939,
                -8.0406217
              ],
              [
                111.7724609,
                -8.0404281
              ],
              [
                111.7726288,
                -8.0404281
              ],
              [
                111.7727585,
                -8.0404024
              ],
              [
                111.7728271,
                -8.0403833
              ],
              [
                111.7729187,
                -8.0403766
              ],
              [
                111.7730331,
                -8.0403613
              ],
              [
                111.7732315,
                -8.0403261
              ],
              [
                111.7732696,
                -8.0403175
              ],
              [
                111.7734299,
                -8.0402336
              ],
              [
                111.7736206,
                -8.0400666
              ],
              [
                111.7738266,
                -8.039875
              ],
              [
                111.7739792,
                -8.0397863
              ],
              [
                111.7740631,
                -8.0397624
              ],
              [
                111.7742691,
                -8.0397605
              ],
              [
                111.774414,
                -8.0397348
              ],
              [
                111.7745666,
                -8.0396089
              ],
              [
                111.7747574,
                -8.0393781
              ],
              [
                111.7749252,
                -8.0391292
              ],
              [
                111.7752609,
                -8.0388574
              ],
              [
                111.7753601,
                -8.0387992
              ],
              [
                111.7757568,
                -8.0386314
              ],
              [
                111.7760849,
                -8.0384702
              ],
              [
                111.7763366,
                -8.0382814
              ],
              [
                111.7765274,
                -8.0380458
              ],
              [
                111.7767486,
                -8.0376672
              ],
              [
                111.7769775,
                -8.0377349
              ],
              [
                111.7772979,
                -8.0378503
              ],
              [
                111.7777404,
                -8.0380439
              ],
              [
                111.7780456,
                -8.0381736
              ],
              [
                111.778511,
                -8.0383996
              ],
              [
                111.7789306,
                -8.0385932
              ],
              [
                111.779219,
                -8.0387308
              ],
              [
                111.7792205,
                -8.0387315
              ],
              [
                111.7793503,
                -8.0387973
              ],
              [
                111.7802124,
                -8.0392312
              ],
              [
                111.7803344,
                -8.0393752
              ],
              [
                111.7806167,
                -8.039855
              ],
              [
                111.7809219,
                -8.040554
              ],
              [
                111.7810592,
                -8.0409068
              ],
              [
                111.7810745,
                -8.0409307
              ],
              [
                111.7812729,
                -8.0412187
              ],
              [
                111.7815017,
                -8.0414418
              ],
              [
                111.7815704,
                -8.0414981
              ],
              [
                111.7823105,
                -8.0421113
              ],
              [
                111.7827377,
                -8.0425185
              ],
              [
                111.7828979,
                -8.0427303
              ],
              [
                111.7831421,
                -8.043044
              ],
              [
                111.7832031,
                -8.0431985
              ],
              [
                111.7831955,
                -8.0433731
              ],
              [
                111.7831115,
                -8.0435829
              ],
              [
                111.7829361,
                -8.0440711
              ],
              [
                111.7829208,
                -8.0442972
              ],
              [
                111.7829818,
                -8.0444421
              ],
              [
                111.7831421,
                -8.0446042
              ],
              [
                111.7834625,
                -8.0449056
              ],
              [
                111.7835388,
                -8.0450973
              ],
              [
                111.7836914,
                -8.0455655
              ],
              [
                111.7837677,
                -8.0458049
              ],
              [
                111.783905,
                -8.0459317
              ],
              [
                111.7841263,
                -8.0460643
              ],
              [
                111.7844772,
                -8.0461988
              ],
              [
                111.7847824,
                -8.0463409
              ],
              [
                111.785202,
                -8.0466584
              ],
              [
                111.7854919,
                -8.0468797
              ],
              [
                111.7857589,
                -8.0469989
              ],
              [
                111.7863464,
                -8.0471992
              ],
              [
                111.7865829,
                -8.0473584
              ],
              [
                111.787239,
                -8.0481166
              ],
              [
                111.7872314,
                -8.0483093
              ],
              [
                111.7871093,
                -8.049035
              ],
              [
                111.7870559,
                -8.0493192
              ],
              [
                111.787117,
                -8.0494174
              ],
              [
                111.7872467,
                -8.0495023
              ],
              [
                111.7874832,
                -8.0496616
              ],
              [
                111.7874832,
                -8.0497312
              ],
              [
                111.7874222,
                -8.0500097
              ],
              [
                111.7874908,
                -8.0501403
              ],
              [
                111.7876358,
                -8.0502567
              ],
              [
                111.7879028,
                -8.0504732
              ],
              [
                111.788002,
                -8.0506686
              ],
              [
                111.7880707,
                -8.0509672
              ],
              [
                111.787941,
                -8.0512189
              ],
              [
                111.7879943,
                -8.0513705
              ],
              [
                111.7881241,
                -8.0514964
              ],
              [
                111.788414,
                -8.0516605
              ],
              [
                111.7884979,
                -8.0517635
              ],
              [
                111.7885132,
                -8.0519189
              ],
              [
                111.7885666,
                -8.0520772
              ],
              [
                111.788681,
                -8.0521135
              ],
              [
                111.7888183,
                -8.052081
              ],
              [
                111.7889862,
                -8.0520496
              ],
              [
                111.7891845,
                -8.0521135
              ],
              [
                111.7896728,
                -8.0523662
              ],
              [
                111.7896957,
                -8.0524549
              ],
              [
                111.7896347,
                -8.0525502
              ],
              [
                111.7894134,
                -8.0528879
              ],
              [
                111.7894363,
                -8.0529899
              ],
              [
                111.7895431,
                -8.0531062
              ],
              [
                111.7896881,
                -8.0532951
              ],
              [
                111.7896728,
                -8.0535449
              ],
              [
                111.7896652,
                -8.0537319
              ],
              [
                111.7897568,
                -8.0538158
              ],
              [
                111.7898712,
                -8.0538816
              ],
              [
                111.789917,
                -8.0539731
              ],
              [
                111.7896499,
                -8.0541848
              ],
              [
                111.7895431,
                -8.0542697
              ],
              [
                111.7895279,
                -8.0543384
              ],
              [
                111.7896652,
                -8.0545892
              ],
              [
                111.7898788,
                -8.0547055
              ],
              [
                111.7900467,
                -8.0547857
              ],
              [
                111.7902908,
                -8.0552091
              ],
              [
                111.79039,
                -8.0554704
              ],
              [
                111.7904129,
                -8.0560064
              ],
              [
                111.79039,
                -8.0562915
              ],
              [
                111.7903595,
                -8.0569028
              ],
              [
                111.7906723,
                -8.0569305
              ],
              [
                111.7907486,
                -8.0570087
              ],
              [
                111.7907715,
                -8.0571269
              ],
              [
                111.7907257,
                -8.0573015
              ],
              [
                111.7906875,
                -8.0575017
              ],
              [
                111.7907409,
                -8.0577525
              ],
              [
                111.7908859,
                -8.058031
              ],
              [
                111.7910766,
                -8.0582704
              ],
              [
                111.7914352,
                -8.0587663
              ],
              [
                111.7914581,
                -8.0588912
              ],
              [
                111.7914047,
                -8.0590267
              ],
              [
                111.7913513,
                -8.0592279
              ],
              [
                111.7913742,
                -8.0593576
              ],
              [
                111.7913894,
                -8.05939
              ],
              [
                111.791481,
                -8.0594205
              ],
              [
                111.7918701,
                -8.0594882
              ],
              [
                111.792099,
                -8.0595273
              ],
              [
                111.7922668,
                -8.0596075
              ],
              [
                111.7923965,
                -8.059782
              ],
              [
                111.7924728,
                -8.0600185
              ],
              [
                111.7926559,
                -8.060564
              ],
              [
                111.7928238,
                -8.0607309
              ],
              [
                111.7930374,
                -8.0608148
              ],
              [
                111.7932892,
                -8.0609035
              ],
              [
                111.7934723,
                -8.0609674
              ],
              [
                111.7937393,
                -8.0611696
              ],
              [
                111.7942962,
                -8.0616845
              ],
              [
                111.7945175,
                -8.0617074
              ],
              [
                111.7948837,
                -8.0616512
              ],
              [
                111.7954407,
                -8.0614995
              ],
              [
                111.7959137,
                -8.0612506
              ],
              [
                111.7960968,
                -8.061305
              ],
              [
                111.796402,
                -8.0614671
              ],
              [
                111.7964248,
                -8.0614938
              ],
              [
                111.7964859,
                -8.0616521
              ],
              [
                111.7964554,
                -8.0618362
              ],
              [
                111.7961654,
                -8.0626973
              ],
              [
                111.7960052,
                -8.0631684
              ],
              [
                111.7959442,
                -8.0636253
              ],
              [
                111.7960357,
                -8.0638255
              ],
              [
                111.7962112,
                -8.0639839
              ],
              [
                111.7964859,
                -8.0641422
              ],
              [
                111.797142,
                -8.0644826
              ],
              [
                111.7972946,
                -8.0646781
              ],
              [
                111.7973327,
                -8.0648498
              ],
              [
                111.7973862,
                -8.0653199
              ],
              [
                111.797409,
                -8.0654239
              ],
              [
                111.7974319,
                -8.065546
              ],
              [
                111.7976303,
                -8.0662279
              ],
              [
                111.7977524,
                -8.0666465
              ],
              [
                111.7976379,
                -8.0669679
              ],
              [
                111.7975692,
                -8.0672006
              ],
              [
                111.797615,
                -8.0673217
              ],
              [
                111.7977371,
                -8.0674466
              ],
              [
                111.7979126,
                -8.0675067
              ],
              [
                111.7984848,
                -8.0675802
              ],
              [
                111.7989044,
                -8.0675782
              ],
              [
                111.7993469,
                -8.0676173
              ],
              [
                111.7997513,
                -8.0677518
              ],
              [
                111.7998733,
                -8.0678939
              ],
              [
                111.7999267,
                -8.0680656
              ],
              [
                111.8001632,
                -8.0689916
              ],
              [
                111.8003235,
                -8.0691261
              ],
              [
                111.8006668,
                -8.0693054
              ],
              [
                111.801033,
                -8.0695094
              ],
              [
                111.8017044,
                -8.0700597
              ],
              [
                111.802536,
                -8.0707321
              ],
              [
                111.8030014,
                -8.0710906
              ],
              [
                111.8035736,
                -8.0714702
              ],
              [
                111.8041153,
                -8.0718307
              ],
              [
                111.8042831,
                -8.0719737
              ],
              [
                111.8044968,
                -8.0720252
              ],
              [
                111.804718,
                -8.0721149
              ],
              [
                111.8048553,
                -8.0722532
              ],
              [
                111.8050537,
                -8.0724916
              ],
              [
                111.805275,
                -8.0725621
              ],
              [
                111.8056106,
                -8.072688
              ],
              [
                111.8061523,
                -8.0730457
              ],
              [
                111.8063125,
                -8.0731906
              ],
              [
                111.8065338,
                -8.0733909
              ],
              [
                111.8068695,
                -8.0736741
              ],
              [
                111.8069305,
                -8.0738944
              ],
              [
                111.8070755,
                -8.0744046
              ],
              [
                111.8072281,
                -8.0747232
              ],
              [
                111.8073502,
                -8.0748395
              ],
              [
                111.8075256,
                -8.0748824
              ],
              [
                111.8076553,
                -8.0748243
              ],
              [
                111.8082199,
                -8.0744714
              ],
              [
                111.8083801,
                -8.0745114
              ],
              [
                111.8085403,
                -8.0746383
              ],
              [
                111.8086624,
                -8.074829
              ],
              [
                111.808754,
                -8.0751275
              ],
              [
                111.808937,
                -8.0755214
              ],
              [
                111.8090667,
                -8.0756254
              ],
              [
                111.8092117,
                -8.0756473
              ],
              [
                111.8096008,
                -8.0756931
              ],
              [
                111.8096542,
                -8.0757808
              ],
              [
                111.8096466,
                -8.0759534
              ],
              [
                111.8096084,
                -8.0764942
              ],
              [
                111.8097,
                -8.0765542
              ],
              [
                111.8098602,
                -8.0766763
              ],
              [
                111.8098373,
                -8.076786
              ],
              [
                111.8097152,
                -8.0769586
              ],
              [
                111.8095321,
                -8.0772208
              ],
              [
                111.8095321,
                -8.0773601
              ],
              [
                111.8095779,
                -8.0777797
              ],
              [
                111.809555,
                -8.0780467
              ],
              [
                111.809433,
                -8.0786189
              ],
              [
                111.8095398,
                -8.0787419
              ],
              [
                111.8097152,
                -8.0788354
              ],
              [
                111.8099975,
                -8.078988
              ],
              [
                111.8100891,
                -8.0791349
              ],
              [
                111.8100967,
                -8.0793762
              ],
              [
                111.8101501,
                -8.0795926
              ],
              [
                111.8102875,
                -8.0800456
              ],
              [
                111.8103943,
                -8.0807323
              ],
              [
                111.8103866,
                -8.0810775
              ],
              [
                111.8105087,
                -8.0810956
              ],
              [
                111.8107223,
                -8.0810375
              ],
              [
                111.8108444,
                -8.0810575
              ],
              [
                111.8109131,
                -8.0811385
              ],
              [
                111.8109131,
                -8.0812454
              ],
              [
                111.8108825,
                -8.0818853
              ],
              [
                111.8110504,
                -8.0821037
              ],
              [
                111.811203,
                -8.0823621
              ],
              [
                111.8112411,
                -8.0825462
              ],
              [
                111.8112411,
                -8.0828694
              ],
              [
                111.8112411,
                -8.0828699
              ],
              [
                111.8112411,
                -8.0836171
              ],
              [
                111.8112564,
                -8.0840215
              ],
              [
                111.811409,
                -8.0840787
              ],
              [
                111.8117904,
                -8.0841407
              ],
              [
                111.811821,
                -8.0842504
              ],
              [
                111.8117675,
                -8.0844049
              ],
              [
                111.8115997,
                -8.0847749
              ],
              [
                111.8116302,
                -8.0849237
              ],
              [
                111.8117065,
                -8.0850086
              ],
              [
                111.8119049,
                -8.0852022
              ],
              [
                111.8120193,
                -8.0853357
              ],
              [
                111.8119812,
                -8.0854625
              ],
              [
                111.8119736,
                -8.0856418
              ],
              [
                111.8119866,
                -8.0856598
              ],
              [
                111.8119888,
                -8.0856628
              ],
              [
                111.8120422,
                -8.0857477
              ],
              [
                111.8121948,
                -8.0858259
              ],
              [
                111.8123092,
                -8.0859136
              ],
              [
                111.812294,
                -8.0860223
              ],
              [
                111.8121795,
                -8.0863666
              ],
              [
                111.8122787,
                -8.086482
              ],
              [
                111.812706,
                -8.0869321
              ],
              [
                111.812828,
                -8.0871458
              ],
              [
                111.812864,
                -8.0872231
              ],
              [
                111.8128662,
                -8.0872277
              ],
              [
                111.8129501,
                -8.0874271
              ],
              [
                111.8131561,
                -8.0876454
              ],
              [
                111.8135452,
                -8.0879354
              ],
              [
                111.8137588,
                -8.088149
              ],
              [
                111.8139572,
                -8.0883407
              ],
              [
                111.8141632,
                -8.0885343
              ],
              [
                111.8143844,
                -8.088602
              ],
              [
                111.814888,
                -8.088664
              ],
              [
                111.8150787,
                -8.0886449
              ],
              [
                111.8152694,
                -8.0885562
              ],
              [
                111.8155594,
                -8.088457
              ],
              [
                111.8157882,
                -8.0884675
              ],
              [
                111.8160324,
                -8.0885782
              ],
              [
                111.8164062,
                -8.0888528
              ],
              [
                111.816719,
                -8.0891551
              ],
              [
                111.8168258,
                -8.089261
              ],
              [
                111.8169861,
                -8.0892677
              ],
              [
                111.8171081,
                -8.0892419
              ],
              [
                111.8176422,
                -8.0891265
              ],
              [
                111.8178558,
                -8.0891103
              ],
              [
                111.8180771,
                -8.0892066
              ],
              [
                111.8181915,
                -8.0893325
              ],
              [
                111.8183746,
                -8.0894985
              ],
              [
                111.818573,
                -8.0895595
              ],
              [
                111.819107,
                -8.0896205
              ],
              [
                111.8193664,
                -8.0895881
              ],
              [
                111.8197479,
                -8.0894756
              ],
              [
                111.8200531,
                -8.0893335
              ],
              [
                111.8201904,
                -8.0891904
              ],
              [
                111.8204956,
                -8.0888671
              ],
              [
                111.8209,
                -8.0884418
              ],
              [
                111.82307,
                -8.0889329
              ],
              [
                111.8230743,
                -8.0889339
              ],
              [
                111.8250046,
                -8.0902957
              ],
              [
                111.8260345,
                -8.0905647
              ],
              [
                111.8264618,
                -8.0906104
              ],
              [
                111.8265686,
                -8.0906448
              ],
              [
                111.8271179,
                -8.0909833
              ],
              [
                111.8274841,
                -8.0911407
              ],
              [
                111.8284454,
                -8.0913839
              ],
              [
                111.8299103,
                -8.091711
              ],
              [
                111.8304291,
                -8.0918416
              ],
              [
                111.8304748,
                -8.0918483
              ],
              [
                111.8306732,
                -8.0918922
              ],
              [
                111.8315201,
                -8.0923986
              ],
              [
                111.8319091,
                -8.0925969
              ],
              [
                111.8321304,
                -8.0926351
              ],
              [
                111.8323135,
                -8.0926217
              ],
              [
                111.8321151,
                -8.0933418
              ],
              [
                111.8356552,
                -8.0946865
              ],
              [
                111.8365478,
                -8.0926713
              ],
              [
                111.83712,
                -8.0913638
              ],
              [
                111.8371887,
                -8.0912246
              ],
              [
                111.8372497,
                -8.0912217
              ],
              [
                111.8374786,
                -8.0913009
              ],
              [
                111.8377151,
                -8.0914144
              ],
              [
                111.8377685,
                -8.0914344
              ],
              [
                111.8383331,
                -8.0915975
              ],
              [
                111.8384018,
                -8.0916614
              ],
              [
                111.8386077,
                -8.0918016
              ],
              [
                111.8389434,
                -8.0919379
              ],
              [
                111.8389431,
                -8.0919397
              ],
              [
                111.8388824,
                -8.0922536
              ],
              [
                111.8390121,
                -8.0925006
              ],
              [
                111.8389358,
                -8.0929336
              ],
              [
                111.8389053,
                -8.0931405
              ],
              [
                111.8391113,
                -8.0934972
              ],
              [
                111.8393249,
                -8.0935477
              ],
              [
                111.8397369,
                -8.0936317
              ],
              [
                111.8399658,
                -8.0936927
              ],
              [
                111.8404541,
                -8.0937662
              ],
              [
                111.8407364,
                -8.093851
              ],
              [
                111.8409195,
                -8.0939626
              ],
              [
                111.8409881,
                -8.0940799
              ],
              [
                111.8409805,
                -8.0946855
              ],
              [
                111.8409958,
                -8.0948972
              ],
              [
                111.8410797,
                -8.0950126
              ],
              [
                111.8415298,
                -8.0951747
              ],
              [
                111.8419113,
                -8.0953159
              ],
              [
                111.8421936,
                -8.0953798
              ],
              [
                111.8425064,
                -8.0953969
              ],
              [
                111.84272,
                -8.0954761
              ],
              [
                111.84272,
                -8.09557
              ],
              [
                111.84272,
                -8.0955743
              ],
              [
                111.84272,
                -8.0959157
              ],
              [
                111.842781,
                -8.0959577
              ],
              [
                111.8431244,
                -8.0961084
              ],
              [
                111.8435363,
                -8.0962123
              ],
              [
                111.8438339,
                -8.0963077
              ],
              [
                111.8438797,
                -8.0963907
              ],
              [
                111.8438797,
                -8.0965909
              ],
              [
                111.8437881,
                -8.0968713
              ],
              [
                111.8436056,
                -8.0972117
              ],
              [
                111.843605,
                -8.0972127
              ],
              [
                111.8435669,
                -8.0972766
              ],
              [
                111.8431091,
                -8.0980586
              ],
              [
                111.8432922,
                -8.0981168
              ],
              [
                111.8438721,
                -8.0982789
              ],
              [
                111.8438718,
                -8.0982805
              ],
              [
                111.8431778,
                -8.1018743
              ],
              [
                111.8430404,
                -8.102415
              ],
              [
                111.8429336,
                -8.1027631
              ],
              [
                111.8425979,
                -8.1038541
              ],
              [
                111.8426437,
                -8.1038608
              ],
              [
                111.842926,
                -8.1039333
              ],
              [
                111.8430175,
                -8.1040372
              ],
              [
                111.843132,
                -8.1041841
              ],
              [
                111.8432617,
                -8.1041965
              ],
              [
                111.8434829,
                -8.1042375
              ],
              [
                111.8436126,
                -8.10435
              ],
              [
                111.8437118,
                -8.1044206
              ],
              [
                111.8441238,
                -8.1045884
              ],
              [
                111.8445282,
                -8.1047992
              ],
              [
                111.8448257,
                -8.1049766
              ],
              [
                111.8448562,
                -8.1050796
              ],
              [
                111.8448257,
                -8.1052036
              ],
              [
                111.8448104,
                -8.1054753
              ],
              [
                111.8449478,
                -8.1055107
              ],
              [
                111.8452606,
                -8.1056003
              ],
              [
                111.8454361,
                -8.1056508
              ],
              [
                111.8460464,
                -8.1060905
              ],
              [
                111.8467636,
                -8.1063871
              ],
              [
                111.8469314,
                -8.1064176
              ],
              [
                111.8466415,
                -8.1084518
              ],
              [
                111.8464431,
                -8.1106366
              ],
              [
                111.8464268,
                -8.1106377
              ],
              [
                111.8458023,
                -8.1106776
              ],
              [
                111.845375,
                -8.110609
              ],
              [
                111.8450546,
                -8.1104602
              ],
              [
                111.8443908,
                -8.1100673
              ],
              [
                111.8440551,
                -8.1099958
              ],
              [
                111.8440475,
                -8.1101369
              ],
              [
                111.8440473,
                -8.1101409
              ],
              [
                111.8439407,
                -8.1116828
              ],
              [
                111.8435745,
                -8.1116466
              ],
              [
                111.8433837,
                -8.1116647
              ],
              [
                111.8427963,
                -8.1118068
              ],
              [
                111.8426208,
                -8.1118097
              ],
              [
                111.8425522,
                -8.1117935
              ],
              [
                111.8423767,
                -8.1117486
              ],
              [
                111.8423614,
                -8.1117896
              ],
              [
                111.8421631,
                -8.112584
              ],
              [
                111.8418502,
                -8.1138162
              ],
              [
                111.8411484,
                -8.1166419
              ],
              [
                111.8412246,
                -8.1168336
              ],
              [
                111.8412398,
                -8.11706
              ],
              [
                111.8412399,
                -8.1170615
              ],
              [
                111.8412399,
                -8.1171083
              ],
              [
                111.8412399,
                -8.1173581
              ],
              [
                111.8412399,
                -8.1174335
              ],
              [
                111.8412017,
                -8.1176233
              ],
              [
                111.8411407,
                -8.1179456
              ],
              [
                111.8409729,
                -8.1189908
              ],
              [
                111.8408737,
                -8.119091
              ],
              [
                111.8407364,
                -8.1192369
              ],
              [
                111.8406677,
                -8.11944
              ],
              [
                111.8407037,
                -8.1195464
              ],
              [
                111.8407058,
                -8.1195525
              ],
              [
                111.8383636,
                -8.1228284
              ],
              [
                111.8361587,
                -8.1249999
              ],
              [
                111.8342361,
                -8.1267499
              ],
              [
                111.834081,
                -8.1268995
              ],
              [
                111.8340759,
                -8.1269044
              ],
              [
                111.8333664,
                -8.127571
              ],
              [
                111.8324279,
                -8.1284398
              ],
              [
                111.83078,
                -8.1293792
              ],
              [
                111.829277,
                -8.130103
              ],
              [
                111.8290801,
                -8.1301826
              ],
              [
                111.8290786,
                -8.1301831
              ],
              [
                111.8267822,
                -8.1310758
              ],
              [
                111.8251953,
                -8.1318435
              ],
              [
                111.8251724,
                -8.1318044
              ],
              [
                111.8248138,
                -8.1319236
              ],
              [
                111.8245544,
                -8.1320819
              ],
              [
                111.8244476,
                -8.1322345
              ],
              [
                111.8243484,
                -8.1324844
              ],
              [
                111.8241882,
                -8.1332397
              ],
              [
                111.8241348,
                -8.1334142
              ],
              [
                111.8240127,
                -8.1335038
              ],
              [
                111.8239059,
                -8.1336412
              ],
              [
                111.8237228,
                -8.1337642
              ],
              [
                111.8219146,
                -8.1335573
              ],
              [
                111.8211975,
                -8.1333579
              ],
              [
                111.8199615,
                -8.1329078
              ],
              [
                111.8194656,
                -8.1327628
              ],
              [
                111.8193817,
                -8.1327237
              ],
              [
                111.8192367,
                -8.1345004
              ],
              [
                111.81923,
                -8.1344994
              ],
              [
                111.8179245,
                -8.1343049
              ],
              [
                111.8165054,
                -8.1338367
              ],
              [
                111.8164901,
                -8.1338987
              ],
              [
                111.8164899,
                -8.1339
              ],
              [
                111.8164749,
                -8.1339778
              ],
              [
                111.8162384,
                -8.1351232
              ],
              [
                111.8145675,
                -8.1346454
              ],
              [
                111.8143692,
                -8.1346483
              ],
              [
                111.8140869,
                -8.1348485
              ],
              [
                111.8134384,
                -8.1368808
              ],
              [
                111.8112411,
                -8.1360396
              ],
              [
                111.8099975,
                -8.1352949
              ],
              [
                111.8093033,
                -8.1351327
              ],
              [
                111.808197,
                -8.1351775
              ],
              [
                111.8068237,
                -8.1353654
              ],
              [
                111.8065796,
                -8.1364927
              ],
              [
                111.8065795,
                -8.1364927
              ],
              [
                111.8041839,
                -8.136054
              ],
              [
                111.80174,
                -8.135738
              ],
              [
                111.8017349,
                -8.1357374
              ],
              [
                111.8017401,
                -8.1357624
              ],
              [
                111.8020858,
                -8.137412
              ],
              [
                111.7978897,
                -8.1376104
              ],
              [
                111.794815,
                -8.1376418
              ],
              [
                111.7927406,
                -8.1375274
              ],
              [
                111.7927398,
                -8.1375274
              ],
              [
                111.7912445,
                -8.1374292
              ],
              [
                111.7905044,
                -8.1378841
              ],
              [
                111.78862,
                -8.1372689
              ],
              [
                111.7882843,
                -8.1372022
              ],
              [
                111.7881317,
                -8.1371097
              ],
              [
                111.7877578,
                -8.1378326
              ],
              [
                111.7877121,
                -8.1379251
              ],
              [
                111.7874527,
                -8.1379966
              ],
              [
                111.7867126,
                -8.137928
              ],
              [
                111.7864685,
                -8.1379155
              ],
              [
                111.7863006,
                -8.1380452
              ],
              [
                111.7862167,
                -8.1381892
              ],
              [
                111.7861328,
                -8.1382999
              ],
              [
                111.7859192,
                -8.138339
              ],
              [
                111.7846603,
                -8.1381521
              ],
              [
                111.7842788,
                -8.1381082
              ],
              [
                111.7838897,
                -8.1380452
              ],
              [
                111.7833938,
                -8.1378163
              ],
              [
                111.7829895,
                -8.1376781
              ],
              [
                111.7822418,
                -8.1374406
              ],
              [
                111.7820358,
                -8.1373777
              ],
              [
                111.7816391,
                -8.1373834
              ],
              [
                111.7812957,
                -8.1380329
              ],
              [
                111.7808227,
                -8.1380758
              ],
              [
                111.7797622,
                -8.1381931
              ],
              [
                111.7795715,
                -8.138214
              ],
              [
                111.7790069,
                -8.1382779
              ],
              [
                111.7776107,
                -8.1383619
              ],
              [
                111.7776101,
                -8.1383619
              ],
              [
                111.7772369,
                -8.1383838
              ],
              [
                111.7767715,
                -8.1384115
              ],
              [
                111.7761688,
                -8.1384572
              ],
              [
                111.7761612,
                -8.1381006
              ],
              [
                111.7745601,
                -8.1380796
              ],
              [
                111.774559,
                -8.1380796
              ],
              [
                111.7710418,
                -8.1380319
              ],
              [
                111.7710189,
                -8.1387824
              ],
              [
                111.7709808,
                -8.1394042
              ],
              [
                111.7710266,
                -8.1394576
              ],
              [
                111.7695312,
                -8.1395539
              ],
              [
                111.7695299,
                -8.139554
              ],
              [
                111.7687149,
                -8.1396074
              ],
              [
                111.766777,
                -8.139779
              ],
              [
                111.7655334,
                -8.1399784
              ],
              [
                111.764328,
                -8.1402234
              ],
              [
                111.7628784,
                -8.1405258
              ],
              [
                111.7617187,
                -8.1408452
              ],
              [
                111.760765,
                -8.1412458
              ],
              [
                111.7583999,
                -8.1431579
              ],
              [
                111.7583996,
                -8.1431582
              ],
              [
                111.7583008,
                -8.143238
              ],
              [
                111.7563629,
                -8.1447582
              ],
              [
                111.7552414,
                -8.1456546
              ],
              [
                111.754486,
                -8.1461543
              ],
              [
                111.754074,
                -8.146429
              ],
              [
                111.7535629,
                -8.1466989
              ],
              [
                111.7531738,
                -8.1467599
              ],
              [
                111.7529526,
                -8.1466627
              ],
              [
                111.752243,
                -8.1463594
              ],
              [
                111.7516937,
                -8.1463308
              ],
              [
                111.75,
                -8.145997
              ],
              [
                111.7492523,
                -8.145502
              ],
              [
                111.7479324,
                -8.144083
              ],
              [
                111.7469787,
                -8.1415471
              ],
              [
                111.746933,
                -8.1407871
              ],
              [
                111.7467956,
                -8.1402845
              ],
              [
                111.7467041,
                -8.1401252
              ],
              [
                111.7465439,
                -8.139758
              ],
              [
                111.7464599,
                -8.1395749
              ],
              [
                111.7462845,
                -8.1392316
              ],
              [
                111.7460785,
                -8.139019
              ],
              [
                111.7460403,
                -8.139018
              ],
              [
                111.7458877,
                -8.1389818
              ],
              [
                111.7447891,
                -8.1386632
              ],
              [
                111.7445831,
                -8.1387443
              ],
              [
                111.7445526,
                -8.1387443
              ],
              [
                111.7441711,
                -8.1387967
              ],
              [
                111.7439804,
                -8.1387901
              ],
              [
                111.7438659,
                -8.1387681
              ],
              [
                111.7436804,
                -8.138731
              ],
              [
                111.7436752,
                -8.13873
              ],
              [
                111.7434692,
                -8.1387557
              ],
              [
                111.743309,
                -8.1387796
              ],
              [
                111.7432174,
                -8.1387557
              ],
              [
                111.7431793,
                -8.1387109
              ],
              [
                111.7431182,
                -8.1386384
              ],
              [
                111.7430038,
                -8.1385726
              ],
              [
                111.7426681,
                -8.1386317
              ],
              [
                111.7424164,
                -8.1386766
              ],
              [
                111.7423553,
                -8.138689
              ],
              [
                111.7421493,
                -8.1387529
              ],
              [
                111.7419738,
                -8.1388988
              ],
              [
                111.7418594,
                -8.1390628
              ],
              [
                111.7417755,
                -8.139245
              ],
              [
                111.7416763,
                -8.1393928
              ],
              [
                111.7414398,
                -8.1395492
              ],
              [
                111.7412338,
                -8.1396083
              ],
              [
                111.7410049,
                -8.1395921
              ],
              [
                111.7409362,
                -8.139574
              ],
              [
                111.7408142,
                -8.1395463
              ],
              [
                111.7407455,
                -8.1395845
              ],
              [
                111.740242,
                -8.1398496
              ],
              [
                111.7402115,
                -8.1398687
              ],
              [
                111.7401886,
                -8.1398858
              ],
              [
                111.7401276,
                -8.1399268
              ],
              [
                111.7397918,
                -8.1400728
              ],
              [
                111.7396088,
                -8.1402234
              ],
              [
                111.7390976,
                -8.14052
              ],
              [
                111.7387695,
                -8.1408214
              ],
              [
                111.7384567,
                -8.1411504
              ],
              [
                111.7384109,
                -8.1411885
              ],
              [
                111.7383041,
                -8.1412286
              ],
              [
                111.7378158,
                -8.1414317
              ],
              [
                111.7374649,
                -8.1415376
              ],
              [
                111.7371914,
                -8.141662
              ],
              [
                111.7371902,
                -8.1416625
              ],
              [
                111.7370452,
                -8.1417884
              ],
              [
                111.7366943,
                -8.1422452
              ],
              [
                111.7364654,
                -8.1424293
              ],
              [
                111.7363357,
                -8.1425513
              ],
              [
                111.7362289,
                -8.1426982
              ],
              [
                111.7361984,
                -8.1427278
              ],
              [
                111.7361374,
                -8.1427497
              ],
              [
                111.735794,
                -8.1426324
              ],
              [
                111.7353058,
                -8.1424608
              ],
              [
                111.7352829,
                -8.1424531
              ],
              [
                111.7347183,
                -8.1424264
              ],
              [
                111.7345199,
                -8.1424589
              ],
              [
                111.7343368,
                -8.1424398
              ],
              [
                111.7340622,
                -8.1423692
              ],
              [
                111.7340317,
                -8.1423616
              ],
              [
                111.7337112,
                -8.1422462
              ],
              [
                111.733612,
                -8.1422071
              ],
              [
                111.7333984,
                -8.1424875
              ],
              [
                111.7333145,
                -8.1426372
              ],
              [
                111.7331543,
                -8.1431894
              ],
              [
                111.7330627,
                -8.143526
              ],
              [
                111.7331161,
                -8.143876
              ],
              [
                111.7331466,
                -8.1441135
              ],
              [
                111.7331314,
                -8.1444616
              ],
              [
                111.7331009,
                -8.1447572
              ],
              [
                111.733078,
                -8.1449928
              ],
              [
                111.7330322,
                -8.1450891
              ],
              [
                111.7328109,
                -8.1451873
              ],
              [
                111.7325821,
                -8.1452732
              ],
              [
                111.7324218,
                -8.1453904
              ],
              [
                111.7322082,
                -8.1457023
              ],
              [
                111.7319107,
                -8.1459693
              ],
              [
                111.7317886,
                -8.1460895
              ],
              [
                111.7317352,
                -8.1462316
              ],
              [
                111.7316971,
                -8.1464166
              ],
              [
                111.7316207,
                -8.1465244
              ],
              [
                111.7313614,
                -8.1464681
              ],
              [
                111.7313003,
                -8.1467714
              ],
              [
                111.7312698,
                -8.1469554
              ],
              [
                111.7312685,
                -8.1469563
              ],
              [
                111.731102,
                -8.1470641
              ],
              [
                111.7310028,
                -8.1473073
              ],
              [
                111.7309112,
                -8.1474685
              ],
              [
                111.7308273,
                -8.1476154
              ],
              [
                111.7306442,
                -8.1481075
              ],
              [
                111.7305755,
                -8.1483211
              ],
              [
                111.7305298,
                -8.1486902
              ],
              [
                111.7304764,
                -8.1488399
              ],
              [
                111.7301407,
                -8.1490068
              ],
              [
                111.7299576,
                -8.149043
              ],
              [
                111.729866,
                -8.1490726
              ],
              [
                111.7297973,
                -8.1492156
              ],
              [
                111.7297744,
                -8.1493196
              ],
              [
                111.7298355,
                -8.1497897
              ],
              [
                111.7298431,
                -8.1500205
              ],
              [
                111.7296371,
                -8.1504068
              ],
              [
                111.729635,
                -8.1504097
              ],
              [
                111.7291031,
                -8.151163
              ],
              [
                111.7288894,
                -8.1517638
              ],
              [
                111.7288666,
                -8.1518859
              ],
              [
                111.7289657,
                -8.1520719
              ],
              [
                111.729042,
                -8.1521959
              ],
              [
                111.7289505,
                -8.152462
              ],
              [
                111.7288818,
                -8.152728
              ],
              [
                111.7288208,
                -8.1530217
              ],
              [
                111.7286453,
                -8.1532706
              ],
              [
                111.7285232,
                -8.1534223
              ],
              [
                111.7282409,
                -8.1534738
              ],
              [
                111.7279281,
                -8.1535396
              ],
              [
                111.727829,
                -8.1535615
              ],
              [
                111.727478,
                -8.1536693
              ],
              [
                111.7271652,
                -8.1537647
              ],
              [
                111.7267151,
                -8.1538896
              ],
              [
                111.7263794,
                -8.1540365
              ],
              [
                111.7262039,
                -8.1541871
              ],
              [
                111.7260055,
                -8.1544551
              ],
              [
                111.7255173,
                -8.1550597
              ],
              [
                111.7251892,
                -8.1554193
              ],
              [
                111.7251587,
                -8.155446
              ],
              [
                111.7248611,
                -8.1558427
              ],
              [
                111.7247696,
                -8.1559743
              ],
              [
                111.724411,
                -8.1569661
              ],
              [
                111.7242813,
                -8.1572818
              ],
              [
                111.7240066,
                -8.1576394
              ],
              [
                111.7238006,
                -8.1578206
              ],
              [
                111.7232361,
                -8.1579913
              ],
              [
                111.7229538,
                -8.1581106
              ],
              [
                111.722702,
                -8.1582841
              ],
              [
                111.7225647,
                -8.1584501
              ],
              [
                111.722351,
                -8.1586971
              ],
              [
                111.7221756,
                -8.158986
              ],
              [
                111.7220688,
                -8.1592492
              ],
              [
                111.7219696,
                -8.1599264
              ],
              [
                111.7219391,
                -8.160346
              ],
              [
                111.7218399,
                -8.1606921
              ],
              [
                111.7216415,
                -8.161147
              ],
              [
                111.7215957,
                -8.1612186
              ],
              [
                111.7214203,
                -8.1613464
              ],
              [
                111.7214584,
                -8.161477
              ],
              [
                111.7215576,
                -8.1617231
              ],
              [
                111.7215576,
                -8.1618328
              ],
              [
                111.7214966,
                -8.1625985
              ],
              [
                111.7214813,
                -8.1626243
              ],
              [
                111.7213287,
                -8.1630954
              ],
              [
                111.7212677,
                -8.163701
              ],
              [
                111.7212601,
                -8.1639013
              ],
              [
                111.7212372,
                -8.1644954
              ],
              [
                111.7211456,
                -8.1646976
              ],
              [
                111.7207718,
                -8.1652231
              ],
              [
                111.7206573,
                -8.1653785
              ],
              [
                111.7205734,
                -8.165492
              ],
              [
                111.7198486,
                -8.1666898
              ],
              [
                111.7196808,
                -8.1673021
              ],
              [
                111.7196579,
                -8.1675996
              ],
              [
                111.7196045,
                -8.1678695
              ],
              [
                111.7195434,
                -8.1679677
              ],
              [
                111.7193603,
                -8.1680517
              ],
              [
                111.7191467,
                -8.1680584
              ],
              [
                111.7184296,
                -8.1680955
              ],
              [
                111.7181701,
                -8.1681747
              ],
              [
                111.7184524,
                -8.1687059
              ],
              [
                111.7184906,
                -8.1688794
              ],
              [
                111.7185287,
                -8.1691875
              ],
              [
                111.7185364,
                -8.1692705
              ],
              [
                111.7185593,
                -8.1695899
              ],
              [
                111.7185516,
                -8.1696853
              ],
              [
                111.7185004,
                -8.1699653
              ],
              [
                111.7184982,
                -8.1699771
              ],
              [
                111.7184829,
                -8.1700668
              ],
              [
                111.7184753,
                -8.1700925
              ],
              [
                111.7183685,
                -8.1704807
              ],
              [
                111.7183304,
                -8.1705837
              ],
              [
                111.7182006,
                -8.1709575
              ],
              [
                111.7180709,
                -8.1713361
              ],
              [
                111.7179565,
                -8.1716842
              ],
              [
                111.7179108,
                -8.1719341
              ],
              [
                111.7177811,
                -8.1722917
              ],
              [
                111.7173538,
                -8.1731815
              ],
              [
                111.7172165,
                -8.1736001
              ],
              [
                111.7172012,
                -8.173912
              ],
              [
                111.7171783,
                -8.1743268
              ],
              [
                111.7170639,
                -8.1746377
              ],
              [
                111.7168121,
                -8.1750058
              ],
              [
                111.7165146,
                -8.175292
              ],
              [
                111.7161941,
                -8.1754779
              ],
              [
                111.7158203,
                -8.1756734
              ],
              [
                111.7153778,
                -8.1759023
              ],
              [
                111.7150574,
                -8.1760778
              ],
              [
                111.7150192,
                -8.1761093
              ],
              [
                111.7145309,
                -8.1764764
              ],
              [
                111.7143783,
                -8.1766099
              ],
              [
                111.714241,
                -8.1767396
              ],
              [
                111.7138519,
                -8.1770791
              ],
              [
                111.7134781,
                -8.1772842
              ],
              [
                111.7131576,
                -8.1774949
              ],
              [
                111.7126693,
                -8.1778564
              ],
              [
                111.7124557,
                -8.1779928
              ],
              [
                111.7123337,
                -8.1781081
              ],
              [
                111.7119217,
                -8.1784677
              ],
              [
                111.7116318,
                -8.1787538
              ],
              [
                111.7116089,
                -8.1787862
              ],
              [
                111.7114486,
                -8.1790819
              ],
              [
                111.7116699,
                -8.179346
              ],
              [
                111.71212,
                -8.1801242
              ],
              [
                111.7123642,
                -8.1804208
              ],
              [
                111.7126007,
                -8.1806087
              ],
              [
                111.7131576,
                -8.180911
              ],
              [
                111.7134475,
                -8.1811179
              ],
              [
                111.713623,
                -8.1813087
              ],
              [
                111.7138214,
                -8.1816129
              ],
              [
                111.714035,
                -8.1820611
              ],
              [
                111.7140731,
                -8.1822433
              ],
              [
                111.7141266,
                -8.1824722
              ],
              [
                111.7141571,
                -8.1828718
              ],
              [
                111.7142792,
                -8.1830348
              ],
              [
                111.7144775,
                -8.1831684
              ],
              [
                111.7147064,
                -8.1832732
              ],
              [
                111.7148666,
                -8.1833457
              ],
              [
                111.7150268,
                -8.1837148
              ],
              [
                111.7150345,
                -8.1837815
              ],
              [
                111.7153168,
                -8.1840114
              ],
              [
                111.7155914,
                -8.1842308
              ],
              [
                111.7160721,
                -8.1845416
              ],
              [
                111.7162399,
                -8.1847028
              ],
              [
                111.7164535,
                -8.1849803
              ],
              [
                111.7166748,
                -8.1852741
              ],
              [
                111.7168731,
                -8.1854591
              ],
              [
                111.7170715,
                -8.1856069
              ],
              [
                111.7171173,
                -8.1856412
              ],
              [
                111.7172623,
                -8.1857433
              ],
              [
                111.7174072,
                -8.18579
              ],
              [
                111.7177048,
                -8.1858606
              ],
              [
                111.7179336,
                -8.1860103
              ],
              [
                111.7180862,
                -8.1861858
              ],
              [
                111.7184677,
                -8.1866645
              ],
              [
                111.7185135,
                -8.1866998
              ],
              [
                111.7187271,
                -8.1868266
              ],
              [
                111.7188415,
                -8.1868686
              ],
              [
                111.7190094,
                -8.186983
              ],
              [
                111.7192611,
                -8.1871843
              ],
              [
                111.7190018,
                -8.1883983
              ],
              [
                111.7189865,
                -8.1885147
              ],
              [
                111.7189102,
                -8.1886539
              ],
              [
                111.7187576,
                -8.1887769
              ],
              [
                111.7185135,
                -8.1889047
              ],
              [
                111.7180557,
                -8.1890382
              ],
              [
                111.7177658,
                -8.1891345
              ],
              [
                111.7172623,
                -8.1893062
              ],
              [
                111.7170486,
                -8.1894445
              ],
              [
                111.7169266,
                -8.1895103
              ],
              [
                111.7168655,
                -8.1895436
              ],
              [
                111.7167587,
                -8.1896161
              ],
              [
                111.7166595,
                -8.1897077
              ],
              [
                111.7164764,
                -8.1898679
              ],
              [
                111.7165527,
                -8.1902713
              ],
              [
                111.7166595,
                -8.1905288
              ],
              [
                111.7167663,
                -8.1908502
              ],
              [
                111.7168655,
                -8.1911191
              ],
              [
                111.7169723,
                -8.1911906
              ],
              [
                111.7171249,
                -8.1911811
              ],
              [
                111.7172317,
                -8.1911792
              ],
              [
                111.7172546,
                -8.1911868
              ],
              [
                111.717392,
                -8.1912803
              ],
              [
                111.7177582,
                -8.1916103
              ],
              [
                111.7181015,
                -8.1918811
              ],
              [
                111.718338,
                -8.1919488
              ],
              [
                111.7184829,
                -8.1919517
              ],
              [
                111.7186279,
                -8.1918725
              ],
              [
                111.7188491,
                -8.19178
              ],
              [
                111.7189941,
                -8.1917972
              ],
              [
                111.7191238,
                -8.1918754
              ],
              [
                111.7192459,
                -8.1920575
              ],
              [
                111.7193756,
                -8.1922101
              ],
              [
                111.7195511,
                -8.1922845
              ],
              [
                111.7204819,
                -8.1925401
              ],
              [
                111.7208252,
                -8.1925601
              ],
              [
                111.7210388,
                -8.1926135
              ],
              [
                111.7211151,
                -8.1926469
              ],
              [
                111.7213974,
                -8.1927442
              ],
              [
                111.7216644,
                -8.1927833
              ],
              [
                111.7221069,
                -8.1929616
              ],
              [
                111.7222061,
                -8.1930189
              ],
              [
                111.7227478,
                -8.1933946
              ],
              [
                111.7228317,
                -8.1934623
              ],
              [
                111.7230835,
                -8.194663
              ],
              [
                111.723381,
                -8.1960286
              ],
              [
                111.7235336,
                -8.1973647
              ],
              [
                111.7235412,
                -8.1974944
              ],
              [
                111.7234497,
                -8.1977338
              ],
              [
                111.7231979,
                -8.1980991
              ],
              [
                111.7228088,
                -8.1980228
              ],
              [
                111.7226791,
                -8.1984329
              ],
              [
                111.7221908,
                -8.1982774
              ],
              [
                111.7219925,
                -8.1981954
              ],
              [
                111.7216186,
                -8.198039
              ],
              [
                111.7212601,
                -8.1979188
              ],
              [
                111.7212219,
                -8.1980199
              ],
              [
                111.7210617,
                -8.1985826
              ],
              [
                111.7210083,
                -8.1989297
              ],
              [
                111.7209472,
                -8.1991748
              ],
              [
                111.7209396,
                -8.1992749
              ],
              [
                111.7209854,
                -8.1996516
              ],
              [
                111.7210006,
                -8.1996927
              ],
              [
                111.7210006,
                -8.1997261
              ],
              [
                111.7210388,
                -8.1997518
              ],
              [
                111.7211761,
                -8.1997575
              ],
              [
                111.7214737,
                -8.1997976
              ],
              [
                111.7216873,
                -8.1998968
              ],
              [
                111.722084,
                -8.2000818
              ],
              [
                111.7224579,
                -8.200077
              ],
              [
                111.7232895,
                -8.1999711
              ],
              [
                111.7235565,
                -8.1998576
              ],
              [
                111.723732,
                -8.1998405
              ],
              [
                111.723999,
                -8.1998968
              ],
              [
                111.7244339,
                -8.1999959
              ],
              [
                111.7248993,
                -8.1999587
              ],
              [
                111.7254638,
                -8.1998949
              ],
              [
                111.7261276,
                -8.1997775
              ],
              [
                111.7264251,
                -8.1998014
              ],
              [
                111.7267303,
                -8.1998433
              ],
              [
                111.7268066,
                -8.1998557
              ],
              [
                111.7270889,
                -8.1999263
              ],
              [
                111.7272186,
                -8.1999778
              ],
              [
                111.7275161,
                -8.2000961
              ],
              [
                111.7278824,
                -8.200243
              ],
              [
                111.7279205,
                -8.2002506
              ],
              [
                111.7279739,
                -8.200262
              ],
              [
                111.7282943,
                -8.2003631
              ],
              [
                111.7284775,
                -8.2005014
              ],
              [
                111.7285766,
                -8.2006664
              ],
              [
                111.7286453,
                -8.2009496
              ],
              [
                111.7287216,
                -8.2011508
              ],
              [
                111.728775,
                -8.2012777
              ],
              [
                111.7289352,
                -8.2015781
              ],
              [
                111.7289047,
                -8.2018184
              ],
              [
                111.7287521,
                -8.2023315
              ],
              [
                111.7286911,
                -8.202567
              ],
              [
                111.7285843,
                -8.2028446
              ],
              [
                111.7282867,
                -8.2032298
              ],
              [
                111.7280502,
                -8.2034444
              ],
              [
                111.7277679,
                -8.2035731
              ],
              [
                111.7274933,
                -8.2037019
              ],
              [
                111.7271881,
                -8.2037877
              ],
              [
                111.7269363,
                -8.2040452
              ],
              [
                111.7268066,
                -8.2042798
              ],
              [
                111.7268066,
                -8.2043876
              ],
              [
                111.7268066,
                -8.2045583
              ],
              [
                111.7269134,
                -8.2046651
              ],
              [
                111.727066,
                -8.2047929
              ],
              [
                111.7274246,
                -8.2049846
              ],
              [
                111.727539,
                -8.2050914
              ],
              [
                111.7276458,
                -8.2052402
              ],
              [
                111.727684,
                -8.2055396
              ],
              [
                111.7277298,
                -8.2059249
              ],
              [
                111.7280121,
                -8.2061376
              ],
              [
                111.7283096,
                -8.2066287
              ],
              [
                111.7285309,
                -8.207077
              ],
              [
                111.7286682,
                -8.2073707
              ],
              [
                111.7286684,
                -8.2073712
              ],
              [
                111.7286987,
                -8.2074403
              ],
              [
                111.7287445,
                -8.2077397
              ],
              [
                111.7288513,
                -8.2078895
              ],
              [
                111.729042,
                -8.2080383
              ],
              [
                111.7294083,
                -8.2081661
              ],
              [
                111.7296219,
                -8.2082939
              ],
              [
                111.7299499,
                -8.2085494
              ],
              [
                111.730484,
                -8.2086133
              ],
              [
                111.7313003,
                -8.2085475
              ],
              [
                111.7318344,
                -8.2083539
              ],
              [
                111.7320099,
                -8.2083539
              ],
              [
                111.7322464,
                -8.2084169
              ],
              [
                111.7322692,
                -8.2086734
              ],
              [
                111.7323303,
                -8.208909
              ],
              [
                111.7324371,
                -8.2095498
              ],
              [
                111.7331314,
                -8.2099971
              ],
              [
                111.7336959,
                -8.2105254
              ],
              [
                111.7335891,
                -8.2111539
              ],
              [
                111.7335891,
                -8.2113456
              ],
              [
                111.7338401,
                -8.21182
              ],
              [
                111.7338409,
                -8.2118215
              ],
              [
                111.7339554,
                -8.2120351
              ],
              [
                111.7340546,
                -8.2122678
              ],
              [
                111.7342147,
                -8.2130975
              ],
              [
                111.734375,
                -8.2139673
              ],
              [
                111.7344436,
                -8.2148771
              ],
              [
                111.7344208,
                -8.2151203
              ],
              [
                111.7342834,
                -8.2154426
              ],
              [
                111.7340393,
                -8.2157344
              ],
              [
                111.733757,
                -8.2159547
              ],
              [
                111.7335434,
                -8.2161197
              ],
              [
                111.7334289,
                -8.2162857
              ],
              [
                111.7333526,
                -8.2166185
              ],
              [
                111.7333526,
                -8.2168073
              ],
              [
                111.7335358,
                -8.2172555
              ],
              [
                111.7336273,
                -8.2174634
              ],
              [
                111.7336426,
                -8.2176141
              ],
              [
                111.7334976,
                -8.2179422
              ],
              [
                111.7332992,
                -8.2183685
              ],
              [
                111.7332535,
                -8.2185811
              ],
              [
                111.733284,
                -8.21881
              ],
              [
                111.7332992,
                -8.2189388
              ],
              [
                111.7332153,
                -8.2191037
              ],
              [
                111.733078,
                -8.2192287
              ],
              [
                111.7328491,
                -8.2193288
              ],
              [
                111.732315,
                -8.2193689
              ],
              [
                111.7320938,
                -8.2193698
              ],
              [
                111.7319412,
                -8.2194147
              ],
              [
                111.7319107,
                -8.2194442
              ],
              [
                111.7319641,
                -8.2197599
              ],
              [
                111.7320175,
                -8.2200603
              ],
              [
                111.7320785,
                -8.2205133
              ],
              [
                111.7322235,
                -8.22091
              ],
              [
                111.732315,
                -8.2211246
              ],
              [
                111.7323074,
                -8.2213039
              ],
              [
                111.7323074,
                -8.2217235
              ],
              [
                111.732048,
                -8.2230787
              ],
              [
                111.7319794,
                -8.2234125
              ],
              [
                111.731987,
                -8.2235641
              ],
              [
                111.7322921,
                -8.2238674
              ],
              [
                111.7324295,
                -8.2239961
              ],
              [
                111.7324981,
                -8.2241496
              ],
              [
                111.7324447,
                -8.2244252
              ],
              [
                111.7323303,
                -8.22474
              ],
              [
                111.732315,
                -8.2249345
              ],
              [
                111.7323684,
                -8.2251367
              ],
              [
                111.7327728,
                -8.2257556
              ],
              [
                111.7330017,
                -8.2261676
              ],
              [
                111.733078,
                -8.2264194
              ],
              [
                111.733078,
                -8.2265901
              ],
              [
                111.7330169,
                -8.2267484
              ],
              [
                111.7328491,
                -8.2269782
              ],
              [
                111.7328033,
                -8.2271194
              ],
              [
                111.7328491,
                -8.2273206
              ],
              [
                111.7329025,
                -8.2274799
              ],
              [
                111.7328796,
                -8.2276744
              ],
              [
                111.7327804,
                -8.2278413
              ],
              [
                111.7325287,
                -8.2280893
              ],
              [
                111.7323303,
                -8.2282676
              ],
              [
                111.7321548,
                -8.2284994
              ],
              [
                111.7320862,
                -8.2286672
              ],
              [
                111.7321243,
                -8.2289934
              ],
              [
                111.7322311,
                -8.2293033
              ],
              [
                111.7323532,
                -8.2295722
              ],
              [
                111.7323684,
                -8.2297105
              ],
              [
                111.7323379,
                -8.2297954
              ],
              [
                111.7321472,
                -8.2298908
              ],
              [
                111.7318115,
                -8.2299384
              ],
              [
                111.7319336,
                -8.2301196
              ],
              [
                111.7320023,
                -8.2306413
              ],
              [
                111.7320404,
                -8.2309798
              ],
              [
                111.7319641,
                -8.2314081
              ],
              [
                111.7319488,
                -8.2316083
              ],
              [
                111.732048,
                -8.2318725
              ],
              [
                111.7321167,
                -8.2320012
              ],
              [
                111.7323456,
                -8.2326593
              ],
              [
                111.7324066,
                -8.23281
              ],
              [
                111.7324524,
                -8.2328958
              ],
              [
                111.7326202,
                -8.2331676
              ],
              [
                111.7328415,
                -8.2334966
              ],
              [
                111.7330246,
                -8.2337551
              ],
              [
                111.7330856,
                -8.2339048
              ],
              [
                111.7330932,
                -8.2339401
              ],
              [
                111.7330627,
                -8.2340774
              ],
              [
                111.7329559,
                -8.2342986
              ],
              [
                111.7327499,
                -8.2345533
              ],
              [
                111.7326584,
                -8.2346744
              ],
              [
                111.7325973,
                -8.2347507
              ],
              [
                111.7324905,
                -8.2348956
              ],
              [
                111.7323608,
                -8.235073
              ],
              [
                111.7322998,
                -8.23532
              ],
              [
                111.7322998,
                -8.2354621
              ],
              [
                111.7323074,
                -8.2357358
              ],
              [
                111.7323379,
                -8.2359714
              ],
              [
                111.7323532,
                -8.2360877
              ],
              [
                111.7323608,
                -8.2362651
              ],
              [
                111.7323532,
                -8.2362994
              ],
              [
                111.7322998,
                -8.2364034
              ],
              [
                111.7322921,
                -8.2364873
              ],
              [
                111.7321472,
                -8.2368383
              ],
              [
                111.7319336,
                -8.2373504
              ],
              [
                111.7318878,
                -8.2374992
              ],
              [
                111.731781,
                -8.2380113
              ],
              [
                111.7316971,
                -8.2385663
              ],
              [
                111.7316207,
                -8.2388887
              ],
              [
                111.7313385,
                -8.2391652
              ],
              [
                111.7313333,
                -8.2391706
              ],
              [
                111.7312622,
                -8.2392454
              ],
              [
                111.7309951,
                -8.2395734
              ],
              [
                111.7307892,
                -8.2398833
              ],
              [
                111.7307739,
                -8.2399015
              ],
              [
                111.7304153,
                -8.2401904
              ],
              [
                111.7303314,
                -8.2402486
              ],
              [
                111.7300873,
                -8.2405099
              ],
              [
                111.7296829,
                -8.2405671
              ],
              [
                111.7292786,
                -8.2406101
              ],
              [
                111.7290268,
                -8.2406797
              ],
              [
                111.7287826,
                -8.2407808
              ],
              [
                111.7285919,
                -8.2408399
              ],
              [
                111.7283706,
                -8.2408189
              ],
              [
                111.728096,
                -8.2407474
              ],
              [
                111.7278213,
                -8.2407388
              ],
              [
                111.7274856,
                -8.2408094
              ],
              [
                111.7273788,
                -8.2408628
              ],
              [
                111.7273102,
                -8.2414379
              ],
              [
                111.7272873,
                -8.2417879
              ],
              [
                111.7272339,
                -8.242031
              ],
              [
                111.7272644,
                -8.242155
              ],
              [
                111.7274399,
                -8.2423572
              ],
              [
                111.7281875,
                -8.2433662
              ],
              [
                111.7282028,
                -8.2433929
              ],
              [
                111.728363,
                -8.2435293
              ],
              [
                111.7285156,
                -8.2436618
              ],
              [
                111.7285995,
                -8.2438096
              ],
              [
                111.7286377,
                -8.2439908
              ],
              [
                111.7287369,
                -8.2447919
              ],
              [
                111.7288666,
                -8.245038
              ],
              [
                111.7289352,
                -8.2451286
              ],
              [
                111.7290344,
                -8.2452754
              ],
              [
                111.7292099,
                -8.2455224
              ],
              [
                111.7292404,
                -8.2455854
              ],
              [
                111.7292709,
                -8.245758
              ],
              [
                111.7293319,
                -8.2459449
              ],
              [
                111.7294159,
                -8.2461166
              ],
              [
                111.7295151,
                -8.2462119
              ],
              [
                111.7296905,
                -8.2462692
              ],
              [
                111.7299881,
                -8.2463073
              ],
              [
                111.7304764,
                -8.2465066
              ],
              [
                111.7307586,
                -8.2466373
              ],
              [
                111.7310562,
                -8.2467975
              ],
              [
                111.731369,
                -8.2472419
              ],
              [
                111.7314758,
                -8.2474631
              ],
              [
                111.7315826,
                -8.2477721
              ],
              [
                111.7316742,
                -8.2481412
              ],
              [
                111.7317123,
                -8.2489433
              ],
              [
                111.7317123,
                -8.2490072
              ],
              [
                111.7317276,
                -8.2491845
              ],
              [
                111.7319259,
                -8.2497176
              ],
              [
                111.7319946,
                -8.2498359
              ],
              [
                111.7320556,
                -8.2499608
              ],
              [
                111.7320938,
                -8.2500009
              ],
              [
                111.7321472,
                -8.2500571
              ],
              [
                111.7323913,
                -8.250205
              ],
              [
                111.732605,
                -8.2502803
              ],
              [
                111.732727,
                -8.2503604
              ],
              [
                111.7329254,
                -8.2506274
              ],
              [
                111.7332306,
                -8.251069
              ],
              [
                111.7334823,
                -8.2518463
              ],
              [
                111.7335052,
                -8.2519235
              ],
              [
                111.7335205,
                -8.2523822
              ],
              [
                111.7335434,
                -8.2525882
              ],
              [
                111.7337341,
                -8.2528886
              ],
              [
                111.7339554,
                -8.2531251
              ],
              [
                111.7342987,
                -8.2533292
              ],
              [
                111.7348175,
                -8.253539
              ],
              [
                111.7348022,
                -8.2537336
              ],
              [
                111.7348099,
                -8.2538833
              ],
              [
                111.7348175,
                -8.2539377
              ],
              [
                111.7348094,
                -8.2541612
              ],
              [
                111.7348785,
                -8.2541532
              ],
              [
                111.7360916,
                -8.2538862
              ],
              [
                111.7362213,
                -8.2538032
              ],
              [
                111.7368393,
                -8.2534351
              ],
              [
                111.7375107,
                -8.2530889
              ],
              [
                111.7376785,
                -8.2530727
              ],
              [
                111.7381897,
                -8.2530278
              ],
              [
                111.738594,
                -8.2530107
              ],
              [
                111.7390976,
                -8.2530259
              ],
              [
                111.7393799,
                -8.2530488
              ],
              [
                111.7399978,
                -8.2531118
              ],
              [
                111.7406921,
                -8.2532214
              ],
              [
                111.741539,
                -8.2536506
              ],
              [
                111.7416916,
                -8.2540502
              ],
              [
                111.7418976,
                -8.254609
              ],
              [
                111.7419891,
                -8.255144
              ],
              [
                111.7420807,
                -8.2557325
              ],
              [
                111.7422332,
                -8.2562408
              ],
              [
                111.7421951,
                -8.256277
              ],
              [
                111.7425689,
                -8.2569312
              ],
              [
                111.7429046,
                -8.2574138
              ],
              [
                111.7431793,
                -8.2578401
              ],
              [
                111.7434997,
                -8.2583389
              ],
              [
                111.7440414,
                -8.258624
              ],
              [
                111.7445678,
                -8.2587938
              ],
              [
                111.7454529,
                -8.2588805
              ],
              [
                111.7458954,
                -8.2589788
              ],
              [
                111.7464523,
                -8.2606
              ],
              [
                111.7464599,
                -8.2611817
              ],
              [
                111.746315,
                -8.2616882
              ],
              [
                111.7461624,
                -8.2622785
              ],
              [
                111.7460251,
                -8.2628068
              ],
              [
                111.7459259,
                -8.2632655
              ],
              [
                111.7458496,
                -8.2641
              ],
              [
                111.7457962,
                -8.2644452
              ],
              [
                111.7458191,
                -8.264841
              ],
              [
                111.7458572,
                -8.2653646
              ],
              [
                111.7463684,
                -8.2660894
              ],
              [
                111.7466964,
                -8.2664737
              ],
              [
                111.7468414,
                -8.2668704
              ],
              [
                111.746994,
                -8.2672223
              ],
              [
                111.7471618,
                -8.2682952
              ],
              [
                111.7481918,
                -8.2695579
              ],
              [
                111.7482147,
                -8.2696046
              ],
              [
                111.7483673,
                -8.270049
              ],
              [
                111.7484283,
                -8.2704572
              ],
              [
                111.7485962,
                -8.2709359
              ],
              [
                111.7487259,
                -8.2713365
              ],
              [
                111.7487564,
                -8.2713642
              ],
              [
                111.7488403,
                -8.2718868
              ],
              [
                111.7488937,
                -8.272211
              ],
              [
                111.7488708,
                -8.272643
              ],
              [
                111.7488403,
                -8.2737064
              ],
              [
                111.7489166,
                -8.2741841
              ],
              [
                111.7489929,
                -8.2748212
              ],
              [
                111.7490387,
                -8.2752256
              ],
              [
                111.7491226,
                -8.2758178
              ],
              [
                111.7490616,
                -8.2760553
              ],
              [
                111.7488937,
                -8.2764482
              ],
              [
                111.7486114,
                -8.2766952
              ],
              [
                111.7485122,
                -8.2775907
              ],
              [
                111.7485351,
                -8.2778968
              ],
              [
                111.7487259,
                -8.2782545
              ],
              [
                111.74897,
                -8.278716
              ],
              [
                111.7490768,
                -8.2791003
              ],
              [
                111.7489014,
                -8.2803201
              ],
              [
                111.7488098,
                -8.2807588
              ],
              [
                111.7488556,
                -8.2813834
              ],
              [
                111.7490997,
                -8.2817153
              ],
              [
                111.75,
                -8.2827768
              ],
              [
                111.7510834,
                -8.2835769
              ],
              [
                111.7513809,
                -8.2838897
              ],
              [
                111.7514267,
                -8.2839431
              ],
              [
                111.7516937,
                -8.2842092
              ],
              [
                111.7518692,
                -8.2843541
              ],
              [
                111.7522583,
                -8.2845811
              ],
              [
                111.7524032,
                -8.2846584
              ],
              [
                111.7529602,
                -8.2848834
              ],
              [
                111.7530594,
                -8.2849197
              ],
              [
                111.7535782,
                -8.2851409
              ],
              [
                111.7538452,
                -8.285263
              ],
              [
                111.7542801,
                -8.2854232
              ],
              [
                111.75457,
                -8.2855186
              ],
              [
                111.7549896,
                -8.2856578
              ],
              [
                111.7550506,
                -8.285674
              ],
              [
                111.7553558,
                -8.2858104
              ],
              [
                111.7556,
                -8.285983
              ],
              [
                111.755783,
                -8.2860936
              ],
              [
                111.7560195,
                -8.2862634
              ],
              [
                111.7560577,
                -8.2863015
              ],
              [
                111.7564315,
                -8.286787
              ],
              [
                111.7566757,
                -8.2872924
              ],
              [
                111.7568206,
                -8.2877416
              ],
              [
                111.7568664,
                -8.2880353
              ],
              [
                111.756874,
                -8.2882223
              ],
              [
                111.7568817,
                -8.2884807
              ],
              [
                111.7569275,
                -8.2886161
              ],
              [
                111.7569427,
                -8.2886361
              ],
              [
                111.757225,
                -8.2888231
              ],
              [
                111.7576294,
                -8.2889661
              ],
              [
                111.7576523,
                -8.2889766
              ],
              [
                111.757904,
                -8.2891359
              ],
              [
                111.7582168,
                -8.2894668
              ],
              [
                111.758461,
                -8.2897367
              ],
              [
                111.7586746,
                -8.2900047
              ],
              [
                111.7588348,
                -8.2902011
              ],
              [
                111.7591019,
                -8.2902002
              ],
              [
                111.759262,
                -8.2901992
              ],
              [
                111.7599182,
                -8.2901315
              ],
              [
                111.7604522,
                -8.2901115
              ],
              [
                111.7605362,
                -8.2901124
              ],
              [
                111.7611771,
                -8.2901258
              ],
              [
                111.7616577,
                -8.2901487
              ],
              [
                111.7616882,
                -8.2901487
              ],
              [
                111.7621231,
                -8.2901315
              ],
              [
                111.7668686,
                -8.2903394
              ],
              [
                111.7711487,
                -8.2901315
              ],
              [
                111.7736337,
                -8.2886897
              ],
              [
                111.7734432,
                -8.2885756
              ],
              [
                111.7733225,
                -8.288557
              ],
              [
                111.7731938,
                -8.2885756
              ],
              [
                111.7730543,
                -8.2886154
              ],
              [
                111.7728558,
                -8.2886446
              ],
              [
                111.7726707,
                -8.2886419
              ],
              [
                111.7725259,
                -8.2886526
              ],
              [
                111.7724106,
                -8.2886764
              ],
              [
                111.7722926,
                -8.2886711
              ],
              [
                111.7721611,
                -8.2886393
              ],
              [
                111.7719975,
                -8.2885358
              ],
              [
                111.7717937,
                -8.2884986
              ],
              [
                111.771673,
                -8.2885305
              ],
              [
                111.7715523,
                -8.2885862
              ],
              [
                111.7714664,
                -8.2886924
              ],
              [
                111.7713806,
                -8.288849
              ],
              [
                111.7712545,
                -8.2889737
              ],
              [
                111.7710936,
                -8.2890533
              ],
              [
                111.7708093,
                -8.2890852
              ],
              [
                111.7704928,
                -8.289064
              ],
              [
                111.7702568,
                -8.2889472
              ],
              [
                111.7698759,
                -8.2886499
              ],
              [
                111.769554,
                -8.2880713
              ],
              [
                111.7692107,
                -8.2872273
              ],
              [
                111.7690444,
                -8.2865
              ],
              [
                111.7690162,
                -8.2860528
              ],
              [
                111.7690457,
                -8.2859599
              ],
              [
                111.7691155,
                -8.2858763
              ],
              [
                111.7693448,
                -8.2858006
              ],
              [
                111.7696291,
                -8.2857621
              ],
              [
                111.7697659,
                -8.285717
              ],
              [
                111.7698866,
                -8.2855923
              ],
              [
                111.7699671,
                -8.2852685
              ],
              [
                111.7700261,
                -8.2851251
              ],
              [
                111.7701226,
                -8.2850482
              ],
              [
                111.7702863,
                -8.2850057
              ],
              [
                111.7704686,
                -8.2849977
              ],
              [
                111.770651,
                -8.2849075
              ],
              [
                111.7707986,
                -8.2847535
              ],
              [
                111.7709273,
                -8.2845916
              ],
              [
                111.7710641,
                -8.284374
              ],
              [
                111.7712009,
                -8.2839997
              ],
              [
                111.7712438,
                -8.2839453
              ],
              [
                111.7713082,
                -8.2839095
              ],
              [
                111.7714155,
                -8.2838962
              ],
              [
                111.7714772,
                -8.2839321
              ],
              [
                111.7715335,
                -8.2840117
              ],
              [
                111.7715844,
                -8.2841457
              ],
              [
                111.7716689,
                -8.28422
              ],
              [
                111.7717387,
                -8.284228
              ],
              [
                111.7717923,
                -8.2842147
              ],
              [
                111.7718634,
                -8.284155
              ],
              [
                111.7719546,
                -8.2840435
              ],
              [
                111.7720243,
                -8.2838776
              ],
              [
                111.7720592,
                -8.2836361
              ],
              [
                111.7721692,
                -8.2834052
              ],
              [
                111.7723435,
                -8.2832964
              ],
              [
                111.7725527,
                -8.2832406
              ],
              [
                111.7727914,
                -8.2832459
              ],
              [
                111.7729336,
                -8.2833149
              ],
              [
                111.7731079,
                -8.2834848
              ],
              [
                111.7732179,
                -8.2835459
              ],
              [
                111.7733547,
                -8.2835512
              ],
              [
                111.7734915,
                -8.2834848
              ],
              [
                111.7737383,
                -8.2832088
              ],
              [
                111.7738469,
                -8.2831146
              ],
              [
                111.7739716,
                -8.2830495
              ],
              [
                111.7741084,
                -8.2830256
              ],
              [
                111.7742063,
                -8.2829991
              ],
              [
                111.7742801,
                -8.2829487
              ],
              [
                111.7743324,
                -8.2828916
              ],
              [
                111.7743471,
                -8.2828518
              ],
              [
                111.7743498,
                -8.2827987
              ],
              [
                111.774319,
                -8.2827549
              ],
              [
                111.7742479,
                -8.2826885
              ],
              [
                111.774213,
                -8.2826288
              ],
              [
                111.7741661,
                -8.2824775
              ],
              [
                111.7741245,
                -8.2822692
              ],
              [
                111.774036,
                -8.2818923
              ],
              [
                111.7740011,
                -8.2817144
              ],
              [
                111.7740199,
                -8.2815048
              ],
              [
                111.7740709,
                -8.2812951
              ],
              [
                111.774264,
                -8.2809819
              ],
              [
                111.7745429,
                -8.2806289
              ],
              [
                111.7748702,
                -8.2803741
              ],
              [
                111.7751464,
                -8.280106
              ],
              [
                111.7753369,
                -8.279883
              ],
              [
                111.7756185,
                -8.2795353
              ],
              [
                111.7757553,
                -8.2793203
              ],
              [
                111.7757955,
                -8.279108
              ],
              [
                111.7757955,
                -8.2788664
              ],
              [
                111.7758411,
                -8.2786833
              ],
              [
                111.7759296,
                -8.2785639
              ],
              [
                111.7760369,
                -8.2784869
              ],
              [
                111.7761335,
                -8.2784696
              ],
              [
                111.7762622,
                -8.2784842
              ],
              [
                111.7763172,
                -8.2785426
              ],
              [
                111.7763843,
                -8.2786793
              ],
              [
                111.7763856,
                -8.2788001
              ],
              [
                111.7764057,
                -8.2788784
              ],
              [
                111.7764419,
                -8.2789248
              ],
              [
                111.7765009,
                -8.2789328
              ],
              [
                111.7765425,
                -8.2789235
              ],
              [
                111.7765881,
                -8.2788784
              ],
              [
                111.7766082,
                -8.2787178
              ],
              [
                111.7766672,
                -8.278609
              ],
              [
                111.7768067,
                -8.278532
              ],
              [
                111.777024,
                -8.2785134
              ],
              [
                111.7772117,
                -8.27854
              ],
              [
                111.777378,
                -8.2786408
              ],
              [
                111.7775175,
                -8.2787815
              ],
              [
                111.7776033,
                -8.2788187
              ],
              [
                111.7777401,
                -8.2788001
              ],
              [
                111.7778635,
                -8.278739
              ],
              [
                111.7780271,
                -8.2786833
              ],
              [
                111.77818,
                -8.2786966
              ],
              [
                111.7783678,
                -8.2787523
              ],
              [
                111.7784992,
                -8.2787656
              ],
              [
                111.7786011,
                -8.2787364
              ],
              [
                111.7787245,
                -8.2786329
              ],
              [
                111.7787647,
                -8.2784869
              ],
              [
                111.7787433,
                -8.2782905
              ],
              [
                111.7787003,
                -8.2781153
              ],
              [
                111.7787379,
                -8.2778047
              ],
              [
                111.7788398,
                -8.2774597
              ],
              [
                111.7788506,
                -8.2770775
              ],
              [
                111.7788398,
                -8.2766793
              ],
              [
                111.7788425,
                -8.2762573
              ],
              [
                111.7788291,
                -8.2756813
              ],
              [
                111.7787594,
                -8.2753893
              ],
              [
                111.7786467,
                -8.2752619
              ],
              [
                111.7784429,
                -8.2751292
              ],
              [
                111.7781773,
                -8.2749116
              ],
              [
                111.7779145,
                -8.274601
              ],
              [
                111.7777911,
                -8.2744126
              ],
              [
                111.7777106,
                -8.2742427
              ],
              [
                111.7776838,
                -8.274102
              ],
              [
                111.7776784,
                -8.2740038
              ],
              [
                111.7776556,
                -8.2739348
              ],
              [
                111.7776194,
                -8.2739016
              ],
              [
                111.7775604,
                -8.2738937
              ],
              [
                111.7775001,
                -8.2739122
              ],
              [
                111.7774504,
                -8.2739666
              ],
              [
                111.7774089,
                -8.274033
              ],
              [
                111.7773579,
                -8.2740834
              ],
              [
                111.7773136,
                -8.2741113
              ],
              [
                111.7772278,
                -8.2741272
              ],
              [
                111.7771514,
                -8.2741272
              ],
              [
                111.7770535,
                -8.2740755
              ],
              [
                111.7769274,
                -8.2739507
              ],
              [
                111.7768992,
                -8.273887
              ],
              [
                111.7768992,
                -8.2738021
              ],
              [
                111.7769462,
                -8.2737304
              ],
              [
                111.7769904,
                -8.2737052
              ],
              [
                111.7770213,
                -8.2736654
              ],
              [
                111.7770334,
                -8.2736322
              ],
              [
                111.777024,
                -8.273595
              ],
              [
                111.7769797,
                -8.2735605
              ],
              [
                111.7769033,
                -8.2735672
              ],
              [
                111.7768376,
                -8.2736189
              ],
              [
                111.7767812,
                -8.2736534
              ],
              [
                111.7767209,
                -8.273672
              ],
              [
                111.7766511,
                -8.2736667
              ],
              [
                111.7765707,
                -8.2736282
              ],
              [
                111.7763963,
                -8.2734862
              ],
              [
                111.776163,
                -8.2733296
              ],
              [
                111.776053,
                -8.273327
              ],
              [
                111.7758706,
                -8.273396
              ],
              [
                111.7757499,
                -8.2734544
              ],
              [
                111.7755622,
                -8.2735473
              ],
              [
                111.7753476,
                -8.273526
              ],
              [
                111.7751169,
                -8.2733986
              ],
              [
                111.7747843,
                -8.2731757
              ],
              [
                111.7743981,
                -8.2729049
              ],
              [
                111.7738938,
                -8.2725652
              ],
              [
                111.7729819,
                -8.2720555
              ],
              [
                111.7721987,
                -8.2718432
              ],
              [
                111.7714155,
                -8.2715565
              ],
              [
                111.7707395,
                -8.2712274
              ],
              [
                111.770364,
                -8.270877
              ],
              [
                111.7701173,
                -8.2703037
              ],
              [
                111.7700583,
                -8.2699852
              ],
              [
                111.7701387,
                -8.2694994
              ],
              [
                111.7701763,
                -8.2692261
              ],
              [
                111.7701906,
                -8.2689047
              ],
              [
                111.7701924,
                -8.2688651
              ],
              [
                111.770305,
                -8.2678883
              ],
              [
                111.7704391,
                -8.2673096
              ],
              [
                111.7706081,
                -8.2669619
              ],
              [
                111.770702,
                -8.266877
              ],
              [
                111.7708173,
                -8.2668504
              ],
              [
                111.7710507,
                -8.2668451
              ],
              [
                111.7711499,
                -8.2667894
              ],
              [
                111.7711741,
                -8.2667443
              ],
              [
                111.7711486,
                -8.2666845
              ],
              [
                111.7710721,
                -8.2666129
              ],
              [
                111.7709246,
                -8.2665638
              ],
              [
                111.7707476,
                -8.266431
              ],
              [
                111.770651,
                -8.2662505
              ],
              [
                111.7706296,
                -8.2660382
              ],
              [
                111.7707127,
                -8.2657223
              ],
              [
                111.7709005,
                -8.2653268
              ],
              [
                111.771107,
                -8.2649552
              ],
              [
                111.7720807,
                -8.2633387
              ],
              [
                111.7729068,
                -8.2622398
              ],
              [
                111.7737436,
                -8.2612683
              ],
              [
                111.7742703,
                -8.2607605
              ],
              [
                111.7748165,
                -8.2603233
              ],
              [
                111.7762864,
                -8.2592191
              ],
              [
                111.7775094,
                -8.2585608
              ],
              [
                111.7792153,
                -8.2579875
              ],
              [
                111.7813933,
                -8.257446
              ],
              [
                111.7845154,
                -8.2569788
              ],
              [
                111.786983,
                -8.256586
              ],
              [
                111.7888284,
                -8.2563524
              ],
              [
                111.7899978,
                -8.2563311
              ],
              [
                111.7909098,
                -8.2562674
              ],
              [
                111.7919075,
                -8.2561506
              ],
              [
                111.7934123,
                -8.2559914
              ],
              [
                111.7942813,
                -8.2559091
              ],
              [
                111.7944342,
                -8.2558427
              ],
              [
                111.7945817,
                -8.2556755
              ],
              [
                111.7947239,
                -8.2555733
              ],
              [
                111.7949264,
                -8.2555043
              ],
              [
                111.7949639,
                -8.2555428
              ],
              [
                111.7950216,
                -8.2555507
              ],
              [
                111.7950779,
                -8.255568
              ],
              [
                111.7951342,
                -8.2556264
              ],
              [
                111.7952281,
                -8.2557259
              ],
              [
                111.795326,
                -8.2557631
              ],
              [
                111.7953904,
                -8.2557631
              ],
              [
                111.7954722,
                -8.255714
              ],
              [
                111.7955326,
                -8.2556795
              ],
              [
                111.7956144,
                -8.2556675
              ],
              [
                111.7957297,
                -8.2556954
              ],
              [
                111.7958356,
                -8.2557498
              ],
              [
                111.7960998,
                -8.2558401
              ],
              [
                111.796529,
                -8.2559967
              ],
              [
                111.7968267,
                -8.2561294
              ],
              [
                111.7972398,
                -8.2563524
              ],
              [
                111.7977601,
                -8.2567505
              ],
              [
                111.7980552,
                -8.2569151
              ],
              [
                111.7986131,
                -8.2571699
              ],
              [
                111.7996484,
                -8.2577645
              ],
              [
                111.8005738,
                -8.2583574
              ],
              [
                111.8006676,
                -8.2584175
              ],
              [
                111.8011558,
                -8.2587838
              ],
              [
                111.8014079,
                -8.2590068
              ],
              [
                111.801542,
                -8.2591873
              ],
              [
                111.8015689,
                -8.2594421
              ],
              [
                111.8015528,
                -8.2597075
              ],
              [
                111.8015608,
                -8.2599279
              ],
              [
                111.8015876,
                -8.2600977
              ],
              [
                111.8016413,
                -8.2601986
              ],
              [
                111.8017995,
                -8.2603154
              ],
              [
                111.8020892,
                -8.260541
              ],
              [
                111.8023467,
                -8.2607587
              ],
              [
                111.8028027,
                -8.2612683
              ],
              [
                111.8030441,
                -8.2616028
              ],
              [
                111.8032989,
                -8.2620168
              ],
              [
                111.803425,
                -8.262277
              ],
              [
                111.8034893,
                -8.2624654
              ],
              [
                111.8035242,
                -8.2626512
              ],
              [
                111.8035269,
                -8.2627242
              ],
              [
                111.8035148,
                -8.2627893
              ],
              [
                111.8034934,
                -8.2628072
              ],
              [
                111.8034545,
                -8.2628211
              ],
              [
                111.8032975,
                -8.262837
              ],
              [
                111.8031983,
                -8.2628583
              ],
              [
                111.8030991,
                -8.2629008
              ],
              [
                111.8029502,
                -8.2630919
              ],
              [
                111.8028161,
                -8.2633016
              ],
              [
                111.8023212,
                -8.2642983
              ],
              [
                111.8023031,
                -8.2643354
              ],
              [
                111.8023541,
                -8.2643653
              ],
              [
                111.8022501,
                -8.2645597
              ],
              [
                111.8021241,
                -8.2648119
              ],
              [
                111.8015528,
                -8.2649871
              ],
              [
                111.8007052,
                -8.264565
              ],
              [
                111.8000507,
                -8.2650375
              ],
              [
                111.7998174,
                -8.2649406
              ],
              [
                111.7997745,
                -8.2649459
              ],
              [
                111.7997409,
                -8.2649758
              ],
              [
                111.7997416,
                -8.2650282
              ],
              [
                111.7997711,
                -8.2650641
              ],
              [
                111.7999703,
                -8.2651676
              ],
              [
                111.800268,
                -8.2652897
              ],
              [
                111.8008259,
                -8.2655445
              ],
              [
                111.8013449,
                -8.2655611
              ],
              [
                111.8014099,
                -8.265577
              ],
              [
                111.8014455,
                -8.2656122
              ],
              [
                111.8014696,
                -8.2656527
              ],
              [
                111.8015125,
                -8.2657767
              ],
              [
                111.8016104,
                -8.2658896
              ],
              [
                111.8016922,
                -8.2659015
              ],
              [
                111.8017647,
                -8.265875
              ],
              [
                111.8018277,
                -8.2658232
              ],
              [
                111.8019102,
                -8.2657655
              ],
              [
                111.8019779,
                -8.2657648
              ],
              [
                111.8020356,
                -8.2658086
              ],
              [
                111.8020751,
                -8.2658982
              ],
              [
                111.8020952,
                -8.2659655
              ],
              [
                111.8020906,
                -8.2660216
              ],
              [
                111.8020892,
                -8.2660601
              ],
              [
                111.8020825,
                -8.2661165
              ],
              [
                111.802057,
                -8.2662612
              ],
              [
                111.801939,
                -8.2664709
              ],
              [
                111.8017754,
                -8.2666301
              ],
              [
                111.8016252,
                -8.266792
              ],
              [
                111.801542,
                -8.2668796
              ],
              [
                111.8014401,
                -8.2669513
              ],
              [
                111.8011558,
                -8.2669699
              ],
              [
                111.8009654,
                -8.2668849
              ],
              [
                111.800791,
                -8.2668531
              ],
              [
                111.8006757,
                -8.2669035
              ],
              [
                111.8005872,
                -8.2669619
              ],
              [
                111.8004799,
                -8.2671026
              ],
              [
                111.8004343,
                -8.2672114
              ],
              [
                111.8003914,
                -8.2674344
              ],
              [
                111.8003914,
                -8.267526
              ],
              [
                111.8004155,
                -8.2676228
              ],
              [
                111.8004839,
                -8.2677755
              ],
              [
                111.8005791,
                -8.2679307
              ],
              [
                111.8006167,
                -8.2680157
              ],
              [
                111.8006086,
                -8.2680688
              ],
              [
                111.800563,
                -8.2681152
              ],
              [
                111.8004799,
                -8.2681564
              ],
              [
                111.8003243,
                -8.2681537
              ],
              [
                111.7997342,
                -8.2681802
              ],
              [
                111.7995357,
                -8.2682546
              ],
              [
                111.7993426,
                -8.2684298
              ],
              [
                111.7992943,
                -8.2684935
              ],
              [
                111.7993011,
                -8.2686514
              ],
              [
                111.799348,
                -8.2687722
              ],
              [
                111.7994325,
                -8.2688611
              ],
              [
                111.799529,
                -8.2689288
              ],
              [
                111.7996162,
                -8.2689765
              ],
              [
                111.7996846,
                -8.2690336
              ],
              [
                111.7997181,
                -8.2690907
              ],
              [
                111.7997315,
                -8.2691783
              ],
              [
                111.7997155,
                -8.2692712
              ],
              [
                111.7996886,
                -8.2694278
              ],
              [
                111.7997047,
                -8.2695897
              ],
              [
                111.7997611,
                -8.2696799
              ],
              [
                111.7998871,
                -8.2697675
              ],
              [
                111.8001446,
                -8.2698604
              ],
              [
                111.8003806,
                -8.2699268
              ],
              [
                111.8006837,
                -8.2699613
              ],
              [
                111.8009466,
                -8.2698896
              ],
              [
                111.8011531,
                -8.2697702
              ],
              [
                111.801298,
                -8.2696056
              ],
              [
                111.8015715,
                -8.2691358
              ],
              [
                111.8017271,
                -8.2689049
              ],
              [
                111.8018693,
                -8.2687562
              ],
              [
                111.8019511,
                -8.2687217
              ],
              [
                111.8020329,
                -8.2686978
              ],
              [
                111.8021187,
                -8.2686872
              ],
              [
                111.8022354,
                -8.2687562
              ],
              [
                111.8023038,
                -8.2688173
              ],
              [
                111.8023735,
                -8.268873
              ],
              [
                111.8024392,
                -8.2688757
              ],
              [
                111.8024768,
                -8.2688438
              ],
              [
                111.8025103,
                -8.268735
              ],
              [
                111.8025881,
                -8.2685625
              ],
              [
                111.8026257,
                -8.2683209
              ],
              [
                111.8025506,
                -8.2680767
              ],
              [
                111.8024379,
                -8.2678936
              ],
              [
                111.8023869,
                -8.2677768
              ],
              [
                111.8024299,
                -8.267668
              ],
              [
                111.8024862,
                -8.2675777
              ],
              [
                111.8026096,
                -8.2675406
              ],
              [
                111.8027088,
                -8.2675618
              ],
              [
                111.8029475,
                -8.2676945
              ],
              [
                111.8033203,
                -8.2679573
              ],
              [
                111.8035886,
                -8.2681165
              ],
              [
                111.8037643,
                -8.2682386
              ],
              [
                111.803834,
                -8.2682811
              ],
              [
                111.8039373,
                -8.2683448
              ],
              [
                111.8039842,
                -8.2683541
              ],
              [
                111.8040352,
                -8.2683475
              ],
              [
                111.8040955,
                -8.2682851
              ],
              [
                111.8041103,
                -8.268224
              ],
              [
                111.8040942,
                -8.2681245
              ],
              [
                111.8040781,
                -8.2680595
              ],
              [
                111.8040888,
                -8.2679944
              ],
              [
                111.8041317,
                -8.2679573
              ],
              [
                111.8041907,
                -8.2679228
              ],
              [
                111.8042698,
                -8.2679228
              ],
              [
                111.8044308,
                -8.267952
              ],
              [
                111.8046534,
                -8.2680024
              ],
              [
                111.8048438,
                -8.2680263
              ],
              [
                111.8050396,
                -8.2680343
              ],
              [
                111.8052596,
                -8.2680422
              ],
              [
                111.8054983,
                -8.2681006
              ],
              [
                111.8056083,
                -8.2681749
              ],
              [
                111.8057799,
                -8.2684988
              ],
              [
                111.8058752,
                -8.2686899
              ],
              [
                111.8059194,
                -8.2687523
              ],
              [
                111.8059596,
                -8.2687748
              ],
              [
                111.8059898,
                -8.2687655
              ],
              [
                111.806024,
                -8.2687317
              ],
              [
                111.8060522,
                -8.268674
              ],
              [
                111.8060676,
                -8.2685519
              ],
              [
                111.8060669,
                -8.2684862
              ],
              [
                111.8060388,
                -8.2682426
              ],
              [
                111.8059824,
                -8.2679241
              ],
              [
                111.8059395,
                -8.2674755
              ],
              [
                111.8059355,
                -8.2672061
              ],
              [
                111.805855,
                -8.2669699
              ],
              [
                111.8057907,
                -8.2667761
              ],
              [
                111.8057384,
                -8.266654
              ],
              [
                111.8057196,
                -8.2665757
              ],
              [
                111.805733,
                -8.2664855
              ],
              [
                111.8058027,
                -8.2664098
              ],
              [
                111.8059409,
                -8.266362
              ],
              [
                111.8060508,
                -8.2663726
              ],
              [
                111.8061568,
                -8.2663846
              ],
              [
                111.8062379,
                -8.2664052
              ],
              [
                111.8062976,
                -8.2664052
              ],
              [
                111.8063492,
                -8.2663786
              ],
              [
                111.8063693,
                -8.2663481
              ],
              [
                111.8063794,
                -8.2663036
              ],
              [
                111.8064022,
                -8.2660873
              ],
              [
                111.8064103,
                -8.2659944
              ],
              [
                111.8064505,
                -8.2659134
              ],
              [
                111.8065108,
                -8.2658736
              ],
              [
                111.8066061,
                -8.2658484
              ],
              [
                111.8067053,
                -8.2658537
              ],
              [
                111.8068327,
                -8.2658829
              ],
              [
                111.8069252,
                -8.265936
              ],
              [
                111.8070392,
                -8.2660475
              ],
              [
                111.8070989,
                -8.2661298
              ],
              [
                111.807111,
                -8.2661457
              ],
              [
                111.8071214,
                -8.2661517
              ],
              [
                111.8071324,
                -8.2661487
              ],
              [
                111.8071422,
                -8.2661374
              ],
              [
                111.8071425,
                -8.2660986
              ],
              [
                111.8071499,
                -8.2659732
              ],
              [
                111.8071586,
                -8.2658458
              ],
              [
                111.8071492,
                -8.2657369
              ],
              [
                111.8070835,
                -8.2655817
              ],
              [
                111.8070111,
                -8.2653958
              ],
              [
                111.807003,
                -8.2652817
              ],
              [
                111.8070231,
                -8.2652207
              ],
              [
                111.8070701,
                -8.265157
              ],
              [
                111.8071827,
                -8.2651092
              ],
              [
                111.8073571,
                -8.2651118
              ],
              [
                111.80764,
                -8.2651384
              ],
              [
                111.8078479,
                -8.265157
              ],
              [
                111.8080813,
                -8.2650933
              ],
              [
                111.808261,
                -8.2649765
              ],
              [
                111.8083575,
                -8.2648491
              ],
              [
                111.8084407,
                -8.2645916
              ],
              [
                111.808446,
                -8.2644881
              ],
              [
                111.8084836,
                -8.2644031
              ],
              [
                111.8085507,
                -8.2643288
              ],
              [
                111.8086633,
                -8.2642784
              ],
              [
                111.8088672,
                -8.2642837
              ],
              [
                111.8091112,
                -8.2644695
              ],
              [
                111.8092748,
                -8.2646208
              ],
              [
                111.8093473,
                -8.2647349
              ],
              [
                111.8094438,
                -8.2648942
              ],
              [
                111.8095404,
                -8.2650455
              ],
              [
                111.8096423,
                -8.2651145
              ],
              [
                111.8097576,
                -8.2651357
              ],
              [
                111.8099052,
                -8.2651463
              ],
              [
                111.810042,
                -8.2651649
              ],
              [
                111.8101439,
                -8.2651848
              ],
              [
                111.8101922,
                -8.2652273
              ],
              [
                111.8102083,
                -8.2652791
              ],
              [
                111.8101989,
                -8.2653534
              ],
              [
                111.8101479,
                -8.2654104
              ],
              [
                111.8100514,
                -8.2655166
              ],
              [
                111.8099803,
                -8.2656347
              ],
              [
                111.8099508,
                -8.2657913
              ],
              [
                111.8100339,
                -8.2660249
              ],
              [
                111.8101399,
                -8.2662452
              ],
              [
                111.8101989,
                -8.2663527
              ],
              [
                111.8102914,
                -8.2664523
              ],
              [
                111.8103719,
                -8.2664921
              ],
              [
                111.8104845,
                -8.266508
              ],
              [
                111.8106294,
                -8.266508
              ],
              [
                111.8107045,
                -8.2664908
              ],
              [
                111.8107729,
                -8.2664231
              ],
              [
                111.8108051,
                -8.266362
              ],
              [
                111.8108493,
                -8.2663375
              ],
              [
                111.8109097,
                -8.2663342
              ],
              [
                111.8109861,
                -8.2663726
              ],
              [
                111.8110438,
                -8.2664456
              ],
              [
                111.8110518,
                -8.2665385
              ],
              [
                111.8109378,
                -8.2668796
              ],
              [
                111.8109405,
                -8.267084
              ],
              [
                111.8110424,
                -8.267453
              ],
              [
                111.8111148,
                -8.2676288
              ],
              [
                111.8111423,
                -8.2676461
              ],
              [
                111.8111759,
                -8.2676554
              ],
              [
                111.8112054,
                -8.2676507
              ],
              [
                111.8112302,
                -8.2676275
              ],
              [
                111.8112396,
                -8.2675698
              ],
              [
                111.8112637,
                -8.267441
              ],
              [
                111.8113066,
                -8.2673017
              ],
              [
                111.8114005,
                -8.2671769
              ],
              [
                111.8114448,
                -8.2671398
              ],
              [
                111.8115085,
                -8.2671179
              ],
              [
                111.8115661,
                -8.2671212
              ],
              [
                111.8116057,
                -8.2671344
              ],
              [
                111.8116546,
                -8.2672081
              ],
              [
                111.8116801,
                -8.2673329
              ],
              [
                111.8116996,
                -8.2673813
              ],
              [
                111.81178,
                -8.267441
              ],
              [
                111.8118927,
                -8.2674569
              ],
              [
                111.8119772,
                -8.2674304
              ],
              [
                111.8121421,
                -8.2673494
              ],
              [
                111.8122923,
                -8.2672619
              ],
              [
                111.8123648,
                -8.2672114
              ],
              [
                111.8124855,
                -8.2671159
              ],
              [
                111.8125284,
                -8.2670389
              ],
              [
                111.8126088,
                -8.2669712
              ],
              [
                111.8127161,
                -8.2669606
              ],
              [
                111.8127966,
                -8.2669885
              ],
              [
                111.8128583,
                -8.2670787
              ],
              [
                111.812869,
                -8.267169
              ],
              [
                111.8128449,
                -8.2672711
              ],
              [
                111.8127403,
                -8.2675087
              ],
              [
                111.8126303,
                -8.2678007
              ],
              [
                111.8126222,
                -8.2679732
              ],
              [
                111.8126732,
                -8.2680555
              ],
              [
                111.8128154,
                -8.2681404
              ],
              [
                111.8130192,
                -8.2681723
              ],
              [
                111.8132499,
                -8.268159
              ],
              [
                111.8134779,
                -8.2681564
              ],
              [
                111.813667,
                -8.2682002
              ],
              [
                111.8137729,
                -8.2682373
              ],
              [
                111.8138695,
                -8.2683209
              ],
              [
                111.8139674,
                -8.2684417
              ],
              [
                111.8140747,
                -8.2685306
              ],
              [
                111.8141726,
                -8.2685638
              ],
              [
                111.814304,
                -8.2685532
              ],
              [
                111.8144032,
                -8.2685174
              ],
              [
                111.8145306,
                -8.2684377
              ],
              [
                111.8146889,
                -8.268305
              ],
              [
                111.8147774,
                -8.2682572
              ],
              [
                111.8149008,
                -8.2682121
              ],
              [
                111.8150255,
                -8.2681935
              ],
              [
                111.8151066,
                -8.2681988
              ],
              [
                111.815167,
                -8.2682207
              ],
              [
                111.8152092,
                -8.2682652
              ],
              [
                111.8153957,
                -8.2685704
              ],
              [
                111.8155324,
                -8.2687934
              ],
              [
                111.815637,
                -8.2692048
              ],
              [
                111.8157001,
                -8.2694676
              ],
              [
                111.8156773,
                -8.2696043
              ],
              [
                111.8156552,
                -8.2696999
              ],
              [
                111.8156163,
                -8.2697403
              ],
              [
                111.8155432,
                -8.2697463
              ],
              [
                111.8154909,
                -8.2697304
              ],
              [
                111.8154339,
                -8.2697264
              ],
              [
                111.8153661,
                -8.2697543
              ],
              [
                111.8153299,
                -8.2697748
              ],
              [
                111.8153038,
                -8.2698113
              ],
              [
                111.815275,
                -8.2698472
              ],
              [
                111.8152361,
                -8.2698671
              ],
              [
                111.8151831,
                -8.2698704
              ],
              [
                111.8151368,
                -8.2698711
              ],
              [
                111.8150208,
                -8.2698518
              ],
              [
                111.8149129,
                -8.2698419
              ],
              [
                111.8146151,
                -8.2698127
              ],
              [
                111.814422,
                -8.269887
              ],
              [
                111.8141645,
                -8.2700489
              ],
              [
                111.8139724,
                -8.2702725
              ],
              [
                111.8139178,
                -8.2705373
              ],
              [
                111.8139392,
                -8.2709514
              ],
              [
                111.8140358,
                -8.2716096
              ],
              [
                111.8142718,
                -8.2720821
              ],
              [
                111.8144917,
                -8.2724378
              ],
              [
                111.8146393,
                -8.2726183
              ],
              [
                111.8148056,
                -8.272682
              ],
              [
                111.8150175,
                -8.2727457
              ],
              [
                111.8153407,
                -8.2727364
              ],
              [
                111.8155056,
                -8.2727191
              ],
              [
                111.815574,
                -8.2726966
              ],
              [
                111.8156317,
                -8.2726554
              ],
              [
                111.8157537,
                -8.2724935
              ],
              [
                111.8158154,
                -8.2724577
              ],
              [
                111.8158972,
                -8.2724272
              ],
              [
                111.8159468,
                -8.2724258
              ],
              [
                111.8159924,
                -8.2724391
              ],
              [
                111.8160213,
                -8.2724564
              ],
              [
                111.8160387,
                -8.2724929
              ],
              [
                111.8160501,
                -8.2725572
              ],
              [
                111.8160595,
                -8.2725824
              ],
              [
                111.8160816,
                -8.272599
              ],
              [
                111.8161326,
                -8.2726123
              ],
              [
                111.8162023,
                -8.2726548
              ],
              [
                111.8163559,
                -8.2727297
              ],
              [
                111.816498,
                -8.2727802
              ],
              [
                111.8167381,
                -8.2728386
              ],
              [
                111.8168575,
                -8.2727842
              ],
              [
                111.8169755,
                -8.2727483
              ],
              [
                111.8170546,
                -8.2727311
              ],
              [
                111.8171498,
                -8.2727616
              ],
              [
                111.817186,
                -8.272812
              ],
              [
                111.8172021,
                -8.2728857
              ],
              [
                111.8171994,
                -8.2729633
              ],
              [
                111.8171766,
                -8.2730861
              ],
              [
                111.817186,
                -8.2731213
              ],
              [
                111.8172222,
                -8.2731359
              ],
              [
                111.8172772,
                -8.2731332
              ],
              [
                111.8173724,
                -8.2730788
              ],
              [
                111.8175401,
                -8.2730217
              ],
              [
                111.8178311,
                -8.2729341
              ],
              [
                111.8180242,
                -8.2728943
              ],
              [
                111.8181664,
                -8.2728067
              ],
              [
                111.8182147,
                -8.2726501
              ],
              [
                111.8181825,
                -8.2725174
              ],
              [
                111.8179947,
                -8.2723502
              ],
              [
                111.8179089,
                -8.272244
              ],
              [
                111.8178713,
                -8.2721458
              ],
              [
                111.8178713,
                -8.2719812
              ],
              [
                111.8179035,
                -8.2718565
              ],
              [
                111.8180671,
                -8.2716521
              ],
              [
                111.8182307,
                -8.2715459
              ],
              [
                111.8183649,
                -8.2714477
              ],
              [
                111.8184051,
                -8.2713256
              ],
              [
                111.8184037,
                -8.2711637
              ],
              [
                111.8183957,
                -8.2710217
              ],
              [
                111.8184091,
                -8.2709354
              ],
              [
                111.8184373,
                -8.2708704
              ],
              [
                111.8184882,
                -8.2708027
              ],
              [
                111.81857,
                -8.2707496
              ],
              [
                111.818672,
                -8.2707058
              ],
              [
                111.8188986,
                -8.2706169
              ],
              [
                111.8190743,
                -8.2705758
              ],
              [
                111.8192366,
                -8.2705877
              ],
              [
                111.8194243,
                -8.2706673
              ],
              [
                111.8196899,
                -8.2707656
              ],
              [
                111.8199313,
                -8.2708054
              ],
              [
                111.8201968,
                -8.270824
              ],
              [
                111.8208164,
                -8.2707072
              ],
              [
                111.8211919,
                -8.2705798
              ],
              [
                111.8216532,
                -8.2704895
              ],
              [
                111.8219429,
                -8.270463
              ],
              [
                111.8221629,
                -8.2704895
              ],
              [
                111.8224204,
                -8.2706275
              ],
              [
                111.8229139,
                -8.2710575
              ],
              [
                111.8236113,
                -8.2716256
              ],
              [
                111.8244052,
                -8.2720821
              ],
              [
                111.8246466,
                -8.2721564
              ],
              [
                111.8251187,
                -8.2722732
              ],
              [
                111.8254352,
                -8.2723581
              ],
              [
                111.8258697,
                -8.2725068
              ],
              [
                111.8261594,
                -8.2726236
              ],
              [
                111.8265724,
                -8.2727457
              ],
              [
                111.8268728,
                -8.2727828
              ],
              [
                111.8270928,
                -8.2727563
              ],
              [
                111.8274039,
                -8.2727138
              ],
              [
                111.8277794,
                -8.2725891
              ],
              [
                111.8279618,
                -8.2725333
              ],
              [
                111.8283319,
                -8.272459
              ],
              [
                111.8285358,
                -8.2724192
              ],
              [
                111.8286163,
                -8.2724577
              ],
              [
                111.8286726,
                -8.272524
              ],
              [
                111.8287048,
                -8.2726714
              ],
              [
                111.82869,
                -8.272743
              ],
              [
                111.8286511,
                -8.2727934
              ],
              [
                111.8285331,
                -8.2728359
              ],
              [
                111.8282515,
                -8.2729607
              ],
              [
                111.8279994,
                -8.2730921
              ],
              [
                111.8278559,
                -8.2731942
              ],
              [
                111.8277694,
                -8.2732739
              ],
              [
                111.8277425,
                -8.2733044
              ],
              [
                111.8277365,
                -8.2733455
              ],
              [
                111.8277412,
                -8.2733761
              ],
              [
                111.8277593,
                -8.2734013
              ],
              [
                111.8277901,
                -8.2734272
              ],
              [
                111.8278304,
                -8.2734325
              ],
              [
                111.8279001,
                -8.2734358
              ],
              [
                111.8279551,
                -8.273465
              ],
              [
                111.8280061,
                -8.2735128
              ],
              [
                111.8280557,
                -8.2735818
              ],
              [
                111.8281013,
                -8.2736123
              ],
              [
                111.8282139,
                -8.2736442
              ],
              [
                111.8284419,
                -8.2736587
              ],
              [
                111.8286739,
                -8.2736282
              ],
              [
                111.8287531,
                -8.2736017
              ],
              [
                111.8287799,
                -8.2735639
              ],
              [
                111.8287913,
                -8.2735234
              ],
              [
                111.8288007,
                -8.2734882
              ],
              [
                111.8288255,
                -8.2734504
              ],
              [
                111.8288624,
                -8.2734232
              ],
              [
                111.828969,
                -8.2733946
              ],
              [
                111.8291098,
                -8.2733721
              ],
              [
                111.8293123,
                -8.2733761
              ],
              [
                111.8293941,
                -8.273388
              ],
              [
                111.8294732,
                -8.2734185
              ],
              [
                111.8296114,
                -8.2735327
              ],
              [
                111.8296784,
                -8.2736654
              ],
              [
                111.8296865,
                -8.2737702
              ],
              [
                111.8296798,
                -8.2738937
              ],
              [
                111.8296503,
                -8.274025
              ],
              [
                111.8295738,
                -8.2743064
              ],
              [
                111.8295604,
                -8.2745134
              ],
              [
                111.8295282,
                -8.2746223
              ],
              [
                111.8294665,
                -8.2747045
              ],
              [
                111.8292975,
                -8.2748001
              ],
              [
                111.8291822,
                -8.2748452
              ],
              [
                111.8289542,
                -8.2749036
              ],
              [
                111.8287879,
                -8.2748956
              ],
              [
                111.8285894,
                -8.2748744
              ],
              [
                111.8283521,
                -8.2749209
              ],
              [
                111.8281589,
                -8.2750045
              ],
              [
                111.8279766,
                -8.2751146
              ],
              [
                111.8278652,
                -8.2752248
              ],
              [
                111.827829,
                -8.275311
              ],
              [
                111.8278223,
                -8.2754849
              ],
              [
                111.8278813,
                -8.275822
              ],
              [
                111.827943,
                -8.2759335
              ],
              [
                111.8280852,
                -8.2760821
              ],
              [
                111.8282314,
                -8.2762002
              ],
              [
                111.8283145,
                -8.2762122
              ],
              [
                111.828391,
                -8.2762082
              ],
              [
                111.8284419,
                -8.276187
              ],
              [
                111.8284862,
                -8.2761312
              ],
              [
                111.828572,
                -8.2759547
              ],
              [
                111.828635,
                -8.2758631
              ],
              [
                111.8287155,
                -8.2757822
              ],
              [
                111.828808,
                -8.2757171
              ],
              [
                111.8289086,
                -8.275684
              ],
              [
                111.8290132,
                -8.2756893
              ],
              [
                111.8290736,
                -8.2757132
              ],
              [
                111.8291688,
                -8.2757968
              ],
              [
                111.8292224,
                -8.2758883
              ],
              [
                111.8292814,
                -8.2760158
              ],
              [
                111.8293539,
                -8.2762162
              ],
              [
                111.8293659,
                -8.2762745
              ],
              [
                111.8293525,
                -8.2763436
              ],
              [
                111.829323,
                -8.2764112
              ],
              [
                111.8292533,
                -8.2764988
              ],
              [
                111.8292345,
                -8.2765572
              ],
              [
                111.8292466,
                -8.2766302
              ],
              [
                111.829268,
                -8.2766727
              ],
              [
                111.829323,
                -8.2767377
              ],
              [
                111.8293726,
                -8.2768386
              ],
              [
                111.8294021,
                -8.2769156
              ],
              [
                111.8294276,
                -8.2769912
              ],
              [
                111.8294256,
                -8.277043
              ],
              [
                111.8294172,
                -8.2770931
              ],
              [
                111.8293991,
                -8.2771047
              ],
              [
                111.8293713,
                -8.2771166
              ],
              [
                111.8293331,
                -8.2771186
              ],
              [
                111.8292965,
                -8.2771223
              ],
              [
                111.8292684,
                -8.2771296
              ],
              [
                111.8292211,
                -8.2771538
              ],
              [
                111.8291192,
                -8.2772142
              ],
              [
                111.8290722,
                -8.2772573
              ],
              [
                111.829032,
                -8.277327
              ],
              [
                111.8289998,
                -8.2774491
              ],
              [
                111.8289475,
                -8.2776096
              ],
              [
                111.8289636,
                -8.2776614
              ],
              [
                111.8290186,
                -8.2777264
              ],
              [
                111.8290719,
                -8.2777815
              ],
              [
                111.8290997,
                -8.2777868
              ],
              [
                111.8291333,
                -8.2777848
              ],
              [
                111.8291631,
                -8.2777619
              ],
              [
                111.8291896,
                -8.2776972
              ],
              [
                111.8292218,
                -8.2776753
              ],
              [
                111.8292747,
                -8.2776581
              ],
              [
                111.8293257,
                -8.2776627
              ],
              [
                111.8293767,
                -8.2776733
              ],
              [
                111.8294705,
                -8.2777092
              ],
              [
                111.8296033,
                -8.2777397
              ],
              [
                111.8297267,
                -8.277757
              ],
              [
                111.8300486,
                -8.2777835
              ],
              [
                111.8302739,
                -8.2777729
              ],
              [
                111.8305367,
                -8.2776932
              ],
              [
                111.8307298,
                -8.2776879
              ],
              [
                111.8309686,
                -8.2776959
              ],
              [
                111.8313655,
                -8.2777729
              ],
              [
                111.8316177,
                -8.2778764
              ],
              [
                111.8318027,
                -8.2779932
              ],
              [
                111.8319073,
                -8.27811
              ],
              [
                111.8320441,
                -8.2782613
              ],
              [
                111.832146,
                -8.2784205
              ],
              [
                111.8323003,
                -8.2785731
              ],
              [
                111.8323942,
                -8.2786488
              ],
              [
                111.8324733,
                -8.278739
              ],
              [
                111.8325028,
                -8.278816
              ],
              [
                111.8325001,
                -8.2788678
              ],
              [
                111.83248,
                -8.2789248
              ],
              [
                111.8324116,
                -8.2790058
              ],
              [
                111.832256,
                -8.2791252
              ],
              [
                111.8321782,
                -8.2791916
              ],
              [
                111.8321326,
                -8.2792898
              ],
              [
                111.8321165,
                -8.2793694
              ],
              [
                111.8321286,
                -8.2794623
              ],
              [
                111.832193,
                -8.2796216
              ],
              [
                111.8322748,
                -8.2797357
              ],
              [
                111.8324129,
                -8.27981
              ],
              [
                111.8325457,
                -8.2798167
              ],
              [
                111.8326342,
                -8.2798339
              ],
              [
                111.8327013,
                -8.2798751
              ],
              [
                111.8327214,
                -8.2799295
              ],
              [
                111.8327241,
                -8.2799945
              ],
              [
                111.8326905,
                -8.2800635
              ],
              [
                111.8325672,
                -8.2802254
              ],
              [
                111.8324974,
                -8.2804298
              ],
              [
                111.8325028,
                -8.2806236
              ],
              [
                111.8325497,
                -8.2809301
              ],
              [
                111.8325926,
                -8.281019
              ],
              [
                111.832649,
                -8.2810734
              ],
              [
                111.8327254,
                -8.2811013
              ],
              [
                111.8329748,
                -8.2811252
              ],
              [
                111.8333209,
                -8.2811438
              ],
              [
                111.8335918,
                -8.2811332
              ],
              [
                111.8338439,
                -8.2811783
              ],
              [
                111.8339699,
                -8.2812048
              ],
              [
                111.8341631,
                -8.281242
              ],
              [
                111.8343803,
                -8.2812314
              ],
              [
                111.8347035,
                -8.281169
              ],
              [
                111.8348497,
                -8.2810894
              ],
              [
                111.834965,
                -8.2810071
              ],
              [
                111.8350321,
                -8.2808147
              ],
              [
                111.835067,
                -8.2807377
              ],
              [
                111.8351099,
                -8.2806886
              ],
              [
                111.8351971,
                -8.2806766
              ],
              [
                111.835248,
                -8.2806873
              ],
              [
                111.8353258,
                -8.2807629
              ],
              [
                111.8354009,
                -8.2808545
              ],
              [
                111.8354975,
                -8.2809394
              ],
              [
                111.8356074,
                -8.2810588
              ],
              [
                111.8356919,
                -8.2811093
              ],
              [
                111.8357643,
                -8.2811358
              ],
              [
                111.8358301,
                -8.2811279
              ],
              [
                111.835873,
                -8.2810748
              ],
              [
                111.8358824,
                -8.2810257
              ],
              [
                111.8358944,
                -8.2809235
              ],
              [
                111.8359213,
                -8.2808425
              ],
              [
                111.8359722,
                -8.280808
              ],
              [
                111.8360245,
                -8.2807914
              ],
              [
                111.8360929,
                -8.2807948
              ],
              [
                111.8361875,
                -8.2808173
              ],
              [
                111.8363893,
                -8.2809235
              ],
              [
                111.8364966,
                -8.2809553
              ],
              [
                111.8366012,
                -8.2809553
              ],
              [
                111.8367246,
                -8.2809686
              ],
              [
                111.8368466,
                -8.2810257
              ],
              [
                111.8369284,
                -8.2811146
              ],
              [
                111.8369767,
                -8.2812128
              ],
              [
                111.8370491,
                -8.2812898
              ],
              [
                111.8371779,
                -8.28138
              ],
              [
                111.8373039,
                -8.28138
              ],
              [
                111.8374595,
                -8.2813747
              ],
              [
                111.8377894,
                -8.2813827
              ],
              [
                111.838299,
                -8.2814835
              ],
              [
                111.8386424,
                -8.2815313
              ],
              [
                111.8391198,
                -8.2815313
              ],
              [
                111.8396133,
                -8.2814835
              ],
              [
                111.8401068,
                -8.2815419
              ],
              [
                111.8403321,
                -8.2815419
              ],
              [
                111.8404984,
                -8.2814941
              ],
              [
                111.8406916,
                -8.2814092
              ],
              [
                111.8409812,
                -8.2812712
              ],
              [
                111.8411905,
                -8.2812287
              ],
              [
                111.8413621,
                -8.2812181
              ],
              [
                111.8415874,
                -8.281319
              ],
              [
                111.8417296,
                -8.2814344
              ],
              [
                111.8418838,
                -8.2815844
              ],
              [
                111.8422352,
                -8.2818326
              ],
              [
                111.8423948,
                -8.2819347
              ],
              [
                111.8425208,
                -8.2819799
              ],
              [
                111.8426321,
                -8.2820024
              ],
              [
                111.8426791,
                -8.2819865
              ],
              [
                111.8427367,
                -8.281952
              ],
              [
                111.8428212,
                -8.2818963
              ],
              [
                111.8429446,
                -8.2818538
              ],
              [
                111.8430895,
                -8.2818153
              ],
              [
                111.8431954,
                -8.2818073
              ],
              [
                111.8432745,
                -8.2817821
              ],
              [
                111.8432946,
                -8.2817675
              ],
              [
                111.8433034,
                -8.2817463
              ],
              [
                111.8432926,
                -8.2817025
              ],
              [
                111.8432155,
                -8.2814729
              ],
              [
                111.8431438,
                -8.2812845
              ],
              [
                111.843133,
                -8.2812088
              ],
              [
                111.8431337,
                -8.281173
              ],
              [
                111.8431605,
                -8.2811345
              ],
              [
                111.8432048,
                -8.2811186
              ],
              [
                111.8432651,
                -8.2811186
              ],
              [
                111.8433302,
                -8.2811093
              ],
              [
                111.8433523,
                -8.2811013
              ],
              [
                111.8433731,
                -8.2810887
              ],
              [
                111.8433738,
                -8.2810376
              ],
              [
                111.843347,
                -8.2809912
              ],
              [
                111.8433201,
                -8.2809713
              ],
              [
                111.8431659,
                -8.2809447
              ],
              [
                111.8430586,
                -8.2809434
              ],
              [
                111.8426684,
                -8.2809421
              ],
              [
                111.8424886,
                -8.2809182
              ],
              [
                111.8423626,
                -8.2808784
              ],
              [
                111.8422794,
                -8.2807722
              ],
              [
                111.8421265,
                -8.2805784
              ],
              [
                111.8419817,
                -8.2804404
              ],
              [
                111.8418583,
                -8.2803263
              ],
              [
                111.8417296,
                -8.2802334
              ],
              [
                111.8416035,
                -8.2800821
              ],
              [
                111.8415257,
                -8.2799441
              ],
              [
                111.8414962,
                -8.2798366
              ],
              [
                111.8414962,
                -8.2797569
              ],
              [
                111.8415284,
                -8.2796866
              ],
              [
                111.8416089,
                -8.2796441
              ],
              [
                111.8416491,
                -8.2796043
              ],
              [
                111.8416518,
                -8.2795181
              ],
              [
                111.8415499,
                -8.2793734
              ],
              [
                111.8414614,
                -8.2792195
              ],
              [
                111.8414265,
                -8.2789514
              ],
              [
                111.8414211,
                -8.2787974
              ],
              [
                111.8414533,
                -8.2787125
              ],
              [
                111.8415673,
                -8.2785798
              ],
              [
                111.841637,
                -8.2785373
              ],
              [
                111.8416518,
                -8.2784882
              ],
              [
                111.8416505,
                -8.2784139
              ],
              [
                111.8416357,
                -8.2782984
              ],
              [
                111.8415794,
                -8.278175
              ],
              [
                111.8413836,
                -8.278037
              ],
              [
                111.841342,
                -8.2779666
              ],
              [
                111.8413246,
                -8.2778844
              ],
              [
                111.841338,
                -8.27781
              ],
              [
                111.841397,
                -8.2777317
              ],
              [
                111.8414949,
                -8.277668
              ],
              [
                111.8415727,
                -8.2776375
              ],
              [
                111.8417188,
                -8.2776641
              ],
              [
                111.8418771,
                -8.2777145
              ],
              [
                111.8420729,
                -8.2778021
              ],
              [
                111.842199,
                -8.277826
              ],
              [
                111.8423907,
                -8.277826
              ],
              [
                111.8424444,
                -8.2777862
              ],
              [
                111.8424645,
                -8.2777198
              ],
              [
                111.8424323,
                -8.2776004
              ],
              [
                111.8423438,
                -8.2774756
              ],
              [
                111.8422016,
                -8.2773509
              ],
              [
                111.8420635,
                -8.2771916
              ],
              [
                111.8419562,
                -8.2770808
              ],
              [
                111.8419153,
                -8.2770622
              ],
              [
                111.8418764,
                -8.2770708
              ],
              [
                111.8418355,
                -8.277096
              ],
              [
                111.8418033,
                -8.2771252
              ],
              [
                111.8417671,
                -8.2771757
              ],
              [
                111.8417276,
                -8.2772095
              ],
              [
                111.841684,
                -8.2772075
              ],
              [
                111.8416438,
                -8.2771889
              ],
              [
                111.8415995,
                -8.2771359
              ],
              [
                111.8415847,
                -8.2770576
              ],
              [
                111.8415861,
                -8.2769487
              ],
              [
                111.8415767,
                -8.2768598
              ],
              [
                111.8415378,
                -8.2767576
              ],
              [
                111.8415096,
                -8.2766886
              ],
              [
                111.8415003,
                -8.2766315
              ],
              [
                111.841517,
                -8.2765824
              ],
              [
                111.8415485,
                -8.2765532
              ],
              [
                111.8415861,
                -8.2765254
              ],
              [
                111.8417269,
                -8.2764338
              ],
              [
                111.8417879,
                -8.2764106
              ],
              [
                111.8418221,
                -8.2763966
              ],
              [
                111.8418396,
                -8.2763814
              ],
              [
                111.8418449,
                -8.2763681
              ],
              [
                111.8418436,
                -8.2763522
              ],
              [
                111.8418355,
                -8.2763024
              ],
              [
                111.8418121,
                -8.276258
              ],
              [
                111.8417631,
                -8.2761637
              ],
              [
                111.8416062,
                -8.2760702
              ],
              [
                111.8414801,
                -8.2760025
              ],
              [
                111.841287,
                -8.2759945
              ],
              [
                111.841161,
                -8.2760264
              ],
              [
                111.8409491,
                -8.2760768
              ],
              [
                111.8407693,
                -8.2760954
              ],
              [
                111.8406594,
                -8.2760795
              ],
              [
                111.8404824,
                -8.2760343
              ],
              [
                111.8402705,
                -8.2759175
              ],
              [
                111.840186,
                -8.2758472
              ],
              [
                111.8401605,
                -8.2758008
              ],
              [
                111.8401524,
                -8.2757264
              ],
              [
                111.8401846,
                -8.2755858
              ],
              [
                111.8402222,
                -8.2754637
              ],
              [
                111.8402624,
                -8.2752911
              ],
              [
                111.8402195,
                -8.2751929
              ],
              [
                111.8401122,
                -8.275108
              ],
              [
                111.8399808,
                -8.2750045
              ],
              [
                111.8398279,
                -8.2749248
              ],
              [
                111.8397193,
                -8.2748439
              ],
              [
                111.8396562,
                -8.2747125
              ],
              [
                111.8396375,
                -8.2745453
              ],
              [
                111.8396455,
                -8.2743781
              ],
              [
                111.8397367,
                -8.2742215
              ],
              [
                111.8397984,
                -8.2741259
              ],
              [
                111.8398547,
                -8.2740728
              ],
              [
                111.8399171,
                -8.2740489
              ],
              [
                111.8399701,
                -8.2740536
              ],
              [
                111.8400579,
                -8.274108
              ],
              [
                111.840139,
                -8.2741816
              ],
              [
                111.8404663,
                -8.2744444
              ],
              [
                111.8406031,
                -8.2744948
              ],
              [
                111.8407211,
                -8.2744975
              ],
              [
                111.8407747,
                -8.2744895
              ],
              [
                111.8408217,
                -8.2744418
              ],
              [
                111.8408284,
                -8.274256
              ],
              [
                111.8408371,
                -8.2741883
              ],
              [
                111.8408592,
                -8.2741518
              ],
              [
                111.8408833,
                -8.2741352
              ],
              [
                111.8409283,
                -8.2741332
              ],
              [
                111.8409933,
                -8.2741551
              ],
              [
                111.8410496,
                -8.2741936
              ],
              [
                111.8411958,
                -8.2742692
              ],
              [
                111.841346,
                -8.2743197
              ],
              [
                111.841456,
                -8.2743455
              ],
              [
                111.8415117,
                -8.2743489
              ],
              [
                111.8415626,
                -8.2743356
              ],
              [
                111.8415861,
                -8.2742948
              ],
              [
                111.8416106,
                -8.2742699
              ],
              [
                111.8416438,
                -8.2742483
              ],
              [
                111.841688,
                -8.2742307
              ],
              [
                111.8418047,
                -8.2741976
              ],
              [
                111.8419106,
                -8.2741544
              ],
              [
                111.8419676,
                -8.2741412
              ],
              [
                111.8420333,
                -8.2741352
              ],
              [
                111.8420595,
                -8.2741233
              ],
              [
                111.8420722,
                -8.2741087
              ],
              [
                111.8420763,
                -8.2740814
              ],
              [
                111.8420642,
                -8.2740509
              ],
              [
                111.8419991,
                -8.2739786
              ],
              [
                111.8419267,
                -8.2738883
              ],
              [
                111.8417993,
                -8.2737649
              ],
              [
                111.8417256,
                -8.2737012
              ],
              [
                111.8415526,
                -8.2736057
              ],
              [
                111.8413004,
                -8.2734438
              ],
              [
                111.8411395,
                -8.2733031
              ],
              [
                111.8410745,
                -8.273114
              ],
              [
                111.8410255,
                -8.2730071
              ],
              [
                111.8409786,
                -8.2729534
              ],
              [
                111.8409269,
                -8.2729056
              ],
              [
                111.8408713,
                -8.2728658
              ],
              [
                111.840827,
                -8.2728359
              ],
              [
                111.8408183,
                -8.2728207
              ],
              [
                111.8408203,
                -8.2728067
              ],
              [
                111.840829,
                -8.2727978
              ],
              [
                111.8408451,
                -8.2727835
              ],
              [
                111.8408666,
                -8.2727669
              ],
              [
                111.8409786,
                -8.2727005
              ],
              [
                111.8411274,
                -8.2726037
              ],
              [
                111.8412401,
                -8.2725254
              ],
              [
                111.8414345,
                -8.272455
              ],
              [
                111.8415821,
                -8.2723887
              ],
              [
                111.8417068,
                -8.272321
              ],
              [
                111.841798,
                -8.2722944
              ],
              [
                111.841912,
                -8.2722838
              ],
              [
                111.8420649,
                -8.2722865
              ],
              [
                111.842152,
                -8.2722745
              ],
              [
                111.8422191,
                -8.2722586
              ],
              [
                111.842254,
                -8.2722374
              ],
              [
                111.842262,
                -8.2721982
              ],
              [
                111.8422533,
                -8.2721531
              ],
              [
                111.8422157,
                -8.2720509
              ],
              [
                111.8421829,
                -8.2719733
              ],
              [
                111.8421319,
                -8.2718844
              ],
              [
                111.8420273,
                -8.2718074
              ],
              [
                111.8419576,
                -8.2717755
              ],
              [
                111.8418919,
                -8.2717596
              ],
              [
                111.841794,
                -8.2717623
              ],
              [
                111.8416893,
                -8.2717662
              ],
              [
                111.8415914,
                -8.271753
              ],
              [
                111.8414412,
                -8.2716985
              ],
              [
                111.8411905,
                -8.271607
              ],
              [
                111.8410268,
                -8.2715565
              ],
              [
                111.840831,
                -8.27153
              ],
              [
                111.8406513,
                -8.2715433
              ],
              [
                111.8405186,
                -8.2715473
              ],
              [
                111.8404274,
                -8.2715287
              ],
              [
                111.8403751,
                -8.2714663
              ],
              [
                111.8403617,
                -8.271311
              ],
              [
                111.8403885,
                -8.2710708
              ],
              [
                111.8404207,
                -8.270804
              ],
              [
                111.8404475,
                -8.2706992
              ],
              [
                111.8404824,
                -8.2706541
              ],
              [
                111.8405326,
                -8.2706196
              ],
              [
                111.8406138,
                -8.2705804
              ],
              [
                111.8406822,
                -8.2705691
              ],
              [
                111.8407526,
                -8.2705419
              ],
              [
                111.8408297,
                -8.2704431
              ],
              [
                111.8409075,
                -8.2703249
              ],
              [
                111.8410215,
                -8.2701113
              ],
              [
                111.8410523,
                -8.2700224
              ],
              [
                111.8410604,
                -8.2699308
              ],
              [
                111.8410027,
                -8.2697569
              ],
              [
                111.8408914,
                -8.2696162
              ],
              [
                111.8407533,
                -8.2695074
              ],
              [
                111.84065,
                -8.2694636
              ],
              [
                111.8405373,
                -8.2694331
              ],
              [
                111.8404153,
                -8.2694198
              ],
              [
                111.8403362,
                -8.269384
              ],
              [
                111.8402745,
                -8.2693216
              ],
              [
                111.8402316,
                -8.2692499
              ],
              [
                111.8401793,
                -8.2690694
              ],
              [
                111.8401605,
                -8.2688491
              ],
              [
                111.8401954,
                -8.2687058
              ],
              [
                111.8402892,
                -8.2685678
              ],
              [
                111.840359,
                -8.2684775
              ],
              [
                111.8405333,
                -8.2683342
              ],
              [
                111.8406701,
                -8.2682904
              ],
              [
                111.840772,
                -8.2682705
              ],
              [
                111.840878,
                -8.2681962
              ],
              [
                111.8409048,
                -8.2680767
              ],
              [
                111.8408927,
                -8.2679706
              ],
              [
                111.8407975,
                -8.2678047
              ],
              [
                111.8407036,
                -8.2676653
              ],
              [
                111.8406259,
                -8.267599
              ],
              [
                111.840532,
                -8.2675671
              ],
              [
                111.8403898,
                -8.2675326
              ],
              [
                111.840241,
                -8.2674769
              ],
              [
                111.8400076,
                -8.267368
              ],
              [
                111.8397152,
                -8.2672592
              ],
              [
                111.8394309,
                -8.2672645
              ],
              [
                111.8390927,
                -8.2673676
              ],
              [
                111.8387228,
                -8.2674689
              ],
              [
                111.8385699,
                -8.2674795
              ],
              [
                111.8384519,
                -8.2674477
              ],
              [
                111.838299,
                -8.2672964
              ],
              [
                111.8382078,
                -8.2670999
              ],
              [
                111.8381515,
                -8.2669301
              ],
              [
                111.8381488,
                -8.2668318
              ],
              [
                111.838173,
                -8.2667177
              ],
              [
                111.8383151,
                -8.2665346
              ],
              [
                111.8384734,
                -8.2663886
              ],
              [
                111.8386424,
                -8.2661683
              ],
              [
                111.8387926,
                -8.265802
              ],
              [
                111.8388194,
                -8.2654038
              ],
              [
                111.8387282,
                -8.2649897
              ],
              [
                111.8386209,
                -8.2646447
              ],
              [
                111.8384492,
                -8.2644376
              ],
              [
                111.8381059,
                -8.2643792
              ],
              [
                111.8377948,
                -8.2644456
              ],
              [
                111.8375882,
                -8.2646128
              ],
              [
                111.8373817,
                -8.2647296
              ],
              [
                111.8371189,
                -8.2648092
              ],
              [
                111.8370169,
                -8.264796
              ],
              [
                111.8369365,
                -8.2647535
              ],
              [
                111.8367809,
                -8.2645332
              ],
              [
                111.8366387,
                -8.2643394
              ],
              [
                111.8363866,
                -8.2641377
              ],
              [
                111.836215,
                -8.2640527
              ],
              [
                111.8360296,
                -8.2640335
              ],
              [
                111.8357939,
                -8.2641722
              ],
              [
                111.8356812,
                -8.2642969
              ],
              [
                111.835582,
                -8.2643341
              ],
              [
                111.8354773,
                -8.2643076
              ],
              [
                111.8354385,
                -8.2642837
              ],
              [
                111.8353862,
                -8.2641881
              ],
              [
                111.8353271,
                -8.2639466
              ],
              [
                111.8353084,
                -8.2637395
              ],
              [
                111.8353003,
                -8.2634343
              ],
              [
                111.8352869,
                -8.2632697
              ],
              [
                111.8353111,
                -8.2629591
              ],
              [
                111.8353432,
                -8.2626751
              ],
              [
                111.8355471,
                -8.2619186
              ],
              [
                111.8356463,
                -8.2616505
              ],
              [
                111.8357684,
                -8.2614661
              ],
              [
                111.8359078,
                -8.2613413
              ],
              [
                111.8360232,
                -8.2613068
              ],
              [
                111.8361801,
                -8.2613002
              ],
              [
                111.8363625,
                -8.2613267
              ],
              [
                111.8365194,
                -8.2613015
              ],
              [
                111.8366508,
                -8.2612166
              ],
              [
                111.8367568,
                -8.2610905
              ],
              [
                111.8368587,
                -8.2610453
              ],
              [
                111.8370599,
                -8.2610135
              ],
              [
                111.837253,
                -8.2610188
              ],
              [
                111.8378618,
                -8.2610268
              ],
              [
                111.8381126,
                -8.2610321
              ],
              [
                111.8382025,
                -8.2610042
              ],
              [
                111.8383178,
                -8.2609339
              ],
              [
                111.8383916,
                -8.2608011
              ],
              [
                111.8384466,
                -8.2607507
              ],
              [
                111.8385109,
                -8.2607136
              ],
              [
                111.8385968,
                -8.2606963
              ],
              [
                111.8386279,
                -8.2606824
              ],
              [
                111.8386343,
                -8.2606598
              ],
              [
                111.83863,
                -8.2606279
              ],
              [
                111.8385787,
                -8.2605938
              ],
              [
                111.8385324,
                -8.2605317
              ],
              [
                111.8384694,
                -8.2604534
              ],
              [
                111.8384184,
                -8.2603472
              ],
              [
                111.8383983,
                -8.2602132
              ],
              [
                111.8384251,
                -8.2600977
              ],
              [
                111.8384948,
                -8.2599199
              ],
              [
                111.8386504,
                -8.2596332
              ],
              [
                111.8388113,
                -8.2594235
              ],
              [
                111.8389723,
                -8.2591395
              ],
              [
                111.8391305,
                -8.2588581
              ],
              [
                111.8392405,
                -8.2587758
              ],
              [
                111.8394256,
                -8.2587307
              ],
              [
                111.8397582,
                -8.2587068
              ],
              [
                111.840072,
                -8.2587812
              ],
              [
                111.840367,
                -8.2588741
              ],
              [
                111.8406621,
                -8.259036
              ],
              [
                111.8408605,
                -8.2591846
              ],
              [
                111.8409625,
                -8.2593041
              ],
              [
                111.8410134,
                -8.2593996
              ],
              [
                111.8410215,
                -8.259527
              ],
              [
                111.8410349,
                -8.2597394
              ],
              [
                111.8410242,
                -8.2599225
              ],
              [
                111.8409853,
                -8.260042
              ],
              [
                111.840933,
                -8.2600924
              ],
              [
                111.840772,
                -8.2601721
              ],
              [
                111.840587,
                -8.2602729
              ],
              [
                111.840485,
                -8.2603658
              ],
              [
                111.8404502,
                -8.2605012
              ],
              [
                111.8404421,
                -8.260626
              ],
              [
                111.8404984,
                -8.2607666
              ],
              [
                111.8405816,
                -8.2608781
              ],
              [
                111.8407184,
                -8.2609657
              ],
              [
                111.8409973,
                -8.2610347
              ],
              [
                111.8411368,
                -8.2611037
              ],
              [
                111.8413112,
                -8.2612258
              ],
              [
                111.8414667,
                -8.2613878
              ],
              [
                111.8415767,
                -8.2615019
              ],
              [
                111.8416947,
                -8.2616612
              ],
              [
                111.8417242,
                -8.2617833
              ],
              [
                111.8417028,
                -8.2619558
              ],
              [
                111.8416089,
                -8.2621894
              ],
              [
                111.8415472,
                -8.262407
              ],
              [
                111.8415686,
                -8.2625557
              ],
              [
                111.8416303,
                -8.2626619
              ],
              [
                111.8417698,
                -8.2628424
              ],
              [
                111.8417376,
                -8.2630467
              ],
              [
                111.84168,
                -8.2631609
              ],
              [
                111.8416035,
                -8.2632286
              ],
              [
                111.8415217,
                -8.2632949
              ],
              [
                111.8414828,
                -8.2634038
              ],
              [
                111.8414855,
                -8.2635166
              ],
              [
                111.8414801,
                -8.2636214
              ],
              [
                111.8414493,
                -8.2637103
              ],
              [
                111.8413889,
                -8.2638019
              ],
              [
                111.8413635,
                -8.263865
              ],
              [
                111.8413749,
                -8.2639048
              ],
              [
                111.8413997,
                -8.2639452
              ],
              [
                111.8414265,
                -8.2639678
              ],
              [
                111.8414801,
                -8.2639731
              ],
              [
                111.8415338,
                -8.2639346
              ],
              [
                111.8415526,
                -8.2638908
              ],
              [
                111.841574,
                -8.2638231
              ],
              [
                111.8416692,
                -8.2637515
              ],
              [
                111.8417832,
                -8.263721
              ],
              [
                111.8419415,
                -8.2637077
              ],
              [
                111.8422312,
                -8.2636413
              ],
              [
                111.8424377,
                -8.2636015
              ],
              [
                111.8426469,
                -8.263559
              ],
              [
                111.843237,
                -8.2635033
              ],
              [
                111.8436125,
                -8.2634343
              ],
              [
                111.8438351,
                -8.2633122
              ],
              [
                111.8440041,
                -8.2630627
              ],
              [
                111.8440524,
                -8.2628689
              ],
              [
                111.8440765,
                -8.2626857
              ],
              [
                111.8441167,
                -8.2626088
              ],
              [
                111.8441811,
                -8.2625398
              ],
              [
                111.8443447,
                -8.2624946
              ],
              [
                111.8445459,
                -8.2624867
              ],
              [
                111.8448248,
                -8.2626114
              ],
              [
                111.845026,
                -8.2628185
              ],
              [
                111.8451869,
                -8.2630308
              ],
              [
                111.8453479,
                -8.2631954
              ],
              [
                111.845549,
                -8.2633387
              ],
              [
                111.8457288,
                -8.2634953
              ],
              [
                111.845828,
                -8.263628
              ],
              [
                111.845828,
                -8.2637077
              ],
              [
                111.8457904,
                -8.2638006
              ],
              [
                111.8457234,
                -8.2639598
              ],
              [
                111.8456885,
                -8.2641748
              ],
              [
                111.8456966,
                -8.2643182
              ],
              [
                111.8457878,
                -8.2644429
              ],
              [
                111.8459004,
                -8.2645411
              ],
              [
                111.8460372,
                -8.2645571
              ],
              [
                111.8461257,
                -8.2645199
              ],
              [
                111.8461981,
                -8.2644376
              ],
              [
                111.8462732,
                -8.2643049
              ],
              [
                111.8463322,
                -8.2642226
              ],
              [
                111.846469,
                -8.2641722
              ],
              [
                111.8466943,
                -8.264143
              ],
              [
                111.8472281,
                -8.2641138
              ],
              [
                111.8475312,
                -8.2640952
              ],
              [
                111.8477941,
                -8.2640819
              ],
              [
                111.8479845,
                -8.2640501
              ],
              [
                111.8482634,
                -8.2639333
              ],
              [
                111.8484485,
                -8.2638324
              ],
              [
                111.8485799,
                -8.2637979
              ],
              [
                111.8487543,
                -8.2637926
              ],
              [
                111.84917,
                -8.2640076
              ],
              [
                111.8494785,
                -8.2642545
              ],
              [
                111.8497118,
                -8.264435
              ],
              [
                111.8498245,
                -8.2646287
              ],
              [
                111.8497977,
                -8.2648225
              ],
              [
                111.8497038,
                -8.265011
              ],
              [
                111.8496045,
                -8.265157
              ],
              [
                111.8495268,
                -8.2653083
              ],
              [
                111.8495241,
                -8.2653852
              ],
              [
                111.8495429,
                -8.2654755
              ],
              [
                111.849626,
                -8.2655923
              ],
              [
                111.8498138,
                -8.2656931
              ],
              [
                111.8499479,
                -8.2657887
              ],
              [
                111.8499854,
                -8.2659055
              ],
              [
                111.8499479,
                -8.266078
              ],
              [
                111.8497977,
                -8.2662505
              ],
              [
                111.8496904,
                -8.2664947
              ],
              [
                111.8497011,
                -8.2666195
              ],
              [
                111.8497923,
                -8.2667151
              ],
              [
                111.8498996,
                -8.2667522
              ],
              [
                111.8501061,
                -8.2667628
              ],
              [
                111.8502992,
                -8.2667416
              ],
              [
                111.8504152,
                -8.2667124
              ],
              [
                111.8505098,
                -8.2666766
              ],
              [
                111.8505581,
                -8.2666766
              ],
              [
                111.8505936,
                -8.2666885
              ],
              [
                111.8506164,
                -8.2667164
              ],
              [
                111.8506184,
                -8.2667887
              ],
              [
                111.8505976,
                -8.2668478
              ],
              [
                111.8504159,
                -8.2671358
              ],
              [
                111.8503824,
                -8.2672167
              ],
              [
                111.8503764,
                -8.2672459
              ],
              [
                111.8503817,
                -8.2672692
              ],
              [
                111.8503992,
                -8.2672765
              ],
              [
                111.8504387,
                -8.2672804
              ],
              [
                111.8505192,
                -8.2672592
              ],
              [
                111.8506265,
                -8.2671689
              ],
              [
                111.8507472,
                -8.2669991
              ],
              [
                111.8508625,
                -8.266869
              ],
              [
                111.8511468,
                -8.2666168
              ],
              [
                111.8513882,
                -8.2665093
              ],
              [
                111.8515599,
                -8.2664364
              ],
              [
                111.8516457,
                -8.2664483
              ],
              [
                111.8516967,
                -8.2664894
              ],
              [
                111.8517356,
                -8.2665465
              ],
              [
                111.8517382,
                -8.266581
              ],
              [
                111.8517315,
                -8.2666354
              ],
              [
                111.8516631,
                -8.2667602
              ],
              [
                111.851474,
                -8.267084
              ],
              [
                111.8513694,
                -8.2672406
              ],
              [
                111.8513265,
                -8.2674078
              ],
              [
                111.8513346,
                -8.2675565
              ],
              [
                111.8513694,
                -8.2676573
              ],
              [
                111.8514419,
                -8.2677131
              ],
              [
                111.8515974,
                -8.2677449
              ],
              [
                111.8519086,
                -8.2677821
              ],
              [
                111.852099,
                -8.2678246
              ],
              [
                111.8522197,
                -8.2678564
              ],
              [
                111.8522331,
                -8.2678883
              ],
              [
                111.8522237,
                -8.2679228
              ],
              [
                111.8521526,
                -8.2679785
              ],
              [
                111.8519863,
                -8.2680502
              ],
              [
                111.8516591,
                -8.2682068
              ],
              [
                111.8514633,
                -8.2684138
              ],
              [
                111.8513989,
                -8.2685572
              ],
              [
                111.8513989,
                -8.2686753
              ],
              [
                111.8514486,
                -8.2687589
              ],
              [
                111.8515143,
                -8.2687934
              ],
              [
                111.8515666,
                -8.2688014
              ],
              [
                111.8516833,
                -8.2687828
              ],
              [
                111.8518053,
                -8.2687708
              ],
              [
                111.8520279,
                -8.268808
              ],
              [
                111.8521808,
                -8.2688505
              ],
              [
                111.8522881,
                -8.2688863
              ],
              [
                111.8523552,
                -8.268946
              ],
              [
                111.852437,
                -8.2690522
              ],
              [
                111.8524718,
                -8.2691783
              ],
              [
                111.852563,
                -8.2694968
              ],
              [
                111.8526059,
                -8.2702506
              ],
              [
                111.8527454,
                -8.2710735
              ],
              [
                111.8528205,
                -8.2711511
              ],
              [
                111.8528869,
                -8.2711816
              ],
              [
                111.8529519,
                -8.2711697
              ],
              [
                111.8529949,
                -8.2711319
              ],
              [
                111.8531182,
                -8.2709142
              ],
              [
                111.8532202,
                -8.2707085
              ],
              [
                111.8533154,
                -8.2705426
              ],
              [
                111.8533489,
                -8.2704537
              ],
              [
                111.8533503,
                -8.2703754
              ],
              [
                111.853357,
                -8.2703376
              ],
              [
                111.8533751,
                -8.2703296
              ],
              [
                111.8534046,
                -8.2703322
              ],
              [
                111.8534354,
                -8.2703561
              ],
              [
                111.8534736,
                -8.2704086
              ],
              [
                111.8535487,
                -8.2705227
              ],
              [
                111.8536299,
                -8.2706262
              ],
              [
                111.853654,
                -8.2706421
              ],
              [
                111.8536782,
                -8.2706461
              ],
              [
                111.8536956,
                -8.2706335
              ],
              [
                111.8538102,
                -8.2705439
              ],
              [
                111.8538357,
                -8.2704882
              ],
              [
                111.8538719,
                -8.2703714
              ],
              [
                111.8539403,
                -8.2701697
              ],
              [
                111.854006,
                -8.269948
              ],
              [
                111.8540597,
                -8.2696162
              ],
              [
                111.8540838,
                -8.2694623
              ],
              [
                111.8541321,
                -8.2693482
              ],
              [
                111.8541777,
                -8.2692964
              ],
              [
                111.854226,
                -8.2692659
              ],
              [
                111.8542957,
                -8.2692659
              ],
              [
                111.8543413,
                -8.2692951
              ],
              [
                111.8543681,
                -8.2694132
              ],
              [
                111.8543681,
                -8.2698578
              ],
              [
                111.854403,
                -8.2700675
              ],
              [
                111.8544808,
                -8.2702347
              ],
              [
                111.8545827,
                -8.2704311
              ],
              [
                111.8546498,
                -8.2705399
              ],
              [
                111.854745,
                -8.2706289
              ],
              [
                111.8547986,
                -8.2706581
              ],
              [
                111.8548268,
                -8.2706508
              ],
              [
                111.8548536,
                -8.2706368
              ],
              [
                111.8548939,
                -8.2705691
              ],
              [
                111.8549153,
                -8.2704975
              ],
              [
                111.8550119,
                -8.2702028
              ],
              [
                111.8552291,
                -8.2694039
              ],
              [
                111.8554142,
                -8.2690721
              ],
              [
                111.8555148,
                -8.2689221
              ],
              [
                111.8555617,
                -8.2688797
              ],
              [
                111.855606,
                -8.2688797
              ],
              [
                111.8556355,
                -8.2689075
              ],
              [
                111.8556583,
                -8.2689527
              ],
              [
                111.8556717,
                -8.2694119
              ],
              [
                111.8557575,
                -8.2696667
              ],
              [
                111.855838,
                -8.2697808
              ],
              [
                111.8559144,
                -8.2698074
              ],
              [
                111.8560225,
                -8.269825
              ],
              [
                111.8563342,
                -8.2698511
              ],
              [
                111.8564536,
                -8.2698127
              ],
              [
                111.8566467,
                -8.2697344
              ],
              [
                111.85675,
                -8.2697171
              ],
              [
                111.8568465,
                -8.2697171
              ],
              [
                111.8570571,
                -8.2697397
              ],
              [
                111.857222,
                -8.2697529
              ],
              [
                111.8573467,
                -8.2697383
              ],
              [
                111.8574312,
                -8.2696945
              ],
              [
                111.857564,
                -8.2695565
              ],
              [
                111.8577182,
                -8.269384
              ],
              [
                111.8578336,
                -8.2692115
              ],
              [
                111.8581045,
                -8.2687934
              ],
              [
                111.8581796,
                -8.2687244
              ],
              [
                111.8583003,
                -8.2686952
              ],
              [
                111.8584478,
                -8.2687191
              ],
              [
                111.8585095,
                -8.2687669
              ],
              [
                111.8585309,
                -8.2688624
              ],
              [
                111.8585095,
                -8.2690111
              ],
              [
                111.8584746,
                -8.2692207
              ],
              [
                111.8584558,
                -8.2693428
              ],
              [
                111.8584625,
                -8.2694225
              ],
              [
                111.8584867,
                -8.2694716
              ],
              [
                111.858539,
                -8.2695167
              ],
              [
                111.8587174,
                -8.2695685
              ],
              [
                111.8588394,
                -8.269587
              ],
              [
                111.8589333,
                -8.2695671
              ],
              [
                111.8590768,
                -8.2695021
              ],
              [
                111.8592592,
                -8.2694092
              ],
              [
                111.859463,
                -8.2693402
              ],
              [
                111.8595985,
                -8.2693269
              ],
              [
                111.859754,
                -8.2693296
              ],
              [
                111.8599176,
                -8.2693588
              ],
              [
                111.8600987,
                -8.2694092
              ],
              [
                111.8602516,
                -8.2694503
              ],
              [
                111.8605131,
                -8.2695698
              ],
              [
                111.8607438,
                -8.269745
              ],
              [
                111.860835,
                -8.2698392
              ],
              [
                111.8608873,
                -8.2699401
              ],
              [
                111.8609516,
                -8.2701418
              ],
              [
                111.8609811,
                -8.2702281
              ],
              [
                111.8610066,
                -8.2702785
              ],
              [
                111.8610495,
                -8.2703382
              ],
              [
                111.8611421,
                -8.2703979
              ],
              [
                111.8612386,
                -8.2704192
              ],
              [
                111.8614197,
                -8.2704072
              ],
              [
                111.8615283,
                -8.2703754
              ],
              [
                111.861649,
                -8.270317
              ],
              [
                111.8617925,
                -8.2701989
              ],
              [
                111.8619347,
                -8.2699241
              ],
              [
                111.8620004,
                -8.2697344
              ],
              [
                111.8621157,
                -8.2693747
              ],
              [
                111.8621922,
                -8.2691584
              ],
              [
                111.862286,
                -8.2690057
              ],
              [
                111.8623571,
                -8.2689142
              ],
              [
                111.8624496,
                -8.2688651
              ],
              [
                111.8625234,
                -8.2688531
              ],
              [
                111.8626086,
                -8.2688873
              ],
              [
                111.8626468,
                -8.2689195
              ],
              [
                111.8626682,
                -8.2690057
              ],
              [
                111.8627031,
                -8.2692101
              ],
              [
                111.8627232,
                -8.2694304
              ],
              [
                111.8627474,
                -8.2696295
              ],
              [
                111.8627742,
                -8.2697277
              ],
              [
                111.8628117,
                -8.2697967
              ],
              [
                111.8628506,
                -8.2698472
              ],
              [
                111.8629459,
                -8.2698896
              ],
              [
                111.8630565,
                -8.2699162
              ],
              [
                111.8630934,
                -8.2699374
              ],
              [
                111.8631041,
                -8.2699659
              ],
              [
                111.8631041,
                -8.2699958
              ],
              [
                111.863086,
                -8.270035
              ],
              [
                111.8630417,
                -8.2700588
              ],
              [
                111.8629526,
                -8.2700814
              ],
              [
                111.8627702,
                -8.2701272
              ],
              [
                111.8626843,
                -8.2701644
              ],
              [
                111.8626334,
                -8.2702241
              ],
              [
                111.8625958,
                -8.2703342
              ],
              [
                111.8625817,
                -8.2703867
              ],
              [
                111.8625817,
                -8.2704238
              ],
              [
                111.8625905,
                -8.2704404
              ],
              [
                111.862618,
                -8.2704484
              ],
              [
                111.8626703,
                -8.2704424
              ],
              [
                111.8627366,
                -8.2704172
              ],
              [
                111.8628077,
                -8.2704039
              ],
              [
                111.862915,
                -8.27039
              ],
              [
                111.8630243,
                -8.2703867
              ],
              [
                111.863088,
                -8.2704059
              ],
              [
                111.8631497,
                -8.2704232
              ],
              [
                111.8632027,
                -8.2704749
              ],
              [
                111.8632228,
                -8.2705433
              ],
              [
                111.8632422,
                -8.2706368
              ],
              [
                111.8632691,
                -8.2708492
              ],
              [
                111.8633012,
                -8.2710177
              ],
              [
                111.8633589,
                -8.2710987
              ],
              [
                111.8634997,
                -8.2712168
              ],
              [
                111.8636271,
                -8.2712991
              ],
              [
                111.8636526,
                -8.2713827
              ],
              [
                111.8636405,
                -8.2714411
              ],
              [
                111.8635976,
                -8.2715114
              ],
              [
                111.863497,
                -8.2715778
              ],
              [
                111.8633254,
                -8.271684
              ],
              [
                111.8631524,
                -8.2717437
              ],
              [
                111.8628466,
                -8.2718684
              ],
              [
                111.8627219,
                -8.2719096
              ],
              [
                111.8626682,
                -8.2719985
              ],
              [
                111.8626723,
                -8.2720569
              ],
              [
                111.8627152,
                -8.2721206
              ],
              [
                111.8628104,
                -8.2721989
              ],
              [
                111.8630183,
                -8.2724072
              ],
              [
                111.8630786,
                -8.2725028
              ],
              [
                111.8631269,
                -8.2726382
              ],
              [
                111.8631712,
                -8.2727749
              ],
              [
                111.8631725,
                -8.2729341
              ],
              [
                111.8631269,
                -8.2731159
              ],
              [
                111.8630692,
                -8.2732686
              ],
              [
                111.863029,
                -8.2733495
              ],
              [
                111.8629365,
                -8.2734836
              ],
              [
                111.8628292,
                -8.2735831
              ],
              [
                111.8625569,
                -8.2738684
              ],
              [
                111.8623933,
                -8.2740901
              ],
              [
                111.8622686,
                -8.2743144
              ],
              [
                111.8622297,
                -8.2744484
              ],
              [
                111.8622203,
                -8.2745904
              ],
              [
                111.8622538,
                -8.2746793
              ],
              [
                111.8623182,
                -8.2747377
              ],
              [
                111.8625154,
                -8.27482
              ],
              [
                111.862675,
                -8.274893
              ],
              [
                111.8628265,
                -8.274966
              ],
              [
                111.8629311,
                -8.2750231
              ],
              [
                111.8630424,
                -8.2750377
              ],
              [
                111.8630934,
                -8.2750204
              ],
              [
                111.8631752,
                -8.2749633
              ],
              [
                111.8633026,
                -8.2748625
              ],
              [
                111.8633991,
                -8.2748306
              ],
              [
                111.8635185,
                -8.2748346
              ],
              [
                111.863776,
                -8.2748771
              ],
              [
                111.8639376,
                -8.2748864
              ],
              [
                111.8640114,
                -8.2748764
              ],
              [
                111.8640623,
                -8.2748618
              ],
              [
                111.8640918,
                -8.2748585
              ],
              [
                111.8641099,
                -8.2748625
              ],
              [
                111.8641213,
                -8.2748757
              ],
              [
                111.8641186,
                -8.2748963
              ],
              [
                111.8641093,
                -8.2749288
              ],
              [
                111.8640905,
                -8.2749667
              ],
              [
                111.864059,
                -8.2750012
              ],
              [
                111.8640321,
                -8.2750456
              ],
              [
                111.864008,
                -8.2751186
              ],
              [
                111.8639899,
                -8.2751883
              ],
              [
                111.8639772,
                -8.275246
              ],
              [
                111.8639483,
                -8.2752865
              ],
              [
                111.8639014,
                -8.2753263
              ],
              [
                111.8638625,
                -8.2753542
              ],
              [
                111.8638498,
                -8.2753767
              ],
              [
                111.8638511,
                -8.275402
              ],
              [
                111.8638612,
                -8.2754239
              ],
              [
                111.8639014,
                -8.2754265
              ],
              [
                111.8639684,
                -8.2754093
              ],
              [
                111.8640295,
                -8.2753854
              ],
              [
                111.8640824,
                -8.2753323
              ],
              [
                111.8641186,
                -8.2752633
              ],
              [
                111.8641629,
                -8.2751664
              ],
              [
                111.8641884,
                -8.2750768
              ],
              [
                111.8641938,
                -8.2749992
              ],
              [
                111.8641958,
                -8.274889
              ],
              [
                111.8642085,
                -8.2747895
              ],
              [
                111.864242,
                -8.2746979
              ],
              [
                111.8642769,
                -8.2746641
              ],
              [
                111.8643305,
                -8.2746302
              ],
              [
                111.8644593,
                -8.2745778
              ],
              [
                111.864582,
                -8.2745201
              ],
              [
                111.8647275,
                -8.2744331
              ],
              [
                111.864804,
                -8.2743568
              ],
              [
                111.8649065,
                -8.2741856
              ],
              [
                111.864987,
                -8.2740675
              ],
              [
                111.8650755,
                -8.2739733
              ],
              [
                111.8651855,
                -8.2739401
              ],
              [
                111.8652874,
                -8.2739454
              ],
              [
                111.865439,
                -8.2739958
              ],
              [
                111.8658467,
                -8.2742188
              ],
              [
                111.8663549,
                -8.2745413
              ],
              [
                111.8664448,
                -8.2746302
              ],
              [
                111.8665199,
                -8.2747576
              ],
              [
                111.8665427,
                -8.274828
              ],
              [
                111.8665279,
                -8.2749089
              ],
              [
                111.8664864,
                -8.2749739
              ],
              [
                111.8664099,
                -8.2750483
              ],
              [
                111.8662007,
                -8.2752208
              ],
              [
                111.8661551,
                -8.275319
              ],
              [
                111.8661323,
                -8.2754358
              ],
              [
                111.866127,
                -8.2755194
              ],
              [
                111.8661591,
                -8.2756242
              ],
              [
                111.8662007,
                -8.275684
              ],
              [
                111.8662383,
                -8.2757092
              ],
              [
                111.8663429,
                -8.2757145
              ],
              [
                111.8665132,
                -8.2756986
              ],
              [
                111.8666621,
                -8.2757145
              ],
              [
                111.8669772,
                -8.2757397
              ],
              [
                111.8671583,
                -8.275757
              ],
              [
                111.867279,
                -8.2757755
              ],
              [
                111.8673661,
                -8.2758392
              ],
              [
                111.8674546,
                -8.2759494
              ],
              [
                111.8675807,
                -8.2760662
              ],
              [
                111.8677671,
                -8.2761989
              ],
              [
                111.8679227,
                -8.2762945
              ],
              [
                111.8680447,
                -8.2763767
              ],
              [
                111.8682311,
                -8.2765453
              ],
              [
                111.8682969,
                -8.2766568
              ],
              [
                111.8682995,
                -8.2767377
              ],
              [
                111.8682714,
                -8.2768306
              ],
              [
                111.8681574,
                -8.277035
              ],
              [
                111.8681319,
                -8.2771199
              ],
              [
                111.8681467,
                -8.2771943
              ],
              [
                111.8681869,
                -8.277246
              ],
              [
                111.8682727,
                -8.2772739
              ],
              [
                111.868435,
                -8.2772792
              ],
              [
                111.8685168,
                -8.2772938
              ],
              [
                111.8685839,
                -8.2773323
              ],
              [
                111.8686174,
                -8.2774119
              ],
              [
                111.8686187,
                -8.2774809
              ],
              [
                111.8685584,
                -8.2777171
              ],
              [
                111.8685463,
                -8.2778419
              ],
              [
                111.8685906,
                -8.2779454
              ],
              [
                111.8687488,
                -8.2780927
              ],
              [
                111.8688226,
                -8.2781631
              ],
              [
                111.8688843,
                -8.2782984
              ],
              [
                111.8688943,
                -8.2785743
              ],
              [
                111.8688481,
                -8.2789116
              ],
              [
                111.8687823,
                -8.2791412
              ],
              [
                111.8687113,
                -8.2792858
              ],
              [
                111.8686201,
                -8.2793561
              ],
              [
                111.8684712,
                -8.2793986
              ],
              [
                111.8682647,
                -8.2794026
              ],
              [
                111.8679884,
                -8.2794039
              ],
              [
                111.8676169,
                -8.2793893
              ],
              [
                111.8673152,
                -8.2793734
              ],
              [
                111.8672012,
                -8.2793761
              ],
              [
                111.8671314,
                -8.2794265
              ],
              [
                111.8670309,
                -8.2795194
              ],
              [
                111.8669598,
                -8.2796256
              ],
              [
                111.8667948,
                -8.2798976
              ],
              [
                111.866709,
                -8.2801259
              ],
              [
                111.8666567,
                -8.2803608
              ],
              [
                111.866658,
                -8.2804497
              ],
              [
                111.8666835,
                -8.2805054
              ],
              [
                111.8667559,
                -8.2805373
              ],
              [
                111.8668592,
                -8.2805426
              ],
              [
                111.866941,
                -8.2805081
              ],
              [
                111.867047,
                -8.2804364
              ],
              [
                111.8674158,
                -8.2801936
              ],
              [
                111.8675727,
                -8.2801338
              ],
              [
                111.8678409,
                -8.2800569
              ],
              [
                111.868089,
                -8.2799799
              ],
              [
                111.8682016,
                -8.2799879
              ],
              [
                111.8682647,
                -8.2800317
              ],
              [
                111.8682982,
                -8.2801033
              ],
              [
                111.8683572,
                -8.2802904
              ],
              [
                111.8683974,
                -8.2803993
              ],
              [
                111.8684699,
                -8.2804882
              ],
              [
                111.8686174,
                -8.2805758
              ],
              [
                111.8686938,
                -8.2806315
              ],
              [
                111.868726,
                -8.2806833
              ],
              [
                111.8687287,
                -8.2807669
              ],
              [
                111.8686938,
                -8.2809049
              ],
              [
                111.8686388,
                -8.2810071
              ],
              [
                111.8685865,
                -8.2810496
              ],
              [
                111.8682741,
                -8.2812407
              ],
              [
                111.8679173,
                -8.2814503
              ],
              [
                111.8678154,
                -8.2815499
              ],
              [
                111.8677148,
                -8.2816627
              ],
              [
                111.8677135,
                -8.2817025
              ],
              [
                111.867747,
                -8.2817264
              ],
              [
                111.8677846,
                -8.2817277
              ],
              [
                111.8678637,
                -8.2816826
              ],
              [
                111.8680514,
                -8.2815804
              ],
              [
                111.8682539,
                -8.2814716
              ],
              [
                111.8683867,
                -8.2814172
              ],
              [
                111.8684578,
                -8.2814066
              ],
              [
                111.8685114,
                -8.2814105
              ],
              [
                111.8685932,
                -8.281457
              ],
              [
                111.8686429,
                -8.2815393
              ],
              [
                111.8687327,
                -8.2817158
              ],
              [
                111.8688467,
                -8.2818458
              ],
              [
                111.8689647,
                -8.2819414
              ],
              [
                111.8691525,
                -8.2820741
              ],
              [
                111.8692826,
                -8.2821696
              ],
              [
                111.8693644,
                -8.2822825
              ],
              [
                111.869406,
                -8.2823714
              ],
              [
                111.8694207,
                -8.2824842
              ],
              [
                111.8693979,
                -8.2825678
              ],
              [
                111.8692772,
                -8.2829274
              ],
              [
                111.8690291,
                -8.2834928
              ],
              [
                111.8688977,
                -8.2839068
              ],
              [
                111.868895,
                -8.2840873
              ],
              [
                111.8689406,
                -8.284236
              ],
              [
                111.8690291,
                -8.2843315
              ],
              [
                111.8691578,
                -8.2844058
              ],
              [
                111.8693148,
                -8.2844364
              ],
              [
                111.8694609,
                -8.2844257
              ],
              [
                111.8696943,
                -8.2843979
              ],
              [
                111.8697976,
                -8.2843965
              ],
              [
                111.8698901,
                -8.2844098
              ],
              [
                111.8699303,
                -8.284439
              ],
              [
                111.8699598,
                -8.2845133
              ],
              [
                111.8699679,
                -8.2846036
              ],
              [
                111.8700095,
                -8.2847442
              ],
              [
                111.8700457,
                -8.2848159
              ],
              [
                111.8701087,
                -8.2848876
              ],
              [
                111.8702093,
                -8.2849619
              ],
              [
                111.8703179,
                -8.2849791
              ],
              [
                111.870389,
                -8.2849645
              ],
              [
                111.8704346,
                -8.2849168
              ],
              [
                111.8704922,
                -8.2848252
              ],
              [
                111.8705633,
                -8.2847522
              ],
              [
                111.8706304,
                -8.2847058
              ],
              [
                111.8707041,
                -8.2846845
              ],
              [
                111.8708503,
                -8.2846792
              ],
              [
                111.870971,
                -8.2846699
              ],
              [
                111.8710582,
                -8.2846354
              ],
              [
                111.8711413,
                -8.2845439
              ],
              [
                111.8711923,
                -8.2844364
              ],
              [
                111.8712178,
                -8.2843474
              ],
              [
                111.8712795,
                -8.2842386
              ],
              [
                111.8713304,
                -8.2842015
              ],
              [
                111.8714096,
                -8.2841524
              ],
              [
                111.8715517,
                -8.2840794
              ],
              [
                111.8717435,
                -8.2840037
              ],
              [
                111.871883,
                -8.2840024
              ],
              [
                111.8719567,
                -8.2840024
              ],
              [
                111.8721659,
                -8.2840528
              ],
              [
                111.8725817,
                -8.2841616
              ],
              [
                111.8727815,
                -8.2842107
              ],
              [
                111.8730591,
                -8.2842904
              ],
              [
                111.8732509,
                -8.2843886
              ],
              [
                111.8734869,
                -8.2845677
              ],
              [
                111.8737954,
                -8.2848491
              ],
              [
                111.8739805,
                -8.2850681
              ],
              [
                111.8740287,
                -8.2851835
              ],
              [
                111.8740475,
                -8.2852724
              ],
              [
                111.8740448,
                -8.2854171
              ],
              [
                111.8739992,
                -8.2855684
              ],
              [
                111.8739161,
                -8.2858948
              ],
              [
                111.8738919,
                -8.2861656
              ],
              [
                111.8738705,
                -8.2863328
              ],
              [
                111.8738356,
                -8.2865345
              ],
              [
                111.8737712,
                -8.2866407
              ],
              [
                111.8736666,
                -8.2867415
              ],
              [
                111.8735057,
                -8.2868291
              ],
              [
                111.8733099,
                -8.2868663
              ],
              [
                111.8731999,
                -8.2868822
              ],
              [
                111.8731302,
                -8.2869247
              ],
              [
                111.87309,
                -8.2869884
              ],
              [
                111.87309,
                -8.2871237
              ],
              [
                111.8731302,
                -8.2872883
              ],
              [
                111.8732777,
                -8.2875192
              ],
              [
                111.8733931,
                -8.2876864
              ],
              [
                111.8734789,
                -8.2879041
              ],
              [
                111.873495,
                -8.2881138
              ],
              [
                111.8735057,
                -8.2884163
              ],
              [
                111.8734843,
                -8.2886605
              ],
              [
                111.8734655,
                -8.2889764
              ],
              [
                111.8734708,
                -8.2891356
              ],
              [
                111.8735111,
                -8.2892232
              ],
              [
                111.8736023,
                -8.2893002
              ],
              [
                111.873782,
                -8.2893639
              ],
              [
                111.8739268,
                -8.2893692
              ],
              [
                111.8740556,
                -8.2893347
              ],
              [
                111.8742219,
                -8.2892232
              ],
              [
                111.874364,
                -8.2891144
              ],
              [
                111.8744633,
                -8.2890666
              ],
              [
                111.874541,
                -8.2890799
              ],
              [
                111.8746403,
                -8.2891993
              ],
              [
                111.8746617,
                -8.2893851
              ],
              [
                111.8746376,
                -8.2896638
              ],
              [
                111.8745893,
                -8.2898868
              ],
              [
                111.8745397,
                -8.2901509
              ],
              [
                111.8745062,
                -8.2902889
              ],
              [
                111.8744901,
                -8.2903844
              ],
              [
                111.8745022,
                -8.2904614
              ],
              [
                111.8745343,
                -8.2905078
              ],
              [
                111.8745893,
                -8.2905198
              ],
              [
                111.8746658,
                -8.2904893
              ],
              [
                111.8747891,
                -8.2904163
              ],
              [
                111.8749206,
                -8.29033
              ],
              [
                111.8750708,
                -8.2902915
              ],
              [
                111.8751298,
                -8.2903088
              ],
              [
                111.8751714,
                -8.2903393
              ],
              [
                111.8751834,
                -8.2904242
              ],
              [
                111.8751767,
                -8.2905676
              ],
              [
                111.8751352,
                -8.2908011
              ],
              [
                111.8751244,
                -8.2909365
              ],
              [
                111.8751311,
                -8.2910188
              ],
              [
                111.8751794,
                -8.2911064
              ],
              [
                111.875276,
                -8.291178
              ],
              [
                111.8753296,
                -8.2911873
              ],
              [
                111.8754235,
                -8.2911568
              ],
              [
                111.8755361,
                -8.2910904
              ],
              [
                111.8755817,
                -8.291032
              ],
              [
                111.8756381,
                -8.2909179
              ],
              [
                111.8756703,
                -8.2908263
              ],
              [
                111.8757091,
                -8.2907719
              ],
              [
                111.8757427,
                -8.2907507
              ],
              [
                111.8757923,
                -8.2907494
              ],
              [
                111.8758687,
                -8.2908117
              ],
              [
                111.8759452,
                -8.2909033
              ],
              [
                111.8760525,
                -8.2910201
              ],
              [
                111.8761463,
                -8.2910626
              ],
              [
                111.8762282,
                -8.2910413
              ],
              [
                111.8762845,
                -8.2909922
              ],
              [
                111.8763368,
                -8.2908914
              ],
              [
                111.8763904,
                -8.2907016
              ],
              [
                111.8764293,
                -8.2905954
              ],
              [
                111.8764628,
                -8.290549
              ],
              [
                111.8765098,
                -8.2904959
              ],
              [
                111.8766546,
                -8.290403
              ],
              [
                111.8767767,
                -8.2903552
              ],
              [
                111.8768491,
                -8.2903645
              ],
              [
                111.8769336,
                -8.2904441
              ],
              [
                111.8770006,
                -8.2905331
              ],
              [
                111.8770865,
                -8.2906074
              ],
              [
                111.8771924,
                -8.2906299
              ],
              [
                111.8772823,
                -8.2906379
              ],
              [
                111.877521,
                -8.2905861
              ],
              [
                111.8777423,
                -8.2905437
              ],
              [
                111.8780977,
                -8.2904773
              ],
              [
                111.8783002,
                -8.2904322
              ],
              [
                111.8785697,
                -8.2903645
              ],
              [
                111.8787843,
                -8.2903406
              ],
              [
                111.8790042,
                -8.2903619
              ],
              [
                111.8793958,
                -8.290468
              ],
              [
                111.8798518,
                -8.2906591
              ],
              [
                111.8807101,
                -8.2910626
              ],
              [
                111.8812573,
                -8.2913731
              ],
              [
                111.8822658,
                -8.2919517
              ],
              [
                111.8829605,
                -8.2923525
              ],
              [
                111.8833306,
                -8.2925277
              ],
              [
                111.883741,
                -8.2926657
              ],
              [
                111.8841755,
                -8.292748
              ],
              [
                111.8845376,
                -8.2928064
              ],
              [
                111.8849185,
                -8.2928754
              ],
              [
                111.8853745,
                -8.2929576
              ],
              [
                111.8855864,
                -8.2930213
              ],
              [
                111.8856803,
                -8.2930718
              ],
              [
                111.8857446,
                -8.29317
              ],
              [
                111.8857983,
                -8.2933664
              ],
              [
                111.8858224,
                -8.2934593
              ],
              [
                111.8858761,
                -8.2935256
              ],
              [
                111.8859994,
                -8.2935761
              ],
              [
                111.8863133,
                -8.2936344
              ],
              [
                111.8865547,
                -8.2936981
              ],
              [
                111.886615,
                -8.2937313
              ],
              [
                111.8866539,
                -8.2937837
              ],
              [
                111.8866619,
                -8.2938282
              ],
              [
                111.8866566,
                -8.2938866
              ],
              [
                111.8866284,
                -8.2939709
              ],
              [
                111.8865922,
                -8.2940498
              ],
              [
                111.8865453,
                -8.2941746
              ],
              [
                111.8865372,
                -8.2942741
              ],
              [
                111.8865439,
                -8.2943298
              ],
              [
                111.8865855,
                -8.2943922
              ],
              [
                111.8866687,
                -8.2944745
              ],
              [
                111.8867438,
                -8.2945501
              ],
              [
                111.8868001,
                -8.294651
              ],
              [
                111.8868551,
                -8.2947479
              ],
              [
                111.8868926,
                -8.2948089
              ],
              [
                111.8869744,
                -8.2948633
              ],
              [
                111.8870589,
                -8.2949045
              ],
              [
                111.8872909,
                -8.294992
              ],
              [
                111.8874103,
                -8.2950093
              ],
              [
                111.8875068,
                -8.2949801
              ],
              [
                111.8875846,
                -8.2949217
              ],
              [
                111.8876342,
                -8.2948978
              ],
              [
                111.8876758,
                -8.2948978
              ],
              [
                111.8877523,
                -8.2949403
              ],
              [
                111.887885,
                -8.2950916
              ],
              [
                111.8879333,
                -8.295219
              ],
              [
                111.8879534,
                -8.2953251
              ],
              [
                111.8879709,
                -8.2954194
              ],
              [
                111.8879856,
                -8.2954618
              ],
              [
                111.8880191,
                -8.295503
              ],
              [
                111.8880486,
                -8.2955096
              ],
              [
                111.8881197,
                -8.2955016
              ],
              [
                111.8882471,
                -8.2954552
              ],
              [
                111.8884496,
                -8.2954048
              ],
              [
                111.888746,
                -8.2953119
              ],
              [
                111.8888694,
                -8.2952362
              ],
              [
                111.8890075,
                -8.2951566
              ],
              [
                111.889088,
                -8.2951314
              ],
              [
                111.8892623,
                -8.2951168
              ],
              [
                111.8894394,
                -8.2951486
              ],
              [
                111.8895078,
                -8.2951845
              ],
              [
                111.889544,
                -8.2952468
              ],
              [
                111.8895628,
                -8.2953251
              ],
              [
                111.8895614,
                -8.2954048
              ],
              [
                111.8895118,
                -8.2954512
              ],
              [
                111.8893857,
                -8.2954685
              ],
              [
                111.889261,
                -8.295487
              ],
              [
                111.889198,
                -8.2955083
              ],
              [
                111.8891564,
                -8.2955534
              ],
              [
                111.8891484,
                -8.2955799
              ],
              [
                111.8891886,
                -8.295637
              ],
              [
                111.8893482,
                -8.2957193
              ],
              [
                111.8894528,
                -8.2957591
              ],
              [
                111.8895453,
                -8.2958162
              ],
              [
                111.8895882,
                -8.2958905
              ],
              [
                111.8896057,
                -8.2959767
              ],
              [
                111.8895668,
                -8.2960537
              ],
              [
                111.8894716,
                -8.2961347
              ],
              [
                111.8892999,
                -8.296274
              ],
              [
                111.8892007,
                -8.2963921
              ],
              [
                111.8891886,
                -8.2964651
              ],
              [
                111.8892087,
                -8.2965275
              ],
              [
                111.8893026,
                -8.2965912
              ],
              [
                111.8895641,
                -8.296708
              ],
              [
                111.8897384,
                -8.296834
              ],
              [
                111.8898283,
                -8.2969402
              ],
              [
                111.8899181,
                -8.297057
              ],
              [
                111.8899758,
                -8.2971671
              ],
              [
                111.8900549,
                -8.297264
              ],
              [
                111.8902239,
                -8.2973954
              ],
              [
                111.8903607,
                -8.2975082
              ],
              [
                111.8906772,
                -8.2977391
              ],
              [
                111.8908824,
                -8.2978532
              ],
              [
                111.891046,
                -8.2979435
              ],
              [
                111.8911318,
                -8.2980164
              ],
              [
                111.8912834,
                -8.298177
              ],
              [
                111.8913947,
                -8.2982646
              ],
              [
                111.8915476,
                -8.2983376
              ],
              [
                111.8916213,
                -8.2983588
              ],
              [
                111.8917514,
                -8.2983588
              ],
              [
                111.8919821,
                -8.2983323
              ],
              [
                111.8921095,
                -8.2983283
              ],
              [
                111.8922825,
                -8.298323
              ],
              [
                111.892359,
                -8.2983217
              ],
              [
                111.8925427,
                -8.2983442
              ],
              [
                111.892717,
                -8.2984119
              ],
              [
                111.8928578,
                -8.2984783
              ],
              [
                111.8929933,
                -8.2985221
              ],
              [
                111.8931891,
                -8.2985539
              ],
              [
                111.8935794,
                -8.2986203
              ],
              [
                111.8938006,
                -8.2986773
              ],
              [
                111.8940139,
                -8.2987516
              ],
              [
                111.8941024,
                -8.2988034
              ],
              [
                111.8941574,
                -8.2988512
              ],
              [
                111.8942191,
                -8.2988923
              ],
              [
                111.8942955,
                -8.2988976
              ],
              [
                111.8944122,
                -8.2988737
              ],
              [
                111.8945624,
                -8.2988286
              ],
              [
                111.8949594,
                -8.2986733
              ],
              [
                111.8952396,
                -8.2985446
              ],
              [
                111.8953671,
                -8.2985101
              ],
              [
                111.8954703,
                -8.2985154
              ],
              [
                111.8955575,
                -8.2985366
              ],
              [
                111.8956554,
                -8.2986123
              ],
              [
                111.8957157,
                -8.2986866
              ],
              [
                111.8957774,
                -8.2988087
              ],
              [
                111.8957815,
                -8.298875
              ],
              [
                111.8957788,
                -8.2989573
              ],
              [
                111.8957479,
                -8.2990051
              ],
              [
                111.8956299,
                -8.2990967
              ],
              [
                111.8955334,
                -8.2991882
              ],
              [
                111.8954931,
                -8.299244
              ],
              [
                111.8954851,
                -8.2993249
              ],
              [
                111.8954998,
                -8.2994311
              ],
              [
                111.8955508,
                -8.299524
              ],
              [
                111.8956836,
                -8.2996368
              ],
              [
                111.8958311,
                -8.2997429
              ],
              [
                111.8959625,
                -8.299796
              ],
              [
                111.8961087,
                -8.2998345
              ],
              [
                111.896279,
                -8.2998703
              ],
              [
                111.8965727,
                -8.2999367
              ],
              [
                111.8967846,
                -8.2999885
              ],
              [
                111.8971963,
                -8.3000681
              ],
              [
                111.8974847,
                -8.3001145
              ],
              [
                111.8977234,
                -8.3001371
              ],
              [
                111.8979594,
                -8.3001543
              ],
              [
                111.8981445,
                -8.3001822
              ],
              [
                111.8982048,
                -8.3002167
              ],
              [
                111.8983121,
                -8.3003215
              ],
              [
                111.8984449,
                -8.3004649
              ],
              [
                111.8985683,
                -8.3005617
              ],
              [
                111.8987735,
                -8.3006865
              ],
              [
                111.8988714,
                -8.3007701
              ],
              [
                111.8989196,
                -8.3008298
              ],
              [
                111.8989451,
                -8.3008909
              ],
              [
                111.8989813,
                -8.3010488
              ],
              [
                111.8990055,
                -8.3013208
              ],
              [
                111.8989947,
                -8.3014801
              ],
              [
                111.8989679,
                -8.3015902
              ],
              [
                111.8989223,
                -8.3016247
              ],
              [
                111.8988647,
                -8.3016287
              ],
              [
                111.8986903,
                -8.3015968
              ],
              [
                111.8985736,
                -8.3015876
              ],
              [
                111.8984006,
                -8.3016101
              ],
              [
                111.8980265,
                -8.3016871
              ],
              [
                111.8978602,
                -8.3017242
              ],
              [
                111.8977636,
                -8.301772
              ],
              [
                111.8976536,
                -8.3018914
              ],
              [
                111.8975437,
                -8.3023957
              ],
              [
                111.8974954,
                -8.302616
              ],
              [
                111.8974619,
                -8.30277
              ],
              [
                111.897427,
                -8.3028854
              ],
              [
                111.8973975,
                -8.3029743
              ],
              [
                111.8973961,
                -8.3029956
              ],
              [
                111.8974082,
                -8.3030175
              ],
              [
                111.897431,
                -8.3030201
              ],
              [
                111.8974793,
                -8.3029995
              ],
              [
                111.8975772,
                -8.3029544
              ],
              [
                111.8976939,
                -8.3029146
              ],
              [
                111.8978092,
                -8.3028828
              ],
              [
                111.8978937,
                -8.3028801
              ],
              [
                111.8980171,
                -8.3029
              ],
              [
                111.8982477,
                -8.3029942
              ],
              [
                111.8984637,
                -8.303103
              ],
              [
                111.8986943,
                -8.303245
              ],
              [
                111.8988231,
                -8.3033817
              ],
              [
                111.8989143,
                -8.3035277
              ],
              [
                111.8989934,
                -8.3037613
              ],
              [
                111.8990336,
                -8.3039378
              ],
              [
                111.8990739,
                -8.3040904
              ],
              [
                111.8990886,
                -8.3041249
              ],
              [
                111.8991208,
                -8.3041607
              ],
              [
                111.8991718,
                -8.3041673
              ],
              [
                111.8993086,
                -8.304174
              ],
              [
                111.8996371,
                -8.3041846
              ],
              [
                111.8998383,
                -8.304174
              ],
              [
                111.8999603,
                -8.3041302
              ],
              [
                111.9001079,
                -8.3040625
              ],
              [
                111.9002607,
                -8.3039736
              ],
              [
                111.9005451,
                -8.303821
              ],
              [
                111.9008012,
                -8.3037055
              ],
              [
                111.9009098,
                -8.3036432
              ],
              [
                111.9009809,
                -8.3035874
              ],
              [
                111.9010426,
                -8.3035091
              ],
              [
                111.9010869,
                -8.3033777
              ],
              [
                111.9011191,
                -8.3032198
              ],
              [
                111.9011539,
                -8.3031229
              ],
              [
                111.9012049,
                -8.3030632
              ],
              [
                111.9013283,
                -8.3029982
              ],
              [
                111.9015348,
                -8.3029584
              ],
              [
                111.9016407,
                -8.302965
              ],
              [
                111.9017199,
                -8.3030181
              ],
              [
                111.9017963,
                -8.3031561
              ],
              [
                111.9019519,
                -8.3034587
              ],
              [
                111.9020297,
                -8.3035423
              ],
              [
                111.9021007,
                -8.3035967
              ],
              [
                111.9022241,
                -8.3036577
              ],
              [
                111.9023167,
                -8.3036644
              ],
              [
                111.9023676,
                -8.3036166
              ],
              [
                111.9023824,
                -8.3035741
              ],
              [
                111.9023703,
                -8.303464
              ],
              [
                111.9023059,
                -8.3033711
              ],
              [
                111.9022,
                -8.3032756
              ],
              [
                111.9020417,
                -8.3030845
              ],
              [
                111.9019827,
                -8.3029783
              ],
              [
                111.9018526,
                -8.3027288
              ],
              [
                111.901803,
                -8.302616
              ],
              [
                111.9017816,
                -8.3025337
              ],
              [
                111.9017909,
                -8.3024156
              ],
              [
                111.9018432,
                -8.3022245
              ],
              [
                111.9019371,
                -8.3020162
              ],
              [
                111.9020404,
                -8.301906
              ],
              [
                111.9022402,
                -8.3017388
              ],
              [
                111.9024199,
                -8.3016101
              ],
              [
                111.9026721,
                -8.3014734
              ],
              [
                111.9029295,
                -8.3013434
              ],
              [
                111.9030905,
                -8.3013049
              ],
              [
                111.9032085,
                -8.3013208
              ],
              [
                111.9033667,
                -8.3013938
              ],
              [
                111.9035961,
                -8.3015464
              ],
              [
                111.9037503,
                -8.3017017
              ],
              [
                111.9038723,
                -8.3018423
              ],
              [
                111.9039555,
                -8.3019684
              ],
              [
                111.9040292,
                -8.3021144
              ],
              [
                111.9040775,
                -8.3021701
              ],
              [
                111.9041674,
                -8.3022312
              ],
              [
                111.9043002,
                -8.3022935
              ],
              [
                111.9044276,
                -8.3023214
              ],
              [
                111.9046046,
                -8.3023533
              ],
              [
                111.9047186,
                -8.3023785
              ],
              [
                111.9048044,
                -8.3024249
              ],
              [
                111.9048889,
                -8.3025072
              ],
              [
                111.9049801,
                -8.3026081
              ],
              [
                111.9051048,
                -8.3027248
              ],
              [
                111.9052188,
                -8.302827
              ],
              [
                111.9053476,
                -8.3029319
              ],
              [
                111.9054937,
                -8.3030553
              ],
              [
                111.9055983,
                -8.3031084
              ],
              [
                111.9057472,
                -8.303176
              ],
              [
                111.9058008,
                -8.3031774
              ],
              [
                111.9058397,
                -8.3031482
              ],
              [
                111.9058652,
                -8.3030792
              ],
              [
                111.9058625,
                -8.3029876
              ],
              [
                111.9058169,
                -8.3028774
              ],
              [
                111.9057271,
                -8.30275
              ],
              [
                111.9056694,
                -8.3026346
              ],
              [
                111.905648,
                -8.3025099
              ],
              [
                111.9056775,
                -8.3024329
              ],
              [
                111.9057593,
                -8.3023626
              ],
              [
                111.9058625,
                -8.3023241
              ],
              [
                111.9059698,
                -8.3023148
              ],
              [
                111.9061978,
                -8.3023626
              ],
              [
                111.9063386,
                -8.3023864
              ],
              [
                111.9065613,
                -8.3023997
              ],
              [
                111.906741,
                -8.3024236
              ],
              [
                111.9069046,
                -8.3024541
              ],
              [
                111.9070923,
                -8.3025032
              ],
              [
                111.9072144,
                -8.3025377
              ],
              [
                111.9073337,
                -8.3025523
              ],
              [
                111.9074115,
                -8.3025258
              ],
              [
                111.9075067,
                -8.3024448
              ],
              [
                111.9076113,
                -8.3023426
              ],
              [
                111.9077884,
                -8.3021967
              ],
              [
                111.9078661,
                -8.302121
              ],
              [
                111.9079319,
                -8.3020454
              ],
              [
                111.9081491,
                -8.3018171
              ],
              [
                111.9083798,
                -8.3016075
              ],
              [
                111.9085541,
                -8.3014933
              ],
              [
                111.9087285,
                -8.3013898
              ],
              [
                111.9088867,
                -8.3013208
              ],
              [
                111.9090262,
                -8.3011934
              ],
              [
                111.9091335,
                -8.3010023
              ],
              [
                111.9092837,
                -8.3007741
              ],
              [
                111.909458,
                -8.3006016
              ],
              [
                111.9097316,
                -8.3003706
              ],
              [
                111.9099918,
                -8.3001424
              ],
              [
                111.9101863,
                -8.3000176
              ],
              [
                111.9102875,
                -8.2999646
              ],
              [
                111.9103526,
                -8.29995
              ],
              [
                111.9104169,
                -8.2999579
              ],
              [
                111.9104578,
                -8.2999659
              ],
              [
                111.9104806,
                -8.2999632
              ],
              [
                111.910492,
                -8.299948
              ],
              [
                111.9104927,
                -8.2999161
              ],
              [
                111.9104672,
                -8.2998604
              ],
              [
                111.9104283,
                -8.2997887
              ],
              [
                111.9103003,
                -8.2996182
              ],
              [
                111.9101876,
                -8.2994457
              ],
              [
                111.9101058,
                -8.2993037
              ],
              [
                111.9099878,
                -8.2991418
              ],
              [
                111.9099113,
                -8.2990091
              ],
              [
                111.9098416,
                -8.2988445
              ],
              [
                111.9098067,
                -8.2987092
              ],
              [
                111.9098014,
                -8.2985194
              ],
              [
                111.9098443,
                -8.2983575
              ],
              [
                111.9100133,
                -8.2979567
              ],
              [
                111.9100669,
                -8.2978253
              ],
              [
                111.9102305,
                -8.2975971
              ],
              [
                111.9107026,
                -8.2972574
              ],
              [
                111.9110244,
                -8.2971167
              ],
              [
                111.9114885,
                -8.2970079
              ],
              [
                111.9118546,
                -8.2969707
              ],
              [
                111.9119686,
                -8.2969681
              ],
              [
                111.9121094,
                -8.2970092
              ],
              [
                111.9123562,
                -8.2971578
              ],
              [
                111.9124608,
                -8.2972122
              ],
              [
                111.9126056,
                -8.2972454
              ],
              [
                111.9128081,
                -8.2972574
              ],
              [
                111.913067,
                -8.2972268
              ],
              [
                111.9132306,
                -8.2972003
              ],
              [
                111.9133486,
                -8.297183
              ],
              [
                111.9134599,
                -8.2971791
              ],
              [
                111.9137013,
                -8.2972096
              ],
              [
                111.9140808,
                -8.2972985
              ],
              [
                111.9142699,
                -8.2973343
              ],
              [
                111.9144496,
                -8.2973423
              ],
              [
                111.9146267,
                -8.2973449
              ],
              [
                111.9150813,
                -8.2973675
              ],
              [
                111.9153804,
                -8.2974113
              ],
              [
                111.9156164,
                -8.297483
              ],
              [
                111.9162172,
                -8.29782
              ],
              [
                111.9166303,
                -8.298112
              ],
              [
                111.9169414,
                -8.2983694
              ],
              [
                111.9169709,
                -8.2984278
              ],
              [
                111.9169769,
                -8.298473
              ],
              [
                111.9169602,
                -8.2985439
              ],
              [
                111.9169072,
                -8.2986475
              ],
              [
                111.9168153,
                -8.2987954
              ],
              [
                111.9167724,
                -8.298891
              ],
              [
                111.9167684,
                -8.298956
              ],
              [
                111.9167751,
                -8.2990078
              ],
              [
                111.9168985,
                -8.2992626
              ],
              [
                111.9170219,
                -8.299459
              ],
              [
                111.9171627,
                -8.2996155
              ],
              [
                111.9172633,
                -8.2996846
              ],
              [
                111.9175892,
                -8.2998053
              ],
              [
                111.917852,
                -8.2998451
              ],
              [
                111.9180612,
                -8.299877
              ],
              [
                111.9182114,
                -8.2999181
              ],
              [
                111.9182946,
                -8.2999619
              ],
              [
                111.9183844,
                -8.3000601
              ],
              [
                111.9184595,
                -8.3001676
              ],
              [
                111.9185333,
                -8.3003162
              ],
              [
                111.9186084,
                -8.3004556
              ],
              [
                111.9186795,
                -8.3005379
              ],
              [
                111.9188149,
                -8.3006639
              ],
              [
                111.9190121,
                -8.3008272
              ],
              [
                111.919232,
                -8.3009851
              ],
              [
                111.9194278,
                -8.3011058
              ],
              [
                111.9195874,
                -8.3011364
              ],
              [
                111.9198167,
                -8.3011536
              ],
              [
                111.9200206,
                -8.3011496
              ],
              [
                111.9203719,
                -8.3011377
              ],
              [
                111.9207998,
                -8.3011629
              ],
              [
                111.9210653,
                -8.3011682
              ],
              [
                111.9212316,
                -8.3011616
              ],
              [
                111.9213724,
                -8.3011204
              ],
              [
                111.9215387,
                -8.3010753
              ],
              [
                111.9216983,
                -8.301062
              ],
              [
                111.9218217,
                -8.301078
              ],
              [
                111.9220349,
                -8.3011549
              ],
              [
                111.9222428,
                -8.3012571
              ],
              [
                111.9223098,
                -8.3013221
              ],
              [
                111.9223809,
                -8.3014389
              ],
              [
                111.922503,
                -8.3015849
              ],
              [
                111.9226424,
                -8.3017455
              ],
              [
                111.922794,
                -8.3018569
              ],
              [
                111.9229643,
                -8.3019366
              ],
              [
                111.92314,
                -8.3020215
              ],
              [
                111.9234109,
                -8.3021582
              ],
              [
                111.9235933,
                -8.3022736
              ],
              [
                111.923887,
                -8.3024515
              ],
              [
                111.9240372,
                -8.302555
              ],
              [
                111.924284,
                -8.3027633
              ],
              [
                111.9243859,
                -8.3028828
              ],
              [
                111.9244422,
                -8.3030181
              ],
              [
                111.924473,
                -8.3032384
              ],
              [
                111.9245012,
                -8.3034282
              ],
              [
                111.9245321,
                -8.3035489
              ],
              [
                111.9245857,
                -8.3036458
              ],
              [
                111.9246742,
                -8.3037453
              ],
              [
                111.924866,
                -8.3039072
              ],
              [
                111.9251047,
                -8.3041169
              ],
              [
                111.9252737,
                -8.3042974
              ],
              [
                111.9253394,
                -8.3043385
              ],
              [
                111.9254185,
                -8.3043584
              ],
              [
                111.9254963,
                -8.3043478
              ],
              [
                111.9256157,
                -8.3042629
              ],
              [
                111.9257873,
                -8.3040612
              ],
              [
                111.9259684,
                -8.3038449
              ],
              [
                111.9261387,
                -8.3037175
              ],
              [
                111.926242,
                -8.3036604
              ],
              [
                111.9263506,
                -8.3036432
              ],
              [
                111.9264284,
                -8.3036737
              ],
              [
                111.9264767,
                -8.3037108
              ],
              [
                111.926537,
                -8.303825
              ],
              [
                111.926592,
                -8.3039749
              ],
              [
                111.926659,
                -8.3041886
              ],
              [
                111.9268186,
                -8.3045469
              ],
              [
                111.9271405,
                -8.3051653
              ],
              [
                111.9272532,
                -8.3053776
              ],
              [
                111.9273323,
                -8.3054625
              ],
              [
                111.9274141,
                -8.305497
              ],
              [
                111.9274664,
                -8.3054877
              ],
              [
                111.9275053,
                -8.3054585
              ],
              [
                111.9275482,
                -8.305371
              ],
              [
                111.9275884,
                -8.3052515
              ],
              [
                111.9276327,
                -8.3051613
              ],
              [
                111.9277051,
                -8.3050511
              ],
              [
                111.9277628,
                -8.3049596
              ],
              [
                111.9277963,
                -8.3048892
              ],
              [
                111.9278157,
                -8.3048083
              ],
              [
                111.9278218,
                -8.3047214
              ],
              [
                111.9278251,
                -8.3046006
              ],
              [
                111.9278345,
                -8.3045389
              ],
              [
                111.9278647,
                -8.3044699
              ],
              [
                111.927925,
                -8.3044062
              ],
              [
                111.9280028,
                -8.3043412
              ],
              [
                111.9281128,
                -8.3042337
              ],
              [
                111.928196,
                -8.3041541
              ],
              [
                111.9282751,
                -8.3040851
              ],
              [
                111.928369,
                -8.3040452
              ],
              [
                111.9284695,
                -8.3040705
              ],
              [
                111.92855,
                -8.3041448
              ],
              [
                111.9285929,
                -8.3042655
              ],
              [
                111.9286305,
                -8.304385
              ],
              [
                111.9287767,
                -8.3046291
              ],
              [
                111.9288397,
                -8.3048163
              ],
              [
                111.9288853,
                -8.3049728
              ],
              [
                111.9288906,
                -8.3051507
              ],
              [
                111.9288719,
                -8.3055833
              ],
              [
                111.9288544,
                -8.30585
              ],
              [
                111.9288638,
                -8.3059695
              ],
              [
                111.9289094,
                -8.3060862
              ],
              [
                111.929006,
                -8.306203
              ],
              [
                111.9291106,
                -8.3063012
              ],
              [
                111.9292071,
                -8.3063636
              ],
              [
                111.9293198,
                -8.3063835
              ],
              [
                111.9295974,
                -8.3063742
              ],
              [
                111.9297288,
                -8.3063742
              ],
              [
                111.9297919,
                -8.3063477
              ],
              [
                111.9298629,
                -8.306284
              ],
              [
                111.9299166,
                -8.3061964
              ],
              [
                111.9299541,
                -8.3060876
              ],
              [
                111.9299823,
                -8.306
              ],
              [
                111.93004,
                -8.3058859
              ],
              [
                111.9301017,
                -8.3058208
              ],
              [
                111.9302183,
                -8.305724
              ],
              [
                111.9303323,
                -8.3056244
              ],
              [
                111.9306234,
                -8.3053962
              ],
              [
                111.9307508,
                -8.3053404
              ],
              [
                111.9308768,
                -8.3053033
              ],
              [
                111.930968,
                -8.3052847
              ],
              [
                111.9310378,
                -8.3052874
              ],
              [
                111.9312054,
                -8.3053471
              ],
              [
                111.9313502,
                -8.3053922
              ],
              [
                111.9315018,
                -8.3054187
              ],
              [
                111.9316909,
                -8.3054426
              ],
              [
                111.9319175,
                -8.3054811
              ],
              [
                111.9320691,
                -8.3055236
              ],
              [
                111.932179,
                -8.3055594
              ],
              [
                111.932281,
                -8.3055687
              ],
              [
                111.9323748,
                -8.3055501
              ],
              [
                111.9325867,
                -8.3055169
              ],
              [
                111.9328429,
                -8.3055116
              ],
              [
                111.9329891,
                -8.3055276
              ],
              [
                111.9332841,
                -8.3056032
              ],
              [
                111.9334759,
                -8.3056749
              ],
              [
                111.933618,
                -8.3057863
              ],
              [
                111.9337226,
                -8.3058646
              ],
              [
                111.9338138,
                -8.3060026
              ],
              [
                111.9339077,
                -8.3062694
              ],
              [
                111.9340338,
                -8.3067139
              ],
              [
                111.9340928,
                -8.3070099
              ],
              [
                111.9341692,
                -8.3071863
              ],
              [
                111.9342349,
                -8.3073058
              ],
              [
                111.9343261,
                -8.3073973
              ],
              [
                111.9344509,
                -8.3074929
              ],
              [
                111.9345166,
                -8.307546
              ],
              [
                111.9345689,
                -8.3076229
              ],
              [
                111.9346292,
                -8.3077304
              ],
              [
                111.9346735,
                -8.3077649
              ],
              [
                111.9347191,
                -8.3077941
              ],
              [
                111.9347593,
                -8.3077875
              ],
              [
                111.9347969,
                -8.3077517
              ],
              [
                111.9348505,
                -8.3076428
              ],
              [
                111.9349672,
                -8.3074305
              ],
              [
                111.9350825,
                -8.3073151
              ],
              [
                111.9353186,
                -8.3071399
              ],
              [
                111.9355506,
                -8.3070377
              ],
              [
                111.9357638,
                -8.3069554
              ],
              [
                111.9361755,
                -8.3068254
              ],
              [
                111.9364317,
                -8.3067683
              ],
              [
                111.9366141,
                -8.3067139
              ],
              [
                111.936838,
                -8.3066144
              ],
              [
                111.9369909,
                -8.3065202
              ],
              [
                111.9372457,
                -8.3063477
              ],
              [
                111.9374402,
                -8.3062309
              ],
              [
                111.9376561,
                -8.3061035
              ],
              [
                111.9379096,
                -8.3059416
              ],
              [
                111.938033,
                -8.3058235
              ],
              [
                111.9381496,
                -8.3056669
              ],
              [
                111.9382985,
                -8.3053988
              ],
              [
                111.9384433,
                -8.3051202
              ],
              [
                111.9385546,
                -8.3049742
              ],
              [
                111.9386418,
                -8.304868
              ],
              [
                111.9388886,
                -8.304592
              ],
              [
                111.9391099,
                -8.3043518
              ],
              [
                111.9393539,
                -8.3041262
              ],
              [
                111.9394505,
                -8.3040094
              ],
              [
                111.9395336,
                -8.3038342
              ],
              [
                111.9396597,
                -8.3034043
              ],
              [
                111.9398501,
                -8.3029504
              ],
              [
                111.9399869,
                -8.3027301
              ],
              [
                111.940172,
                -8.3025045
              ],
              [
                111.9404107,
                -8.3022152
              ],
              [
                111.9407138,
                -8.301841
              ],
              [
                111.940856,
                -8.301626
              ],
              [
                111.9409874,
                -8.3013527
              ],
              [
                111.9410893,
                -8.3012226
              ],
              [
                111.9413039,
                -8.3009652
              ],
              [
                111.9415024,
                -8.3007661
              ],
              [
                111.9419047,
                -8.3003096
              ],
              [
                111.9420415,
                -8.3002114
              ],
              [
                111.9423071,
                -8.3001158
              ],
              [
                111.9425136,
                -8.3000389
              ],
              [
                111.9427215,
                -8.3000283
              ],
              [
                111.9429816,
                -8.3000309
              ],
              [
                111.9431265,
                -8.3000322
              ],
              [
                111.943211,
                -8.3000402
              ],
              [
                111.9432458,
                -8.3000322
              ],
              [
                111.9432599,
                -8.3000203
              ],
              [
                111.9432586,
                -8.2999904
              ],
              [
                111.9432445,
                -8.2999447
              ],
              [
                111.9431701,
                -8.2998153
              ],
              [
                111.9431298,
                -8.299733
              ],
              [
                111.9430688,
                -8.2996374
              ],
              [
                111.943046,
                -8.2995937
              ],
              [
                111.943038,
                -8.2995353
              ],
              [
                111.94304,
                -8.2994862
              ],
              [
                111.9431117,
                -8.2991405
              ],
              [
                111.9432271,
                -8.2989825
              ],
              [
                111.9432887,
                -8.298956
              ],
              [
                111.9434001,
                -8.2989441
              ],
              [
                111.9434859,
                -8.2989686
              ],
              [
                111.9435489,
                -8.2989932
              ],
              [
                111.9435985,
                -8.299033
              ],
              [
                111.9436455,
                -8.299094
              ],
              [
                111.9436683,
                -8.2991444
              ],
              [
                111.9437045,
                -8.2991836
              ],
              [
                111.9437394,
                -8.2991942
              ],
              [
                111.9437615,
                -8.2991816
              ],
              [
                111.9437883,
                -8.2991418
              ],
              [
                111.9438098,
                -8.29909
              ],
              [
                111.9438191,
                -8.299029
              ],
              [
                111.9438031,
                -8.2989441
              ],
              [
                111.9437729,
                -8.2988034
              ],
              [
                111.9437427,
                -8.2987178
              ],
              [
                111.9437025,
                -8.298684
              ],
              [
                111.943673,
                -8.2986753
              ],
              [
                111.9435261,
                -8.298676
              ],
              [
                111.9434483,
                -8.2986587
              ],
              [
                111.9433833,
                -8.2986163
              ],
              [
                111.9433571,
                -8.2985771
              ],
              [
                111.9433451,
                -8.298538
              ],
              [
                111.9433377,
                -8.298461
              ],
              [
                111.943339,
                -8.2984166
              ],
              [
                111.9433625,
                -8.2983462
              ],
              [
                111.943384,
                -8.2982865
              ],
              [
                111.9433907,
                -8.298244
              ],
              [
                111.9433833,
                -8.2982089
              ],
              [
                111.9433618,
                -8.2981472
              ],
              [
                111.943329,
                -8.2980795
              ],
              [
                111.9432713,
                -8.2980158
              ],
              [
                111.9432431,
                -8.2980005
              ],
              [
                111.9432136,
                -8.2980025
              ],
              [
                111.9431935,
                -8.2980131
              ],
              [
                111.9431607,
                -8.2980549
              ],
              [
                111.9431211,
                -8.2981107
              ],
              [
                111.9430735,
                -8.2981418
              ],
              [
                111.9430413,
                -8.2981345
              ],
              [
                111.9430178,
                -8.2981093
              ],
              [
                111.9430091,
                -8.2980576
              ],
              [
                111.9430427,
                -8.29797
              ],
              [
                111.9431184,
                -8.2978798
              ],
              [
                111.9431801,
                -8.29782
              ],
              [
                111.9432217,
                -8.2977524
              ],
              [
                111.9432271,
                -8.2976993
              ],
              [
                111.9431801,
                -8.2976196
              ],
              [
                111.9430876,
                -8.2974471
              ],
              [
                111.9430004,
                -8.2972812
              ],
              [
                111.9429213,
                -8.2971061
              ],
              [
                111.9428945,
                -8.2970065
              ],
              [
                111.9429132,
                -8.2969282
              ],
              [
                111.9429481,
                -8.2968831
              ],
              [
                111.9430192,
                -8.2968592
              ],
              [
                111.9431144,
                -8.2968659
              ],
              [
                111.9432405,
                -8.2968845
              ],
              [
                111.9434027,
                -8.2969123
              ],
              [
                111.9435449,
                -8.2969176
              ],
              [
                111.9437018,
                -8.2968685
              ],
              [
                111.9438507,
                -8.2968088
              ],
              [
                111.9438976,
                -8.2967663
              ],
              [
                111.9439097,
                -8.2967106
              ],
              [
                111.943907,
                -8.2966655
              ],
              [
                111.9437917,
                -8.2964691
              ],
              [
                111.9436723,
                -8.2963483
              ],
              [
                111.9435073,
                -8.2961665
              ],
              [
                111.9434812,
                -8.2960836
              ],
              [
                111.9434919,
                -8.2960597
              ],
              [
                111.9435268,
                -8.2960424
              ],
              [
                111.9435778,
                -8.296057
              ],
              [
                111.9436917,
                -8.2961333
              ],
              [
                111.9438004,
                -8.2961791
              ],
              [
                111.9438761,
                -8.2961824
              ],
              [
                111.9439767,
                -8.2961771
              ],
              [
                111.9440854,
                -8.2961738
              ],
              [
                111.9441323,
                -8.2961493
              ],
              [
                111.9441383,
                -8.2961154
              ],
              [
                111.9441269,
                -8.2960756
              ],
              [
                111.9441015,
                -8.2960484
              ],
              [
                111.9440337,
                -8.2960318
              ],
              [
                111.943915,
                -8.2960179
              ],
              [
                111.9438191,
                -8.2959973
              ],
              [
                111.943801,
                -8.2959741
              ],
              [
                111.9437957,
                -8.2959462
              ],
              [
                111.9437964,
                -8.295911
              ],
              [
                111.9437964,
                -8.2958686
              ],
              [
                111.9437776,
                -8.2958281
              ],
              [
                111.9437313,
                -8.2957598
              ],
              [
                111.9436917,
                -8.2957007
              ],
              [
                111.9436669,
                -8.2956556
              ],
              [
                111.9436374,
                -8.2955481
              ],
              [
                111.9435677,
                -8.295211
              ],
              [
                111.9435355,
                -8.2951088
              ],
              [
                111.9435234,
                -8.295004
              ],
              [
                111.9435208,
                -8.2949522
              ],
              [
                111.9434738,
                -8.2948766
              ],
              [
                111.943384,
                -8.2948182
              ],
              [
                111.9432364,
                -8.2947147
              ],
              [
                111.9431922,
                -8.2946483
              ],
              [
                111.9431721,
                -8.2945899
              ],
              [
                111.9431815,
                -8.2945329
              ],
              [
                111.9432002,
                -8.2944413
              ],
              [
                111.9432271,
                -8.2943232
              ],
              [
                111.9431895,
                -8.2941387
              ],
              [
                111.9430889,
                -8.2939158
              ],
              [
                111.9430138,
                -8.2938189
              ],
              [
                111.9429575,
                -8.2937964
              ],
              [
                111.9429052,
                -8.2938043
              ],
              [
                111.9425525,
                -8.2940591
              ],
              [
                111.9423379,
                -8.2941905
              ],
              [
                111.9422346,
                -8.2942277
              ],
              [
                111.9421636,
                -8.2942011
              ],
              [
                111.9421086,
                -8.2941401
              ],
              [
                111.942063,
                -8.2940312
              ],
              [
                111.942008,
                -8.2938216
              ],
              [
                111.9419369,
                -8.2936716
              ],
              [
                111.9418377,
                -8.2936172
              ],
              [
                111.941776,
                -8.2936172
              ],
              [
                111.9416821,
                -8.2936544
              ],
              [
                111.9415936,
                -8.293734
              ],
              [
                111.9414903,
                -8.2938481
              ],
              [
                111.9413589,
                -8.2939981
              ],
              [
                111.941261,
                -8.294087
              ],
              [
                111.9411175,
                -8.2941626
              ],
              [
                111.9409955,
                -8.2941799
              ],
              [
                111.9409311,
                -8.29416
              ],
              [
                111.9408278,
                -8.2940658
              ],
              [
                111.940797,
                -8.2939755
              ],
              [
                111.9407943,
                -8.2939025
              ],
              [
                111.9407876,
                -8.2937486
              ],
              [
                111.9407755,
                -8.2936291
              ],
              [
                111.9407044,
                -8.2935177
              ],
              [
                111.940565,
                -8.2934088
              ],
              [
                111.940176,
                -8.2932801
              ],
              [
                111.9399534,
                -8.2932337
              ],
              [
                111.9398166,
                -8.2932217
              ],
              [
                111.939708,
                -8.2932416
              ],
              [
                111.9394867,
                -8.2933173
              ],
              [
                111.9393848,
                -8.2933956
              ],
              [
                111.9392762,
                -8.2935137
              ],
              [
                111.9391863,
                -8.2935469
              ],
              [
                111.9391139,
                -8.2935243
              ],
              [
                111.9388966,
                -8.293385
              ],
              [
                111.9388068,
                -8.2932841
              ],
              [
                111.9387545,
                -8.2931686
              ],
              [
                111.9387183,
                -8.2929629
              ],
              [
                111.9387022,
                -8.2928501
              ],
              [
                111.9386499,
                -8.2927851
              ],
              [
                111.9385976,
                -8.2927732
              ],
              [
                111.9384782,
                -8.2928064
              ],
              [
                111.9382274,
                -8.2929085
              ],
              [
                111.9381121,
                -8.2929855
              ],
              [
                111.938037,
                -8.2930213
              ],
              [
                111.9379659,
                -8.2930293
              ],
              [
                111.937809,
                -8.2930081
              ],
              [
                111.9375408,
                -8.2929497
              ],
              [
                111.9366288,
                -8.2928196
              ],
              [
                111.9363606,
                -8.2927294
              ],
              [
                111.9361246,
                -8.2925701
              ],
              [
                111.9359502,
                -8.2924215
              ],
              [
                111.9358295,
                -8.292103
              ],
              [
                111.9357651,
                -8.2916518
              ],
              [
                111.9357308,
                -8.2912649
              ],
              [
                111.9358134,
                -8.2900752
              ],
              [
                111.9359046,
                -8.2891622
              ],
              [
                111.9360441,
                -8.2884508
              ],
              [
                111.9363365,
                -8.2872936
              ],
              [
                111.9366905,
                -8.2863938
              ],
              [
                111.9372135,
                -8.2852738
              ],
              [
                111.9377875,
                -8.2842413
              ],
              [
                111.9386002,
                -8.283084
              ],
              [
                111.9391125,
                -8.2824019
              ],
              [
                111.9396168,
                -8.2818233
              ],
              [
                111.9411395,
                -8.2804214
              ],
              [
                111.9422829,
                -8.2794981
              ],
              [
                111.9433236,
                -8.278893
              ],
              [
                111.9440585,
                -8.278601
              ],
              [
                111.9448632,
                -8.2784205
              ],
              [
                111.9456035,
                -8.2783568
              ],
              [
                111.9461238,
                -8.2782719
              ],
              [
                111.9464403,
                -8.2781657
              ],
              [
                111.9468534,
                -8.2779109
              ],
              [
                111.9471645,
                -8.277741
              ],
              [
                111.9478477,
                -8.2773629
              ],
              [
                111.9480175,
                -8.277319
              ],
              [
                111.9481784,
                -8.2773429
              ],
              [
                111.9483662,
                -8.2774278
              ],
              [
                111.9485915,
                -8.2774783
              ],
              [
                111.9489992,
                -8.2774597
              ],
              [
                111.9494256,
                -8.2773535
              ],
              [
                111.9496375,
                -8.2772792
              ],
              [
                111.9499299,
                -8.2772447
              ],
              [
                111.9501901,
                -8.2773004
              ],
              [
                111.9505924,
                -8.2774703
              ],
              [
                111.9508982,
                -8.277611
              ],
              [
                111.9512039,
                -8.2778153
              ],
              [
                111.9514185,
                -8.2779454
              ],
              [
                111.9517028,
                -8.278094
              ],
              [
                111.9521213,
                -8.2782268
              ],
              [
                111.9525745,
                -8.2783409
              ],
              [
                111.9528696,
                -8.2783515
              ],
              [
                111.9530573,
                -8.2783037
              ],
              [
                111.9536072,
                -8.2780303
              ],
              [
                111.9537587,
                -8.2779401
              ],
              [
                111.9538379,
                -8.2779136
              ],
              [
                111.9539961,
                -8.2779215
              ],
              [
                111.9542442,
                -8.278037
              ],
              [
                111.9543891,
                -8.2781272
              ],
              [
                111.9545044,
                -8.2782427
              ],
              [
                111.9545795,
                -8.2782891
              ],
              [
                111.9547042,
                -8.2783263
              ],
              [
                111.9547713,
                -8.2783263
              ],
              [
                111.9549268,
                -8.2782971
              ],
              [
                111.9552433,
                -8.2782294
              ],
              [
                111.9553627,
                -8.2782108
              ],
              [
                111.9555317,
                -8.2782374
              ],
              [
                111.9558214,
                -8.2783263
              ],
              [
                111.956052,
                -8.2784218
              ],
              [
                111.9562116,
                -8.278471
              ],
              [
                111.956335,
                -8.2784749
              ],
              [
                111.9565094,
                -8.2784431
              ],
              [
                111.9567145,
                -8.2784059
              ],
              [
                111.9569613,
                -8.2784033
              ],
              [
                111.9571289,
                -8.2784391
              ],
              [
                111.9572711,
                -8.2784935
              ],
              [
                111.9575152,
                -8.2785771
              ],
              [
                111.9576198,
                -8.2786342
              ],
              [
                111.9576493,
                -8.2786979
              ],
              [
                111.9576627,
                -8.2788001
              ],
              [
                111.9576882,
                -8.2790363
              ],
              [
                111.9576989,
                -8.2791305
              ],
              [
                111.957723,
                -8.2791903
              ],
              [
                111.9577646,
                -8.2792327
              ],
              [
                111.9578491,
                -8.2792566
              ],
              [
                111.9579296,
                -8.279238
              ],
              [
                111.9580489,
                -8.2791584
              ],
              [
                111.9581857,
                -8.2790549
              ],
              [
                111.9583976,
                -8.2788943
              ],
              [
                111.9584647,
                -8.2788386
              ],
              [
                111.9585679,
                -8.2787496
              ],
              [
                111.958643,
                -8.2787098
              ],
              [
                111.9588107,
                -8.2786979
              ],
              [
                111.959095,
                -8.2787351
              ],
              [
                111.9591969,
                -8.2787656
              ],
              [
                111.9592895,
                -8.2788319
              ],
              [
                111.959441,
                -8.278897
              ],
              [
                111.9595711,
                -8.2789222
              ],
              [
                111.9597656,
                -8.2789394
              ],
              [
                111.9600673,
                -8.2789368
              ],
              [
                111.9602752,
                -8.2789408
              ],
              [
                111.9604965,
                -8.2790018
              ],
              [
                111.960699,
                -8.2791239
              ],
              [
                111.9609041,
                -8.2792659
              ],
              [
                111.9610597,
                -8.2793827
              ],
              [
                111.9611509,
                -8.2794172
              ],
              [
                111.9612636,
                -8.2794384
              ],
              [
                111.9614245,
                -8.2794132
              ],
              [
                111.961568,
                -8.2793668
              ],
              [
                111.96169,
                -8.2793415
              ],
              [
                111.9617987,
                -8.2793415
              ],
              [
                111.9619797,
                -8.2794066
              ],
              [
                111.9622761,
                -8.2795672
              ],
              [
                111.9624585,
                -8.2796866
              ],
              [
                111.9625752,
                -8.2797888
              ],
              [
                111.962657,
                -8.279883
              ],
              [
                111.96272,
                -8.2799374
              ],
              [
                111.9628313,
                -8.2799786
              ],
              [
                111.9629507,
                -8.2799626
              ],
              [
                111.9630325,
                -8.2799228
              ],
              [
                111.9630915,
                -8.2798286
              ],
              [
                111.9631371,
                -8.279668
              ],
              [
                111.9631706,
                -8.2796056
              ],
              [
                111.9632216,
                -8.2795844
              ],
              [
                111.9633141,
                -8.2795658
              ],
              [
                111.9637889,
                -8.2795924
              ],
              [
                111.9640155,
                -8.2796295
              ],
              [
                111.9642059,
                -8.2797025
              ],
              [
                111.9644219,
                -8.2797676
              ],
              [
                111.9646968,
                -8.2798366
              ],
              [
                111.9648591,
                -8.2798498
              ],
              [
                111.9652198,
                -8.2798565
              ],
              [
                111.965704,
                -8.2798193
              ],
              [
                111.966227,
                -8.2798193
              ],
              [
                111.9667876,
                -8.2798804
              ],
              [
                111.9673133,
                -8.2800104
              ],
              [
                111.9679329,
                -8.2801936
              ],
              [
                111.9686222,
                -8.28039
              ],
              [
                111.9695583,
                -8.2805784
              ],
              [
                111.9709343,
                -8.2809739
              ],
              [
                111.9723397,
                -8.2815207
              ],
              [
                111.973595,
                -8.2819772
              ],
              [
                111.974743,
                -8.2824337
              ],
              [
                111.9758749,
                -8.2828531
              ],
              [
                111.976406,
                -8.2830654
              ],
              [
                111.976878,
                -8.2832619
              ],
              [
                111.9789326,
                -8.2841484
              ],
              [
                111.980043,
                -8.2847058
              ],
              [
                111.9806224,
                -8.2851729
              ],
              [
                111.9811052,
                -8.2856772
              ],
              [
                111.9816899,
                -8.2863673
              ],
              [
                111.9823229,
                -8.2873493
              ],
              [
                111.9829184,
                -8.2883739
              ],
              [
                111.9835889,
                -8.2896957
              ],
              [
                111.9839752,
                -8.290407
              ],
              [
                111.9843829,
                -8.2907998
              ],
              [
                111.9848978,
                -8.2911501
              ],
              [
                111.9857508,
                -8.2917128
              ],
              [
                111.9870758,
                -8.2923923
              ],
              [
                111.9879073,
                -8.2928276
              ],
              [
                111.9887549,
                -8.2933637
              ],
              [
                111.9893449,
                -8.2937937
              ],
              [
                111.9896454,
                -8.2941387
              ],
              [
                111.9899726,
                -8.2945793
              ],
              [
                111.9902086,
                -8.2949137
              ],
              [
                111.990611,
                -8.2952376
              ],
              [
                111.9908631,
                -8.2953862
              ],
              [
                111.9912708,
                -8.295487
              ],
              [
                111.9915792,
                -8.2955348
              ],
              [
                111.9918931,
                -8.2956065
              ],
              [
                111.9922122,
                -8.2957604
              ],
              [
                111.9928184,
                -8.2962037
              ],
              [
                111.9931322,
                -8.2965354
              ],
              [
                111.9934541,
                -8.296915
              ],
              [
                111.9935802,
                -8.2970503
              ],
              [
                111.9938457,
                -8.2972202
              ],
              [
                111.9941998,
                -8.2973741
              ],
              [
                111.9945726,
                -8.2975599
              ],
              [
                111.9954121,
                -8.297974
              ],
              [
                111.9959432,
                -8.2982075
              ],
              [
                111.9964394,
                -8.2983562
              ],
              [
                111.9971529,
                -8.298542
              ],
              [
                111.9975445,
                -8.2985924
              ],
              [
                111.9977885,
                -8.2985844
              ],
              [
                111.9981801,
                -8.2985446
              ],
              [
                111.9985342,
                -8.2985552
              ],
              [
                111.9990519,
                -8.2985499
              ],
              [
                111.9997251,
                -8.2986083
              ],
              [
                112.0002803,
                -8.2987118
              ],
              [
                112.0005271,
                -8.2987171
              ],
              [
                112.0007443,
                -8.2986694
              ],
              [
                112.0011467,
                -8.2985818
              ],
              [
                112.0016161,
                -8.2985021
              ],
              [
                112.0020372,
                -8.2984676
              ],
              [
                112.0023161,
                -8.2984809
              ],
              [
                112.0032898,
                -8.2986932
              ],
              [
                112.0036384,
                -8.2987782
              ],
              [
                112.004191,
                -8.2990224
              ],
              [
                112.0045021,
                -8.2991789
              ],
              [
                112.0047221,
                -8.2993754
              ],
              [
                112.0048562,
                -8.2995306
              ],
              [
                112.0049594,
                -8.299662
              ],
              [
                112.0050077,
                -8.2997575
              ],
              [
                112.0050412,
                -8.2997867
              ],
              [
                112.0050922,
                -8.2997894
              ],
              [
                112.005119,
                -8.2997655
              ],
              [
                112.0051418,
                -8.2997124
              ],
              [
                112.0051606,
                -8.299662
              ],
              [
                112.0051981,
                -8.2995558
              ],
              [
                112.0052639,
                -8.2994722
              ],
              [
                112.0054235,
                -8.299386
              ],
              [
                112.0056045,
                -8.299382
              ],
              [
                112.005756,
                -8.2994085
              ],
              [
                112.0063461,
                -8.2994842
              ],
              [
                112.0068115,
                -8.2996116
              ],
              [
                112.0073453,
                -8.2997788
              ],
              [
                112.0077758,
                -8.2999685
              ],
              [
                112.007875,
                -8.3000296
              ],
              [
                112.0083484,
                -8.3003308
              ],
              [
                112.0093757,
                -8.3010979
              ],
              [
                112.0098048,
                -8.3015066
              ],
              [
                112.0099121,
                -8.3018622
              ],
              [
                112.009896,
                -8.3022391
              ],
              [
                112.0098102,
                -8.3025231
              ],
              [
                112.0096868,
                -8.3027912
              ],
              [
                112.009668,
                -8.3029159
              ],
              [
                112.0096895,
                -8.3030221
              ],
              [
                112.0097592,
                -8.3031521
              ],
              [
                112.0098773,
                -8.3033034
              ],
              [
                112.0100999,
                -8.3034759
              ],
              [
                112.0104003,
                -8.3036086
              ],
              [
                112.0106336,
                -8.3036697
              ],
              [
                112.0109394,
                -8.3037095
              ],
              [
                112.0113552,
                -8.3036936
              ],
              [
                112.0115939,
                -8.3036816
              ],
              [
                112.0117588,
                -8.3036392
              ],
              [
                112.0118648,
                -8.303606
              ],
              [
                112.0119587,
                -8.3035994
              ],
              [
                112.0120069,
                -8.3036206
              ],
              [
                112.0120271,
                -8.3036896
              ],
              [
                112.0120579,
                -8.3037772
              ],
              [
                112.0121008,
                -8.303821
              ],
              [
                112.0121665,
                -8.3038236
              ],
              [
                112.0122088,
                -8.3038037
              ],
              [
                112.0122738,
                -8.3037294
              ],
              [
                112.0123027,
                -8.3036657
              ],
              [
                112.0123208,
                -8.3036199
              ],
              [
                112.012355,
                -8.3035874
              ],
              [
                112.0123871,
                -8.3035741
              ],
              [
                112.0124643,
                -8.3035848
              ],
              [
                112.0125038,
                -8.303606
              ],
              [
                112.0125514,
                -8.3036451
              ],
              [
                112.0126111,
                -8.3036584
              ],
              [
                112.0126728,
                -8.3036378
              ],
              [
                112.0126989,
                -8.3036067
              ],
              [
                112.0127305,
                -8.3035403
              ],
              [
                112.0127814,
                -8.3034149
              ],
              [
                112.012827,
                -8.3033426
              ],
              [
                112.0128827,
                -8.3032988
              ],
              [
                112.0129497,
                -8.3032902
              ],
              [
                112.013108,
                -8.3032769
              ],
              [
                112.0132595,
                -8.3032503
              ],
              [
                112.0134486,
                -8.3032503
              ],
              [
                112.0135519,
                -8.3032902
              ],
              [
                112.0136283,
                -8.3033711
              ],
              [
                112.0136726,
                -8.3034534
              ],
              [
                112.0137034,
                -8.3034759
              ],
              [
                112.013749,
                -8.3034733
              ],
              [
                112.0137893,
                -8.3034308
              ],
              [
                112.0138429,
                -8.3033631
              ],
              [
                112.0139086,
                -8.3033207
              ],
              [
                112.0140199,
                -8.3032742
              ],
              [
                112.0141406,
                -8.3032265
              ],
              [
                112.0142439,
                -8.3031548
              ],
              [
                112.0144451,
                -8.3029982
              ],
              [
                112.0147884,
                -8.3027474
              ],
              [
                112.0149225,
                -8.3026227
              ],
              [
                112.0151827,
                -8.3023679
              ],
              [
                112.0152993,
                -8.3022896
              ],
              [
                112.0155823,
                -8.3021303
              ],
              [
                112.015758,
                -8.3020613
              ],
              [
                112.0159484,
                -8.3020361
              ],
              [
                112.0161,
                -8.302064
              ],
              [
                112.0162421,
                -8.302121
              ],
              [
                112.0165144,
                -8.3022418
              ],
              [
                112.0168523,
                -8.3023851
              ],
              [
                112.0172279,
                -8.3025802
              ],
              [
                112.0175484,
                -8.302762
              ],
              [
                112.0180982,
                -8.3031362
              ],
              [
                112.0185462,
                -8.3034308
              ],
              [
                112.018864,
                -8.303602
              ],
              [
                112.0192583,
                -8.3037334
              ],
              [
                112.01967,
                -8.3038687
              ],
              [
                112.0200482,
                -8.3040466
              ],
              [
                112.0203191,
                -8.3042111
              ],
              [
                112.0206624,
                -8.3045163
              ],
              [
                112.0211828,
                -8.30501
              ],
              [
                112.0215315,
                -8.3053948
              ],
              [
                112.0217246,
                -8.3056311
              ],
              [
                112.0218238,
                -8.3058646
              ],
              [
                112.0219204,
                -8.3060265
              ],
              [
                112.0220733,
                -8.3061751
              ],
              [
                112.022194,
                -8.3062362
              ],
              [
                112.0223603,
                -8.3063078
              ],
              [
                112.0226553,
                -8.3063742
              ],
              [
                112.0229503,
                -8.3064883
              ],
              [
                112.0232481,
                -8.3066449
              ],
              [
                112.0235082,
                -8.3068838
              ],
              [
                112.0239052,
                -8.3073827
              ],
              [
                112.0241225,
                -8.3077251
              ],
              [
                112.0243826,
                -8.3079905
              ],
              [
                112.0245087,
                -8.3082745
              ],
              [
                112.0246428,
                -8.3085134
              ],
              [
                112.024726,
                -8.3087443
              ],
              [
                112.0247515,
                -8.3089168
              ],
              [
                112.0247407,
                -8.309019
              ],
              [
                112.0246898,
                -8.309149
              ],
              [
                112.0246643,
                -8.3093003
              ],
              [
                112.024679,
                -8.309441
              ],
              [
                112.0247045,
                -8.3095577
              ],
              [
                112.0248547,
                -8.3099452
              ],
              [
                112.0250438,
                -8.3103633
              ],
              [
                112.025198,
                -8.3105809
              ],
              [
                112.0254019,
                -8.3107269
              ],
              [
                112.0255937,
                -8.3108158
              ],
              [
                112.0258485,
                -8.3109777
              ],
              [
                112.0260014,
                -8.3110984
              ],
              [
                112.0261194,
                -8.3112072
              ],
              [
                112.0263299,
                -8.3113718
              ],
              [
                112.0264962,
                -8.3114634
              ],
              [
                112.0267054,
                -8.311547
              ],
              [
                112.0271051,
                -8.3117075
              ],
              [
                112.0275195,
                -8.3119225
              ],
              [
                112.0278668,
                -8.3121813
              ],
              [
                112.0282478,
                -8.3125221
              ],
              [
                112.028656,
                -8.3122367
              ],
              [
                112.0288696,
                -8.3120765
              ],
              [
                112.0290985,
                -8.3118237
              ],
              [
                112.0290908,
                -8.3117103
              ],
              [
                112.0290451,
                -8.3115739
              ],
              [
                112.0289306,
                -8.3113688
              ],
              [
                112.0286407,
                -8.3109244
              ],
              [
                112.0285797,
                -8.3108167
              ],
              [
                112.0286026,
                -8.3107261
              ],
              [
                112.0287857,
                -8.3105849
              ],
              [
                112.0289001,
                -8.3105067
              ],
              [
                112.0289383,
                -8.3104276
              ],
              [
                112.028984,
                -8.3103942
              ],
              [
                112.02919,
                -8.3102626
              ],
              [
                112.029335,
                -8.3101701
              ],
              [
                112.0296096,
                -8.3095779
              ],
              [
                112.0297088,
                -8.3093833
              ],
              [
                112.0299682,
                -8.3092279
              ],
              [
                112.0299987,
                -8.3092154
              ],
              [
                112.0300979,
                -8.3091754
              ],
              [
                112.0303116,
                -8.3091477
              ],
              [
                112.0309066,
                -8.3090257
              ],
              [
                112.0311126,
                -8.3089446
              ],
              [
                112.0311966,
                -8.3088416
              ],
              [
                112.0312347,
                -8.3087071
              ],
              [
                112.03125,
                -8.3086194
              ],
              [
                112.0313415,
                -8.3082923
              ],
              [
                112.031372,
                -8.3082246
              ],
              [
                112.0315857,
                -8.3075046
              ],
              [
                112.0316619,
                -8.3070888
              ],
              [
                112.0317543,
                -8.3063827
              ],
              [
                112.0317764,
                -8.3062133
              ],
              [
                112.0319519,
                -8.305065
              ],
              [
                112.0319653,
                -8.3048672
              ],
              [
                112.03199,
                -8.3045024
              ],
              [
                112.0319519,
                -8.3041038
              ],
              [
                112.031868,
                -8.3038081
              ],
              [
                112.0317535,
                -8.3035344
              ],
              [
                112.0316009,
                -8.3032578
              ],
              [
                112.031517,
                -8.3029899
              ],
              [
                112.0315246,
                -8.3028249
              ],
              [
                112.0317764,
                -8.302472
              ],
              [
                112.03199,
                -8.3019637
              ],
              [
                112.0320205,
                -8.3015136
              ],
              [
                112.0320816,
                -8.301258
              ],
              [
                112.0321273,
                -8.301113
              ],
              [
                112.0320739,
                -8.3007001
              ],
              [
                112.0319519,
                -8.3002624
              ],
              [
                112.0318069,
                -8.2997331
              ],
              [
                112.0317764,
                -8.2993945
              ],
              [
                112.0318298,
                -8.2991666
              ],
              [
                112.0321579,
                -8.2979697
              ],
              [
                112.0322036,
                -8.2970637
              ],
              [
                112.0322113,
                -8.2968959
              ],
              [
                112.0323715,
                -8.2967071
              ],
              [
                112.0324783,
                -8.2966079
              ],
              [
                112.0325012,
                -8.2965402
              ],
              [
                112.0323486,
                -8.2963494
              ],
              [
                112.0322876,
                -8.2962846
              ],
              [
                112.0322494,
                -8.2958211
              ],
              [
                112.0322418,
                -8.2957057
              ],
              [
                112.0322952,
                -8.2954511
              ],
              [
                112.0323257,
                -8.2952336
              ],
              [
                112.0322647,
                -8.2949323
              ],
              [
                112.0322418,
                -8.2948855
              ],
              [
                112.0320587,
                -8.2946138
              ],
              [
                112.0318756,
                -8.2943448
              ],
              [
                112.0315933,
                -8.2939052
              ],
              [
                112.0314559,
                -8.2937574
              ],
              [
                112.0314331,
                -8.2937402
              ],
              [
                112.031105,
                -8.29358
              ],
              [
                112.0310516,
                -8.293559
              ],
              [
                112.030571,
                -8.2934312
              ],
              [
                112.0304413,
                -8.2933959
              ],
              [
                112.0303955,
                -8.2933845
              ],
              [
                112.030281,
                -8.2933788
              ],
              [
                112.0301666,
                -8.2932967
              ],
              [
                112.0300064,
                -8.2926825
              ],
              [
                112.0299377,
                -8.292508
              ],
              [
                112.0297699,
                -8.2922324
              ],
              [
                112.0283432,
                -8.2914333
              ],
              [
                112.0279846,
                -8.2912368
              ],
              [
                112.0276718,
                -8.2909984
              ],
              [
                112.0270996,
                -8.2899913
              ],
              [
                112.0270691,
                -8.2899322
              ],
              [
                112.0268631,
                -8.289605
              ],
              [
                112.0266189,
                -8.289297
              ],
              [
                112.0262375,
                -8.2889699
              ],
              [
                112.0261001,
                -8.2888555
              ],
              [
                112.0260696,
                -8.2888393
              ],
              [
                112.0244827,
                -8.2877855
              ],
              [
                112.0237503,
                -8.282896
              ],
              [
                112.0235595,
                -8.2816686
              ],
              [
                112.0236816,
                -8.2810954
              ],
              [
                112.0266723,
                -8.2757024
              ],
              [
                112.027214,
                -8.2749767
              ],
              [
                112.0275116,
                -8.2743272
              ],
              [
                112.0276108,
                -8.2741498
              ],
              [
                112.0280456,
                -8.2738818
              ],
              [
                112.0282669,
                -8.2736711
              ],
              [
                112.0286102,
                -8.2734565
              ],
              [
                112.0288162,
                -8.2733211
              ],
              [
                112.028923,
                -8.2731914
              ],
              [
                112.0290222,
                -8.2728376
              ],
              [
                112.028984,
                -8.2720517
              ],
              [
                112.028984,
                -8.2718448
              ],
              [
                112.0290451,
                -8.271695
              ],
              [
                112.0293579,
                -8.2714537
              ],
              [
                112.0295791,
                -8.2712936
              ],
              [
                112.0296707,
                -8.2711762
              ],
              [
                112.0297164,
                -8.2709464
              ],
              [
                112.0296936,
                -8.2706718
              ],
              [
                112.0296249,
                -8.2703208
              ],
              [
                112.0296402,
                -8.2699183
              ],
              [
                112.0296631,
                -8.2697057
              ],
              [
                112.0298156,
                -8.2694453
              ],
              [
                112.0297546,
                -8.269267
              ],
              [
                112.0295868,
                -8.2690105
              ],
              [
                112.0295486,
                -8.2688646
              ],
              [
                112.0295715,
                -8.2687463
              ],
              [
                112.0297088,
                -8.2686481
              ],
              [
                112.029869,
                -8.2684192
              ],
              [
                112.029869,
                -8.2683372
              ],
              [
                112.0296554,
                -8.2680329
              ],
              [
                112.0295181,
                -8.2678479
              ],
              [
                112.0294647,
                -8.2676867
              ],
              [
                112.0294723,
                -8.2675799
              ],
              [
                112.0296249,
                -8.2674073
              ],
              [
                112.0297699,
                -8.2672643
              ],
              [
                112.0297851,
                -8.2668885
              ],
              [
                112.0299301,
                -8.26655
              ],
              [
                112.0299682,
                -8.2664317
              ],
              [
                112.0299225,
                -8.2663011
              ],
              [
                112.0295639,
                -8.2661447
              ],
              [
                112.0294494,
                -8.2660817
              ],
              [
                112.029396,
                -8.2659568
              ],
              [
                112.0294342,
                -8.2657861
              ],
              [
                112.0297088,
                -8.2654637
              ],
              [
                112.0301284,
                -8.2649573
              ],
              [
                112.0303039,
                -8.2647265
              ],
              [
                112.0303726,
                -8.2645635
              ],
              [
                112.0301895,
                -8.2640971
              ],
              [
                112.0301361,
                -8.2639464
              ],
              [
                112.0305023,
                -8.2634257
              ],
              [
                112.0305633,
                -8.2630567
              ],
              [
                112.030632,
                -8.2626819
              ],
              [
                112.0306091,
                -8.2625684
              ],
              [
                112.0305938,
                -8.2625188
              ],
              [
                112.0305252,
                -8.2623404
              ],
              [
                112.030426,
                -8.2621469
              ],
              [
                112.0303268,
                -8.262062
              ],
              [
                112.0302887,
                -8.2620401
              ],
              [
                112.030014,
                -8.2620076
              ],
              [
                112.0295639,
                -8.2619952
              ],
              [
                112.0293426,
                -8.2619485
              ],
              [
                112.0291671,
                -8.2618493
              ],
              [
                112.028717,
                -8.2609634
              ],
              [
                112.0287017,
                -8.2609385
              ],
              [
                112.0286483,
                -8.2607659
              ],
              [
                112.0286789,
                -8.2605685
              ],
              [
                112.0287246,
                -8.2603578
              ],
              [
                112.0286636,
                -8.2600698
              ],
              [
                112.028572,
                -8.2596644
              ],
              [
                112.0285034,
                -8.2593469
              ],
              [
                112.0284652,
                -8.2592544
              ],
              [
                112.028389,
                -8.2590961
              ],
              [
                112.0282593,
                -8.2589291
              ],
              [
                112.0278091,
                -8.2586526
              ],
              [
                112.0277786,
                -8.2586345
              ],
              [
                112.0277099,
                -8.2585725
              ],
              [
                112.0273513,
                -8.2581347
              ],
              [
                112.026802,
                -8.2576627
              ],
              [
                112.0266189,
                -8.2574872
              ],
              [
                112.0263671,
                -8.2572517
              ],
              [
                112.0262603,
                -8.2571467
              ],
              [
                112.0262451,
                -8.2569131
              ],
              [
                112.0263366,
                -8.2562837
              ],
              [
                112.0264206,
                -8.2559327
              ],
              [
                112.0265045,
                -8.25564
              ],
              [
                112.0265197,
                -8.2554044
              ],
              [
                112.0264663,
                -8.2552127
              ],
              [
                112.0262146,
                -8.2548808
              ],
              [
                112.0260391,
                -8.2546567
              ],
              [
                112.0260086,
                -8.2545842
              ],
              [
                112.0260069,
                -8.2545807
              ],
              [
                112.025978,
                -8.2545194
              ],
              [
                112.0259399,
                -8.2538881
              ],
              [
                112.0257644,
                -8.2536067
              ],
              [
                112.0253677,
                -8.2529735
              ],
              [
                112.0251617,
                -8.2527026
              ],
              [
                112.0251007,
                -8.2525586
              ],
              [
                112.0251083,
                -8.2523622
              ],
              [
                112.0251465,
                -8.2521371
              ],
              [
                112.0249252,
                -8.2514829
              ],
              [
                112.0248565,
                -8.2511529
              ],
              [
                112.0248108,
                -8.2508954
              ],
              [
                112.0247421,
                -8.2506923
              ],
              [
                112.0247496,
                -8.2505598
              ],
              [
                112.0247497,
                -8.2505578
              ],
              [
                112.0248871,
                -8.2503623
              ],
              [
                112.0249786,
                -8.250122
              ],
              [
                112.0249939,
                -8.2500514
              ],
              [
                112.0250015,
                -8.2500009
              ],
              [
                112.0250168,
                -8.2498035
              ],
              [
                112.0250854,
                -8.2493629
              ],
              [
                112.0251083,
                -8.2491025
              ],
              [
                112.0250701,
                -8.2487497
              ],
              [
                112.0250854,
                -8.2484273
              ],
              [
                112.0251007,
                -8.2483644
              ],
              [
                112.0251159,
                -8.2482795
              ],
              [
                112.0251312,
                -8.2480115
              ],
              [
                112.0250015,
                -8.2475604
              ],
              [
                112.0249862,
                -8.2475327
              ],
              [
                112.0248642,
                -8.2472943
              ],
              [
                112.0238723,
                -8.2463197
              ],
              [
                112.0237655,
                -8.2462167
              ],
              [
                112.0233917,
                -8.2458829
              ],
              [
                112.0233078,
                -8.2457904
              ],
              [
                112.023117,
                -8.2454747
              ],
              [
                112.0229873,
                -8.2451371
              ],
              [
                112.022705,
                -8.2444686
              ],
              [
                112.0226593,
                -8.2443427
              ],
              [
                112.0226516,
                -8.2442588
              ],
              [
                112.0227813,
                -8.2436008
              ],
              [
                112.0228576,
                -8.2433786
              ],
              [
                112.0230026,
                -8.2428598
              ],
              [
                112.0230865,
                -8.2420091
              ],
              [
                112.0232238,
                -8.2410783
              ],
              [
                112.0235672,
                -8.2393436
              ],
              [
                112.0237655,
                -8.2379722
              ],
              [
                112.0239105,
                -8.237152
              ],
              [
                112.0240478,
                -8.2363004
              ],
              [
                112.0243454,
                -8.2345971
              ],
              [
                112.0245361,
                -8.233714
              ],
              [
                112.024681,
                -8.2331876
              ],
              [
                112.0248642,
                -8.2319726
              ],
              [
                112.0249176,
                -8.2318257
              ],
              [
                112.0249862,
                -8.2313956
              ],
              [
                112.0251465,
                -8.2308749
              ],
              [
                112.0253906,
                -8.2300023
              ],
              [
                112.025505,
                -8.2293882
              ],
              [
                112.0254669,
                -8.2291287
              ],
              [
                112.025177,
                -8.2288856
              ],
              [
                112.0246124,
                -8.2287015
              ],
              [
                112.024086,
                -8.2286538
              ],
              [
                112.0237503,
                -8.2287272
              ],
              [
                112.0235443,
                -8.2287587
              ],
              [
                112.023201,
                -8.2287587
              ],
              [
                112.0231475,
                -8.2287578
              ],
              [
                112.0227661,
                -8.2288321
              ],
              [
                112.0227356,
                -8.2288588
              ],
              [
                112.0226629,
                -8.2288452
              ],
              [
                112.0226593,
                -8.2288446
              ],
              [
                112.0226599,
                -8.2288398
              ],
              [
                112.0226669,
                -8.2287854
              ],
              [
                112.0226669,
                -8.2285623
              ],
              [
                112.0226364,
                -8.2282476
              ],
              [
                112.0226821,
                -8.2278079
              ],
              [
                112.0226898,
                -8.2276648
              ],
              [
                112.0226135,
                -8.2274865
              ],
              [
                112.0224685,
                -8.2273625
              ],
              [
                112.0223007,
                -8.2272557
              ],
              [
                112.0220871,
                -8.2270144
              ],
              [
                112.021965,
                -8.2268542
              ],
              [
                112.0219268,
                -8.2267379
              ],
              [
                112.0219268,
                -8.2264251
              ],
              [
                112.021965,
                -8.2262468
              ],
              [
                112.022026,
                -8.2261657
              ],
              [
                112.0222625,
                -8.2261657
              ],
              [
                112.0225753,
                -8.2261466
              ],
              [
                112.0228424,
                -8.2260922
              ],
              [
                112.0229873,
                -8.2260026
              ],
              [
                112.0231857,
                -8.2257165
              ],
              [
                112.0233535,
                -8.2255372
              ],
              [
                112.0235366,
                -8.2254743
              ],
              [
                112.0237121,
                -8.225438
              ],
              [
                112.0238647,
                -8.225357
              ],
              [
                112.0239181,
                -8.2252673
              ],
              [
                112.0239256,
                -8.2251885
              ],
              [
                112.0239257,
                -8.2251872
              ],
              [
                112.0239639,
                -8.2246188
              ],
              [
                112.0240783,
                -8.2240581
              ],
              [
                112.0241089,
                -8.2234429
              ],
              [
                112.0242386,
                -8.2231683
              ],
              [
                112.0241775,
                -8.2227553
              ],
              [
                112.0241699,
                -8.222577
              ],
              [
                112.0240478,
                -8.2223911
              ],
              [
                112.023796,
                -8.2221936
              ],
              [
                112.0234069,
                -8.2219457
              ],
              [
                112.0233001,
                -8.2218322
              ],
              [
                112.023262,
                -8.2216281
              ],
              [
                112.0234985,
                -8.2209052
              ],
              [
                112.0235595,
                -8.2207726
              ],
              [
                112.0237045,
                -8.2202176
              ],
              [
                112.0238876,
                -8.2189483
              ],
              [
                112.0239791,
                -8.2184724
              ],
              [
                112.0239868,
                -8.2184381
              ],
              [
                112.0243835,
                -8.2177266
              ],
              [
                112.0245361,
                -8.217514
              ],
              [
                112.0246276,
                -8.2173308
              ],
              [
                112.0246429,
                -8.2172755
              ],
              [
                112.0246429,
                -8.2172345
              ],
              [
                112.0249405,
                -8.2169846
              ],
              [
                112.0250778,
                -8.2168073
              ],
              [
                112.0252685,
                -8.2163667
              ],
              [
                112.0252914,
                -8.216298
              ],
              [
                112.0253906,
                -8.215825
              ],
              [
                112.0254135,
                -8.2157172
              ],
              [
                112.0254211,
                -8.2156676
              ],
              [
                112.0255279,
                -8.2152366
              ],
              [
                112.0255584,
                -8.2151498
              ],
              [
                112.0256195,
                -8.2146777
              ],
              [
                112.0256576,
                -8.2145099
              ],
              [
                112.0256347,
                -8.2142667
              ],
              [
                112.025505,
                -8.2137431
              ],
              [
                112.0254745,
                -8.2136249
              ],
              [
                112.0253372,
                -8.2132672
              ],
              [
                112.0252533,
                -8.2130631
              ],
              [
                112.0252227,
                -8.2129077
              ],
              [
                112.0251846,
                -8.2125997
              ],
              [
                112.0251922,
                -8.2124728
              ],
              [
                112.0252075,
                -8.2123946
              ],
              [
                112.0253143,
                -8.2121839
              ],
              [
                112.0253982,
                -8.2120713
              ],
              [
                112.0256042,
                -8.2118901
              ],
              [
                112.0257873,
                -8.2117109
              ],
              [
                112.0258941,
                -8.2115172
              ],
              [
                112.0259246,
                -8.2113628
              ],
              [
                112.0259399,
                -8.2109021
              ],
              [
                112.0259628,
                -8.2106198
              ],
              [
                112.0258865,
                -8.2106255
              ],
              [
                112.0257415,
                -8.2105721
              ],
              [
                112.0256653,
                -8.2104682
              ],
              [
                112.0253372,
                -8.209938
              ],
              [
                112.0252304,
                -8.2097501
              ],
              [
                112.0251236,
                -8.2095717
              ],
              [
                112.0250473,
                -8.2094583
              ],
              [
                112.0250244,
                -8.2094278
              ],
              [
                112.0249023,
                -8.2092151
              ],
              [
                112.0251922,
                -8.2074794
              ],
              [
                112.025238,
                -8.2072438
              ],
              [
                112.0253143,
                -8.2068614
              ],
              [
                112.0253906,
                -8.2063016
              ],
              [
                112.025444,
                -8.2059325
              ],
              [
                112.025444,
                -8.2058829
              ],
              [
                112.0254593,
                -8.2058467
              ],
              [
                112.0255661,
                -8.205532
              ],
              [
                112.0257797,
                -8.2048835
              ],
              [
                112.0258102,
                -8.2047824
              ],
              [
                112.0258941,
                -8.204523
              ],
              [
                112.0261077,
                -8.2037925
              ],
              [
                112.0262298,
                -8.2033662
              ],
              [
                112.0262832,
                -8.2031516
              ],
              [
                112.026741,
                -8.203144
              ],
              [
                112.0271988,
                -8.2029313
              ],
              [
                112.0273742,
                -8.2027883
              ],
              [
                112.0278473,
                -8.2019805
              ],
              [
                112.0277938,
                -8.2019414
              ],
              [
                112.027771,
                -8.2018432
              ],
              [
                112.0278167,
                -8.2015495
              ],
              [
                112.0280685,
                -8.2006949
              ],
              [
                112.0281829,
                -8.2002696
              ],
              [
                112.0282058,
                -8.1999301
              ],
              [
                112.0280761,
                -8.1996764
              ],
              [
                112.0278396,
                -8.1995076
              ],
              [
                112.0274353,
                -8.1993179
              ],
              [
                112.0269241,
                -8.1992349
              ],
              [
                112.0263748,
                -8.1990193
              ],
              [
                112.0263519,
                -8.1984309
              ],
              [
                112.0262832,
                -8.1978158
              ],
              [
                112.0261764,
                -8.196947
              ],
              [
                112.0261993,
                -8.1961631
              ],
              [
                112.0261001,
                -8.1956595
              ],
              [
                112.0254287,
                -8.1953839
              ],
              [
                112.0253906,
                -8.1953801
              ],
              [
                112.024559,
                -8.1953935
              ],
              [
                112.0235595,
                -8.1947974
              ],
              [
                112.0233078,
                -8.194478
              ],
              [
                112.0231628,
                -8.194065
              ],
              [
                112.0230865,
                -8.1937713
              ],
              [
                112.0230484,
                -8.1936473
              ],
              [
                112.0229728,
                -8.1932806
              ],
              [
                112.0229721,
                -8.1932773
              ],
              [
                112.0229873,
                -8.1928195
              ],
              [
                112.023056,
                -8.1926526
              ],
              [
                112.023201,
                -8.1925086
              ],
              [
                112.0233078,
                -8.192336
              ],
              [
                112.0234146,
                -8.1920518
              ],
              [
                112.023529,
                -8.1916408
              ],
              [
                112.0236663,
                -8.1911315
              ],
              [
                112.0237655,
                -8.1907911
              ],
              [
                112.0239334,
                -8.1902217
              ],
              [
                112.0240478,
                -8.1898927
              ],
              [
                112.0243148,
                -8.1889009
              ],
              [
                112.0244751,
                -8.1887378
              ],
              [
                112.0247192,
                -8.1884889
              ],
              [
                112.0252914,
                -8.1878184
              ],
              [
                112.0254135,
                -8.1876334
              ],
              [
                112.0253982,
                -8.1875361
              ],
              [
                112.0253067,
                -8.1871347
              ],
              [
                112.0251007,
                -8.1867646
              ],
              [
                112.0250854,
                -8.1867427
              ],
              [
                112.0247955,
                -8.1863307
              ],
              [
                112.0246658,
                -8.1863097
              ],
              [
                112.0244369,
                -8.186263
              ],
              [
                112.0243148,
                -8.1861495
              ],
              [
                112.0242004,
                -8.1859483
              ],
              [
                112.0241775,
                -8.1857985
              ],
              [
                112.0241928,
                -8.1857156
              ],
              [
                112.0243454,
                -8.1856412
              ],
              [
                112.0245132,
                -8.1855887
              ],
              [
                112.024971,
                -8.1854762
              ],
              [
                112.0255813,
                -8.1852483
              ],
              [
                112.0266418,
                -8.1847791
              ],
              [
                112.0267028,
                -8.1847457
              ],
              [
                112.026741,
                -8.1847467
              ],
              [
                112.0269317,
                -8.1847161
              ],
              [
                112.0270996,
                -8.184596
              ],
              [
                112.027832,
                -8.1837796
              ],
              [
                112.0281524,
                -8.1833448
              ],
              [
                112.0281982,
                -8.1832752
              ],
              [
                112.0284271,
                -8.1829528
              ],
              [
                112.028862,
                -8.1821012
              ],
              [
                112.0290985,
                -8.1814384
              ],
              [
                112.0291976,
                -8.1808461
              ],
              [
                112.0293197,
                -8.1800651
              ],
              [
                112.0294113,
                -8.1792726
              ],
              [
                112.0294952,
                -8.1784486
              ],
              [
                112.0294418,
                -8.1781768
              ],
              [
                112.0293731,
                -8.1774797
              ],
              [
                112.029335,
                -8.1771382
              ],
              [
                112.029335,
                -8.1771068
              ],
              [
                112.0293731,
                -8.1761245
              ],
              [
                112.029396,
                -8.175764
              ],
              [
                112.0294723,
                -8.175763
              ],
              [
                112.0293731,
                -8.1752042
              ],
              [
                112.0293121,
                -8.1744708
              ],
              [
                112.0291748,
                -8.1729211
              ],
              [
                112.0291443,
                -8.1727847
              ],
              [
                112.0289154,
                -8.1714601
              ],
              [
                112.0286865,
                -8.1695966
              ],
              [
                112.0286255,
                -8.1690177
              ],
              [
                112.0286407,
                -8.1686868
              ],
              [
                112.0288391,
                -8.1682128
              ],
              [
                112.0288408,
                -8.1682107
              ],
              [
                112.028984,
                -8.1680354
              ],
              [
                112.0291824,
                -8.16794
              ],
              [
                112.0297088,
                -8.1679582
              ],
              [
                112.0297102,
                -8.1679585
              ],
              [
                112.0299682,
                -8.1680211
              ],
              [
                112.0302276,
                -8.1681498
              ],
              [
                112.0304336,
                -8.1685638
              ],
              [
                112.0309448,
                -8.1695317
              ],
              [
                112.0312805,
                -8.1698388
              ],
              [
                112.0316238,
                -8.1699676
              ],
              [
                112.03199,
                -8.1699666
              ],
              [
                112.0323715,
                -8.1698951
              ],
              [
                112.0327529,
                -8.1697282
              ],
              [
                112.0339431,
                -8.1690311
              ],
              [
                112.0345535,
                -8.1690377
              ],
              [
                112.034996,
                -8.1690959
              ],
              [
                112.0354461,
                -8.1692838
              ],
              [
                112.035759,
                -8.1695317
              ],
              [
                112.0359802,
                -8.1699923
              ],
              [
                112.0360946,
                -8.1706304
              ],
              [
                112.0361633,
                -8.171092
              ],
              [
                112.0364608,
                -8.1718244
              ],
              [
                112.0367965,
                -8.1722773
              ],
              [
                112.0370331,
                -8.1725205
              ],
              [
                112.0374145,
                -8.1728858
              ],
              [
                112.0381546,
                -8.1733932
              ],
              [
                112.0390701,
                -8.1738872
              ],
              [
                112.0399627,
                -8.1743345
              ],
              [
                112.040924,
                -8.1746158
              ],
              [
                112.0422516,
                -8.1752071
              ],
              [
                112.0432129,
                -8.1755475
              ],
              [
                112.0436859,
                -8.1757592
              ],
              [
                112.0448684,
                -8.1766509
              ],
              [
                112.0459213,
                -8.177329
              ],
              [
                112.047142,
                -8.177905
              ],
              [
                112.0487823,
                -8.1787757
              ],
              [
                112.0499954,
                -8.1793765
              ],
              [
                112.051773,
                -8.1803645
              ],
              [
                112.0525207,
                -8.1808499
              ],
              [
                112.0530014,
                -8.1809348
              ],
              [
                112.0536346,
                -8.181138
              ],
              [
                112.0536804,
                -8.1811656
              ],
              [
                112.0538406,
                -8.1813163
              ],
              [
                112.0539779,
                -8.1815728
              ],
              [
                112.0541839,
                -8.1820039
              ],
              [
                112.0542526,
                -8.1821021
              ],
              [
                112.0543976,
                -8.1822499
              ],
              [
                112.0544891,
                -8.18229
              ],
              [
                112.05449,
                -8.1822901
              ],
              [
                112.0545273,
                -8.1822967
              ],
              [
                112.0547714,
                -8.1823005
              ],
              [
                112.0555038,
                -8.1823653
              ],
              [
                112.0555801,
                -8.1825284
              ],
              [
                112.0563125,
                -8.1829671
              ],
              [
                112.0576324,
                -8.1836251
              ],
              [
                112.0587768,
                -8.1840247
              ],
              [
                112.0594635,
                -8.1842002
              ],
              [
                112.0608291,
                -8.1843728
              ],
              [
                112.0616379,
                -8.1843709
              ],
              [
                112.0626068,
                -8.1844691
              ],
              [
                112.0636596,
                -8.1847486
              ],
              [
                112.0638809,
                -8.1848544
              ],
              [
                112.0641403,
                -8.185027
              ],
              [
                112.0644149,
                -8.1852073
              ],
              [
                112.0648269,
                -8.1854142
              ],
              [
                112.0648498,
                -8.1854247
              ],
              [
                112.0651016,
                -8.185583
              ],
              [
                112.0654525,
                -8.185871
              ],
              [
                112.0656357,
                -8.1860141
              ],
              [
                112.0660171,
                -8.1863565
              ],
              [
                112.0661087,
                -8.1864614
              ],
              [
                112.0666275,
                -8.1867122
              ],
              [
                112.0671692,
                -8.1868648
              ],
              [
                112.0679092,
                -8.1869811
              ],
              [
                112.0687027,
                -8.1870498
              ],
              [
                112.0695724,
                -8.1871423
              ],
              [
                112.0702056,
                -8.1871661
              ],
              [
                112.0704346,
                -8.1872577
              ],
              [
                112.0709381,
                -8.1873921
              ],
              [
                112.0711517,
                -8.1874227
              ],
              [
                112.0714416,
                -8.1874331
              ],
              [
                112.0721434,
                -8.1873454
              ],
              [
                112.0721435,
                -8.1873454
              ],
              [
                112.0728683,
                -8.1872501
              ],
              [
                112.0733261,
                -8.187168
              ],
              [
                112.0736618,
                -8.1870688
              ],
              [
                112.0745849,
                -8.1868705
              ],
              [
                112.0753174,
                -8.186819
              ],
              [
                112.0754165,
                -8.186819
              ],
              [
                112.0759048,
                -8.1868571
              ],
              [
                112.077095,
                -8.1871413
              ],
              [
                112.0785827,
                -8.1875171
              ],
              [
                112.0789489,
                -8.1871594
              ],
              [
                112.0796661,
                -8.1867723
              ],
              [
                112.0796695,
                -8.1867698
              ],
              [
                112.0798492,
                -8.1866378
              ],
              [
                112.0800247,
                -8.1864089
              ],
              [
                112.0801696,
                -8.1860875
              ],
              [
                112.0806427,
                -8.1848783
              ],
              [
                112.0810394,
                -8.1840944
              ],
              [
                112.0811386,
                -8.1838168
              ],
              [
                112.0812912,
                -8.1834268
              ],
              [
                112.0815429,
                -8.1829423
              ],
              [
                112.0816726,
                -8.1828288
              ],
              [
                112.0818939,
                -8.1827306
              ],
              [
                112.082695,
                -8.1823539
              ],
              [
                112.082817,
                -8.1822747
              ],
              [
                112.083107,
                -8.182104
              ],
              [
                112.0834579,
                -8.1818799
              ],
              [
                112.0836715,
                -8.1817407
              ],
              [
                112.0838852,
                -8.1815814
              ],
              [
                112.0841674,
                -8.1813554
              ],
              [
                112.0844803,
                -8.1810359
              ],
              [
                112.0845947,
                -8.1808385
              ],
              [
                112.0846557,
                -8.1806506
              ],
              [
                112.0846634,
                -8.180581
              ],
              [
                112.0847168,
                -8.1800717
              ],
              [
                112.0847244,
                -8.1797475
              ],
              [
                112.0847244,
                -8.1795053
              ],
              [
                112.0847244,
                -8.1794089
              ],
              [
                112.0846862,
                -8.1785277
              ],
              [
                112.084671,
                -8.1784619
              ],
              [
                112.08461,
                -8.1782874
              ],
              [
                112.0845489,
                -8.1780862
              ],
              [
                112.0845565,
                -8.1780576
              ],
              [
                112.0846176,
                -8.1779012
              ],
              [
                112.0847473,
                -8.1777409
              ],
              [
                112.0849304,
                -8.1776008
              ],
              [
                112.0850524,
                -8.1775273
              ],
              [
                112.0855789,
                -8.1771926
              ],
              [
                112.0857086,
                -8.1770066
              ],
              [
                112.0858001,
                -8.1767425
              ],
              [
                112.0858383,
                -8.1766356
              ],
              [
                112.085968,
                -8.1763505
              ],
              [
                112.0861892,
                -8.1760968
              ],
              [
                112.0862884,
                -8.1760234
              ],
              [
                112.0863952,
                -8.1759576
              ],
              [
                112.0870514,
                -8.1755752
              ],
              [
                112.0874786,
                -8.175208
              ],
              [
                112.0876388,
                -8.1750344
              ],
              [
                112.0877532,
                -8.1748876
              ],
              [
                112.0884017,
                -8.1740826
              ],
              [
                112.0887146,
                -8.1736955
              ],
              [
                112.0890197,
                -8.173355
              ],
              [
                112.0890405,
                -8.173342
              ],
              [
                112.0890502,
                -8.1733359
              ],
              [
                112.0894851,
                -8.173375
              ],
              [
                112.0911331,
                -8.1736125
              ],
              [
                112.0912323,
                -8.1736154
              ],
              [
                112.0921478,
                -8.1736163
              ],
              [
                112.0938797,
                -8.1736173
              ],
              [
                112.0939712,
                -8.1736154
              ],
              [
                112.0945663,
                -8.1728476
              ],
              [
                112.0953903,
                -8.1719703
              ],
              [
                112.0957794,
                -8.1717824
              ],
              [
                112.095848,
                -8.1716546
              ],
              [
                112.0965347,
                -8.1706561
              ],
              [
                112.0969467,
                -8.1699237
              ],
              [
                112.0970154,
                -8.1697044
              ],
              [
                112.0970458,
                -8.1693391
              ],
              [
                112.0970154,
                -8.1688422
              ],
              [
                112.096939,
                -8.1679152
              ],
              [
                112.0969696,
                -8.1675843
              ],
              [
                112.0970764,
                -8.1672524
              ],
              [
                112.0975113,
                -8.1664428
              ],
              [
                112.0977859,
                -8.166048
              ],
              [
                112.0981216,
                -8.165696
              ],
              [
                112.0984115,
                -8.1653689
              ],
              [
                112.0987472,
                -8.1650838
              ],
              [
                112.0995178,
                -8.1644305
              ],
              [
                112.099945,
                -8.1640271
              ],
              [
                112.1006774,
                -8.1629256
              ],
              [
                112.1017608,
                -8.1608647
              ],
              [
                112.1022644,
                -8.1600942
              ],
              [
                112.1025085,
                -8.1596803
              ],
              [
                112.1030197,
                -8.1590165
              ],
              [
                112.1032714,
                -8.1587371
              ],
              [
                112.1036529,
                -8.1583928
              ],
              [
                112.1041412,
                -8.1581849
              ],
              [
                112.1048965,
                -8.1580886
              ],
              [
                112.10569,
                -8.1581658
              ],
              [
                112.1071701,
                -8.1585416
              ],
              [
                112.1077194,
                -8.1585559
              ],
              [
                112.1084213,
                -8.1584271
              ],
              [
                112.1094131,
                -8.1580705
              ],
              [
                112.1094202,
                -8.1580701
              ],
              [
                112.1110611,
                -8.1579932
              ],
              [
                112.1134796,
                -8.1587523
              ],
              [
                112.114685,
                -8.1588267
              ],
              [
                112.1155166,
                -8.158512
              ],
              [
                112.116539,
                -8.1576146
              ],
              [
                112.1165618,
                -8.1573933
              ],
              [
                112.1165237,
                -8.157319
              ],
              [
                112.1163482,
                -8.1569842
              ],
              [
                112.1162796,
                -8.156762
              ],
              [
                112.1165237,
                -8.1564902
              ],
              [
                112.116745,
                -8.1562432
              ],
              [
                112.1168365,
                -8.1560744
              ],
              [
                112.1169433,
                -8.1556872
              ],
              [
                112.1171188,
                -8.1542014
              ],
              [
                112.117157,
                -8.1539325
              ],
              [
                112.1168518,
                -8.1498355
              ],
              [
                112.1170654,
                -8.1496619
              ],
              [
                112.1170883,
                -8.1495303
              ],
              [
                112.1171112,
                -8.1491193
              ],
              [
                112.1170349,
                -8.1485032
              ],
              [
                112.1169815,
                -8.1480683
              ],
              [
                112.1169662,
                -8.1477508
              ],
              [
                112.1170044,
                -8.1473598
              ],
              [
                112.1170044,
                -8.1469487
              ],
              [
                112.1170272,
                -8.1466206
              ],
              [
                112.1171341,
                -8.1463479
              ],
              [
                112.1173095,
                -8.1458291
              ],
              [
                112.1173706,
                -8.1453132
              ],
              [
                112.1173629,
                -8.1448573
              ],
              [
                112.11734,
                -8.1441735
              ],
              [
                112.1173249,
                -8.1436195
              ],
              [
                112.1173248,
                -8.1436166
              ],
              [
                112.1174621,
                -8.1431064
              ],
              [
                112.1175842,
                -8.142825
              ],
              [
                112.1177826,
                -8.1425389
              ],
              [
                112.1179123,
                -8.14225
              ],
              [
                112.1179885,
                -8.1419362
              ],
              [
                112.1180114,
                -8.1415471
              ],
              [
                112.1179962,
                -8.141056
              ],
              [
                112.1180877,
                -8.1407594
              ],
              [
                112.1182174,
                -8.140582
              ],
              [
                112.1187057,
                -8.1399554
              ],
              [
                112.1187286,
                -8.1397428
              ],
              [
                112.1187591,
                -8.1394815
              ],
              [
                112.1191101,
                -8.137906
              ],
              [
                112.1191787,
                -8.136979
              ],
              [
                112.1191787,
                -8.13625
              ],
              [
                112.1191787,
                -8.1362456
              ],
              [
                112.1192016,
                -8.1349219
              ],
              [
                112.1193771,
                -8.1348771
              ],
              [
                112.1196975,
                -8.1347102
              ],
              [
                112.1200103,
                -8.1345729
              ],
              [
                112.1200637,
                -8.1345376
              ],
              [
                112.1200714,
                -8.1342238
              ],
              [
                112.1199875,
                -8.1337546
              ],
              [
                112.1199035,
                -8.1334943
              ],
              [
                112.1198807,
                -8.1333417
              ],
              [
                112.1198578,
                -8.1327857
              ],
              [
                112.1197967,
                -8.1325006
              ],
              [
                112.1195144,
                -8.1321477
              ],
              [
                112.1193618,
                -8.131916
              ],
              [
                112.1193161,
                -8.1317786
              ],
              [
                112.1194,
                -8.1315459
              ],
              [
                112.1195602,
                -8.1311673
              ],
              [
                112.1198807,
                -8.1306237
              ],
              [
                112.1199111,
                -8.1305198
              ],
              [
                112.1198196,
                -8.1300982
              ],
              [
                112.1198043,
                -8.1299008
              ],
              [
                112.1198959,
                -8.1296739
              ],
              [
                112.1199111,
                -8.1296367
              ],
              [
                112.120018,
                -8.129445
              ],
              [
                112.1200485,
                -8.1292638
              ],
              [
                112.1200256,
                -8.1290101
              ],
              [
                112.1198272,
                -8.1285361
              ],
              [
                112.1197967,
                -8.1280669
              ],
              [
                112.119873,
                -8.1273459
              ],
              [
                112.1201782,
                -8.1267909
              ],
              [
                112.1205368,
                -8.1263484
              ],
              [
                112.120758,
                -8.1260957
              ],
              [
                112.1211256,
                -8.1258083
              ],
              [
                112.1214904,
                -8.1256875
              ],
              [
                112.1216049,
                -8.1256675
              ],
              [
                112.1217575,
                -8.1255225
              ],
              [
                112.1218691,
                -8.1252522
              ],
              [
                112.1194961,
                -8.1244906
              ],
              [
                112.1167711,
                -8.1238092
              ],
              [
                112.1159597,
                -8.1232617
              ],
              [
                112.1156065,
                -8.1228034
              ],
              [
                112.1150633,
                -8.121689
              ],
              [
                112.1139804,
                -8.1205797
              ],
              [
                112.1129899,
                -8.1199898
              ],
              [
                112.1114992,
                -8.1189274
              ],
              [
                112.110782,
                -8.1187121
              ],
              [
                112.110102,
                -8.1185084
              ],
              [
                112.109853,
                -8.1184338
              ],
              [
                112.1088365,
                -8.1176552
              ],
              [
                112.1073869,
                -8.1172804
              ],
              [
                112.1056322,
                -8.1166786
              ],
              [
                112.1033195,
                -8.1154565
              ],
              [
                112.1023515,
                -8.1150955
              ],
              [
                112.1005205,
                -8.1138872
              ],
              [
                112.0989183,
                -8.1130575
              ],
              [
                112.0984605,
                -8.1127152
              ],
              [
                112.0984577,
                -8.1127125
              ],
              [
                112.0984376,
                -8.1126932
              ],
              [
                112.0967821,
                -8.1113953
              ],
              [
                112.0947984,
                -8.1106428
              ],
              [
                112.0928911,
                -8.1104959
              ],
              [
                112.0913704,
                -8.1109338
              ],
              [
                112.089953,
                -8.1115316
              ],
              [
                112.0887785,
                -8.1120901
              ],
              [
                112.0866252,
                -8.1130084
              ],
              [
                112.0859685,
                -8.113538
              ],
              [
                112.0853609,
                -8.1144585
              ],
              [
                112.0846752,
                -8.1159196
              ],
              [
                112.0840913,
                -8.116751
              ],
              [
                112.0834074,
                -8.1173776
              ],
              [
                112.0824683,
                -8.1185794
              ],
              [
                112.0812163,
                -8.1189329
              ],
              [
                112.0802702,
                -8.1190122
              ],
              [
                112.0791455,
                -8.1189185
              ],
              [
                112.0781154,
                -8.1186316
              ],
              [
                112.0763777,
                -8.118217
              ],
              [
                112.0726121,
                -8.1172956
              ],
              [
                112.0726084,
                -8.1172944
              ],
              [
                112.0712007,
                -8.1168465
              ],
              [
                112.0703346,
                -8.1158501
              ],
              [
                112.0696104,
                -8.1147067
              ],
              [
                112.0692381,
                -8.1133878
              ],
              [
                112.0683034,
                -8.1120684
              ],
              [
                112.067585,
                -8.1115439
              ],
              [
                112.066819,
                -8.1111429
              ],
              [
                112.0660917,
                -8.1110235
              ],
              [
                112.0649811,
                -8.1110459
              ],
              [
                112.0633073,
                -8.1114451
              ],
              [
                112.0628589,
                -8.1115173
              ],
              [
                112.0623118,
                -8.1113049
              ],
              [
                112.0612062,
                -8.1108831
              ],
              [
                112.0592738,
                -8.1102439
              ],
              [
                112.057361,
                -8.1097957
              ],
              [
                112.0561939,
                -8.1095406
              ],
              [
                112.0542334,
                -8.1094893
              ],
              [
                112.0531578,
                -8.1095954
              ],
              [
                112.0504152,
                -8.1096879
              ],
              [
                112.0492448,
                -8.1096242
              ],
              [
                112.0488071,
                -8.1094956
              ],
              [
                112.0478614,
                -8.1090056
              ],
              [
                112.0468313,
                -8.1085128
              ],
              [
                112.0450066,
                -8.1074465
              ],
              [
                112.0429174,
                -8.1057654
              ],
              [
                112.0428786,
                -8.1057342
              ],
              [
                112.0393401,
                -8.1033663
              ],
              [
                112.0386849,
                -8.1030681
              ],
              [
                112.0382036,
                -8.102837
              ],
              [
                112.0377077,
                -8.1023716
              ],
              [
                112.0370592,
                -8.1020063
              ],
              [
                112.0358903,
                -8.1007856
              ],
              [
                112.0349694,
                -8.0998798
              ],
              [
                112.0337908,
                -8.0989533
              ],
              [
                112.0323442,
                -8.098506
              ],
              [
                112.0296005,
                -8.0982889
              ],
              [
                112.0275758,
                -8.0983882
              ],
              [
                112.0257342,
                -8.0984933
              ],
              [
                112.0247402,
                -8.0984969
              ],
              [
                112.0222025,
                -8.0982538
              ],
              [
                112.0185182,
                -8.097385
              ],
              [
                112.0171004,
                -8.0968644
              ],
              [
                112.014866,
                -8.0968996
              ],
              [
                112.0135821,
                -8.0970723
              ],
              [
                112.0111752,
                -8.0977461
              ],
              [
                112.0088123,
                -8.0975703
              ],
              [
                112.0085174,
                -8.0975126
              ],
              [
                112.0077664,
                -8.0975551
              ],
              [
                112.0067137,
                -8.0971294
              ],
              [
                112.0054457,
                -8.0963964
              ],
              [
                112.0043036,
                -8.0959831
              ],
              [
                112.0031451,
                -8.0955896
              ],
              [
                112.0023342,
                -8.0951989
              ],
              [
                112.0013688,
                -8.0947336
              ],
              [
                112.000049,
                -8.0936827
              ],
              [
                111.9993583,
                -8.0931941
              ],
              [
                111.9993547,
                -8.0931915
              ],
              [
                111.9976885,
                -8.0924106
              ],
              [
                111.9960386,
                -8.0911012
              ],
              [
                111.9955176,
                -8.0898085
              ],
              [
                111.9953909,
                -8.0894443
              ],
              [
                111.9951221,
                -8.0887473
              ],
              [
                111.9949678,
                -8.0883221
              ],
              [
                111.9942582,
                -8.0866274
              ],
              [
                111.9936944,
                -8.08402
              ],
              [
                111.9936318,
                -8.0818054
              ],
              [
                111.9926603,
                -8.0807972
              ],
              [
                111.992061,
                -8.0798115
              ],
              [
                111.9912614,
                -8.0791455
              ],
              [
                111.9913254,
                -8.0786952
              ],
              [
                111.9916229,
                -8.0769738
              ],
              [
                111.9919204,
                -8.0760697
              ],
              [
                111.9926071,
                -8.0748386
              ],
              [
                111.9926147,
                -8.0744418
              ],
              [
                111.9927825,
                -8.0743617
              ],
              [
                111.9933853,
                -8.0740508
              ],
              [
                111.9933395,
                -8.0727614
              ],
              [
                111.9933166,
                -8.0721149
              ],
              [
                111.9932556,
                -8.0705194
              ],
              [
                111.9932174,
                -8.069539
              ],
              [
                111.9932098,
                -8.0693835
              ],
              [
                111.9931945,
                -8.0687598
              ],
              [
                111.9931869,
                -8.0685214
              ],
              [
                111.9931717,
                -8.0677537
              ],
              [
                111.993164,
                -8.0675696
              ],
              [
                111.993164,
                -8.0671386
              ],
              [
                111.993164,
                -8.0671033
              ],
              [
                111.993164,
                -8.0669974
              ],
              [
                111.993103,
                -8.0669851
              ],
              [
                111.993103,
                -8.0661792
              ],
              [
                111.993103,
                -8.0660762
              ],
              [
                111.993103,
                -8.0657233
              ],
              [
                111.9931106,
                -8.0656652
              ],
              [
                111.9931106,
                -8.065585
              ],
              [
                111.9931183,
                -8.0655326
              ],
              [
                111.9931259,
                -8.0654973
              ],
              [
                111.9932785,
                -8.0647763
              ],
              [
                111.9935455,
                -8.0636148
              ],
              [
                111.9939422,
                -8.0619515
              ],
              [
                111.9940109,
                -8.0619382
              ],
              [
                111.9944076,
                -8.0602569
              ],
              [
                111.994545,
                -8.0596799
              ],
              [
                111.994545,
                -8.0596313
              ],
              [
                111.9945373,
                -8.0595836
              ],
              [
                111.9945221,
                -8.0595349
              ],
              [
                111.9945068,
                -8.0595168
              ],
              [
                111.9946285,
                -8.0593285
              ],
              [
                111.9946289,
                -8.059328
              ],
              [
                111.9945068,
                -8.0592555
              ],
              [
                111.9944076,
                -8.0591554
              ],
              [
                111.9944076,
                -8.0590018
              ],
              [
                111.9943924,
                -8.0589303
              ],
              [
                111.994339,
                -8.058874
              ],
              [
                111.9942703,
                -8.0588578
              ],
              [
                111.9940643,
                -8.0587901
              ],
              [
                111.9939727,
                -8.0587157
              ],
              [
                111.9939194,
                -8.0586137
              ],
              [
                111.9938812,
                -8.0585021
              ],
              [
                111.9938736,
                -8.0584363
              ],
              [
                111.9938888,
                -8.0582179
              ],
              [
                111.9938659,
                -8.0579805
              ],
              [
                111.9938507,
                -8.0579232
              ],
              [
                111.9938125,
                -8.0578832
              ],
              [
                111.9937744,
                -8.0578727
              ],
              [
                111.9934082,
                -8.0578698
              ],
              [
                111.9933395,
                -8.0578498
              ],
              [
                111.9932937,
                -8.0578164
              ],
              [
                111.993248,
                -8.0577678
              ],
              [
                111.9930496,
                -8.0575656
              ],
              [
                111.9929657,
                -8.0575084
              ],
              [
                111.9928588,
                -8.0574445
              ],
              [
                111.9927368,
                -8.0574092
              ],
              [
                111.9926605,
                -8.057414
              ],
              [
                111.9921646,
                -8.0574626
              ],
              [
                111.9920196,
                -8.0574597
              ],
              [
                111.9919281,
                -8.0574331
              ],
              [
                111.9918442,
                -8.057372
              ],
              [
                111.9917602,
                -8.0572719
              ],
              [
                111.9917297,
                -8.0572128
              ],
              [
                111.9916763,
                -8.0570783
              ],
              [
                111.9916382,
                -8.0569715
              ],
              [
                111.9914703,
                -8.0565805
              ],
              [
                111.991455,
                -8.0564136
              ],
              [
                111.991455,
                -8.0562324
              ],
              [
                111.9914474,
                -8.0561408
              ],
              [
                111.9914016,
                -8.0560922
              ],
              [
                111.9908523,
                -8.0556106
              ],
              [
                111.9907073,
                -8.0553988
              ],
              [
                111.9904937,
                -8.0551232
              ],
              [
                111.9904022,
                -8.055067
              ],
              [
                111.9897842,
                -8.0548944
              ],
              [
                111.9896316,
                -8.0549325
              ],
              [
                111.9894638,
                -8.0549659
              ],
              [
                111.989273,
                -8.0549421
              ],
              [
                111.9890442,
                -8.0548295
              ],
              [
                111.9890747,
                -8.0547704
              ],
              [
                111.9890976,
                -8.0547027
              ],
              [
                111.9894103,
                -8.0536889
              ],
              [
                111.9894256,
                -8.0536183
              ],
              [
                111.9894332,
                -8.0535325
              ],
              [
                111.989418,
                -8.0533981
              ],
              [
                111.9894485,
                -8.0530185
              ],
              [
                111.9894714,
                -8.0528945
              ],
              [
                111.9894561,
                -8.0528211
              ],
              [
                111.9894103,
                -8.0527848
              ],
              [
                111.9892807,
                -8.05274
              ],
              [
                111.9883117,
                -8.0524673
              ],
              [
                111.9882965,
                -8.0524329
              ],
              [
                111.9882965,
                -8.05239
              ],
              [
                111.9883041,
                -8.05204
              ],
              [
                111.9883041,
                -8.0517205
              ],
              [
                111.9883194,
                -8.0514659
              ],
              [
                111.9883957,
                -8.0512666
              ],
              [
                111.988533,
                -8.0509776
              ],
              [
                111.9885635,
                -8.0508489
              ],
              [
                111.9885177,
                -8.0505408
              ],
              [
                111.988472,
                -8.0503635
              ],
              [
                111.9884491,
                -8.0501708
              ],
              [
                111.9882889,
                -8.0500163
              ],
              [
                111.9879226,
                -8.0497369
              ],
              [
                111.9877803,
                -8.0497041
              ],
              [
                111.9877777,
                -8.0497035
              ],
              [
                111.9868011,
                -8.0494851
              ],
              [
                111.9840393,
                -8.0488118
              ],
              [
                111.9818496,
                -8.0483703
              ],
              [
                111.979721,
                -8.0477342
              ],
              [
                111.978569,
                -8.0469112
              ],
              [
                111.9780578,
                -8.0463857
              ],
              [
                111.9777374,
                -8.0458001
              ],
              [
                111.9776077,
                -8.0452193
              ],
              [
                111.9774093,
                -8.0440282
              ],
              [
                111.9764099,
                -8.04428
              ],
              [
                111.976326,
                -8.0442848
              ],
              [
                111.9762192,
                -8.0442857
              ],
              [
                111.9759979,
                -8.0442866
              ],
              [
                111.9758605,
                -8.0442924
              ],
              [
                111.9757614,
                -8.0442971
              ],
              [
                111.9756393,
                -8.0443019
              ],
              [
                111.9748687,
                -8.0443534
              ],
              [
                111.9746551,
                -8.0437497
              ],
              [
                111.9746017,
                -8.0435819
              ],
              [
                111.9746012,
                -8.0435803
              ],
              [
                111.9744873,
                -8.0431747
              ],
              [
                111.9743576,
                -8.0424241
              ],
              [
                111.9738388,
                -8.0414266
              ],
              [
                111.9731459,
                -8.0402483
              ],
              [
                111.9731445,
                -8.0402459
              ],
              [
                111.9726715,
                -8.0390262
              ],
              [
                111.9724044,
                -8.0388459
              ],
              [
                111.9718933,
                -8.038329
              ],
              [
                111.9713058,
                -8.0377902
              ],
              [
                111.9710541,
                -8.0373592
              ],
              [
                111.9709625,
                -8.0371799
              ],
              [
                111.9709244,
                -8.0370988
              ],
              [
                111.9709091,
                -8.0370635
              ],
              [
                111.970932,
                -8.0369233
              ],
              [
                111.9710464,
                -8.0366687
              ],
              [
                111.9711761,
                -8.0365361
              ],
              [
                111.9712219,
                -8.0364427
              ],
              [
                111.9712448,
                -8.0363311
              ],
              [
                111.9715347,
                -8.036024
              ],
              [
                111.9715652,
                -8.0359525
              ],
              [
                111.9715652,
                -8.0358352
              ],
              [
                111.9714889,
                -8.0357388
              ],
              [
                111.9713821,
                -8.0356578
              ],
              [
                111.97126,
                -8.0356092
              ],
              [
                111.9711837,
                -8.0355424
              ],
              [
                111.9711761,
                -8.035325
              ],
              [
                111.9712906,
                -8.0349407
              ],
              [
                111.9713821,
                -8.0347079
              ],
              [
                111.9713974,
                -8.0345315
              ],
              [
                111.9713964,
                -8.0345293
              ],
              [
                111.9711609,
                -8.0340223
              ],
              [
                111.9710388,
                -8.0337857
              ],
              [
                111.9709549,
                -8.0334138
              ],
              [
                111.9708862,
                -8.0331706
              ],
              [
                111.970787,
                -8.0328502
              ],
              [
                111.9707489,
                -8.0325679
              ],
              [
                111.9707565,
                -8.032442
              ],
              [
                111.9707641,
                -8.032092
              ],
              [
                111.9707641,
                -8.0320033
              ],
              [
                111.9707947,
                -8.0314674
              ],
              [
                111.9707565,
                -8.0312194
              ],
              [
                111.9706802,
                -8.0310935
              ],
              [
                111.9706775,
                -8.0310921
              ],
              [
                111.9704589,
                -8.0309791
              ],
              [
                111.9697952,
                -8.0306424
              ],
              [
                111.9694824,
                -8.0303725
              ],
              [
                111.9693832,
                -8.0302276
              ],
              [
                111.9693374,
                -8.0300416
              ],
              [
                111.9693832,
                -8.0297679
              ],
              [
                111.969902,
                -8.0290269
              ],
              [
                111.9700851,
                -8.0287446
              ],
              [
                111.9701919,
                -8.0285215
              ],
              [
                111.9702377,
                -8.0284089
              ],
              [
                111.9703216,
                -8.02812
              ],
              [
                111.9703369,
                -8.0279521
              ],
              [
                111.9703445,
                -8.027749
              ],
              [
                111.9702453,
                -8.0274467
              ],
              [
                111.9701233,
                -8.0272502
              ],
              [
                111.9699707,
                -8.0271205
              ],
              [
                111.9691009,
                -8.0268535
              ],
              [
                111.9689254,
                -8.0267943
              ],
              [
                111.9688339,
                -8.0267009
              ],
              [
                111.9687347,
                -8.0261868
              ],
              [
                111.9686813,
                -8.025978
              ],
              [
                111.9684219,
                -8.0255803
              ],
              [
                111.9682617,
                -8.0252265
              ],
              [
                111.9682617,
                -8.0251703
              ],
              [
                111.968399,
                -8.0247907
              ],
              [
                111.9684753,
                -8.0244893
              ],
              [
                111.9684524,
                -8.0239877
              ],
              [
                111.9683456,
                -8.0234603
              ],
              [
                111.968254,
                -8.0229758
              ],
              [
                111.9682159,
                -8.0227851
              ],
              [
                111.9681015,
                -8.0223941
              ],
              [
                111.9679794,
                -8.0222196
              ],
              [
                111.967781,
                -8.0219907
              ],
              [
                111.9676895,
                -8.0217342
              ],
              [
                111.9676361,
                -8.0213622
              ],
              [
                111.9676265,
                -8.021367
              ],
              [
                111.9669418,
                -8.0217094
              ],
              [
                111.9668579,
                -8.0217332
              ],
              [
                111.966629,
                -8.0217857
              ],
              [
                111.9663772,
                -8.021779
              ],
              [
                111.9663238,
                -8.0217713
              ],
              [
                111.9663009,
                -8.0217618
              ],
              [
                111.9660797,
                -8.0217294
              ],
              [
                111.9660415,
                -8.0216464
              ],
              [
                111.9656524,
                -8.0209149
              ],
              [
                111.9655227,
                -8.0206727
              ],
              [
                111.9650726,
                -8.019864
              ],
              [
                111.9649276,
                -8.019328
              ],
              [
                111.9648895,
                -8.0189332
              ],
              [
                111.96492,
                -8.0185765
              ],
              [
                111.9649429,
                -8.0182275
              ],
              [
                111.9648819,
                -8.0180358
              ],
              [
                111.9648056,
                -8.0178956
              ],
              [
                111.9644317,
                -8.0172099
              ],
              [
                111.9642257,
                -8.0169191
              ],
              [
                111.9641494,
                -8.0166091
              ],
              [
                111.9640808,
                -8.0161933
              ],
              [
                111.9640197,
                -8.0158538
              ],
              [
                111.9639206,
                -8.015623
              ],
              [
                111.9638061,
                -8.0155353
              ],
              [
                111.9636306,
                -8.015479
              ],
              [
                111.9633026,
                -8.0153674
              ],
              [
                111.9631729,
                -8.0152244
              ],
              [
                111.9628143,
                -8.0146598
              ],
              [
                111.9627762,
                -8.0146064
              ],
              [
                111.9624939,
                -8.0143546
              ],
              [
                111.9624405,
                -8.0142659
              ],
              [
                111.9623107,
                -8.0141801
              ],
              [
                111.96212,
                -8.0139712
              ],
              [
                111.9620971,
                -8.0138425
              ],
              [
                111.9621582,
                -8.0137252
              ],
              [
                111.9623947,
                -8.0134734
              ],
              [
                111.9625931,
                -8.0132693
              ],
              [
                111.9627456,
                -8.0130166
              ],
              [
                111.9628296,
                -8.0127696
              ],
              [
                111.9628219,
                -8.0125837
              ],
              [
                111.9627456,
                -8.0123509
              ],
              [
                111.9626007,
                -8.0121182
              ],
              [
                111.9621353,
                -8.0115842
              ],
              [
                111.9619293,
                -8.0115079
              ],
              [
                111.9611664,
                -8.011443
              ],
              [
                111.9610672,
                -8.0112838
              ],
              [
                111.9608459,
                -8.0109796
              ],
              [
                111.9606781,
                -8.0108756
              ],
              [
                111.9603424,
                -8.010764
              ],
              [
                111.9597397,
                -8.0106334
              ],
              [
                111.9597015,
                -8.0106248
              ],
              [
                111.9593887,
                -8.0105905
              ],
              [
                111.9592972,
                -8.0105972
              ],
              [
                111.9592666,
                -8.0106267
              ],
              [
                111.9591751,
                -8.0107125
              ],
              [
                111.9588165,
                -8.0103235
              ],
              [
                111.9587173,
                -8.0101832
              ],
              [
                111.9584656,
                -8.0098342
              ],
              [
                111.9581909,
                -8.0094975
              ],
              [
                111.958023,
                -8.0094327
              ],
              [
                111.9573898,
                -8.009221
              ],
              [
                111.957222,
                -8.0091647
              ],
              [
                111.9567871,
                -8.0090178
              ],
              [
                111.9567348,
                -8.0089432
              ],
              [
                111.9567337,
                -8.0089416
              ],
              [
                111.9567718,
                -8.0088681
              ],
              [
                111.9571991,
                -8.0084142
              ],
              [
                111.957283,
                -8.0081929
              ],
              [
                111.9573135,
                -8.0079431
              ],
              [
                111.9572143,
                -8.007636
              ],
              [
                111.9571838,
                -8.0074538
              ],
              [
                111.9570999,
                -8.0072602
              ],
              [
                111.957138,
                -8.0072059
              ],
              [
                111.9573364,
                -8.0069904
              ],
              [
                111.9577255,
                -8.006566
              ],
              [
                111.9580078,
                -8.0065621
              ],
              [
                111.9580536,
                -8.0065669
              ],
              [
                111.9580688,
                -8.0061111
              ],
              [
                111.9580536,
                -8.0059556
              ],
              [
                111.957973,
                -8.0058112
              ],
              [
                111.957962,
                -8.0057916
              ],
              [
                111.9579239,
                -8.0056934
              ],
              [
                111.9578552,
                -8.0055837
              ],
              [
                111.9578171,
                -8.0054549
              ],
              [
                111.9577255,
                -8.0051812
              ],
              [
                111.9576263,
                -8.0051116
              ],
              [
                111.9571914,
                -8.0049485
              ],
              [
                111.9571686,
                -8.0047788
              ],
              [
                111.9572372,
                -8.0045566
              ],
              [
                111.9572982,
                -8.0042476
              ],
              [
                111.957283,
                -8.0039195
              ],
              [
                111.9573745,
                -8.0037774
              ],
              [
                111.9575271,
                -8.0035762
              ],
              [
                111.9575271,
                -8.0034389
              ],
              [
                111.9574661,
                -8.0033645
              ],
              [
                111.9572754,
                -8.0032815
              ],
              [
                111.9570083,
                -8.0031652
              ],
              [
                111.9568557,
                -8.0030431
              ],
              [
                111.9567947,
                -8.0029105
              ],
              [
                111.9568252,
                -8.0027952
              ],
              [
                111.956932,
                -8.0027284
              ],
              [
                111.957077,
                -8.0026139
              ],
              [
                111.957138,
                -8.0024909
              ],
              [
                111.9570846,
                -8.0023879
              ],
              [
                111.9568862,
                -8.0021609
              ],
              [
                111.9567184,
                -8.0019664
              ],
              [
                111.9566505,
                -8.0018191
              ],
              [
                111.9565124,
                -8.0015191
              ],
              [
                111.9565582,
                -8.0008468
              ],
              [
                111.9566505,
                -8.0007369
              ],
              [
                111.95681,
                -8.0005473
              ],
              [
                111.9568329,
                -8.0004052
              ],
              [
                111.9567794,
                -8.000307
              ],
              [
                111.9566726,
                -8.0002507
              ],
              [
                111.9566505,
                -8.0002409
              ],
              [
                111.9562988,
                -8.0000839
              ],
              [
                111.9562759,
                -7.9999856
              ],
              [
                111.9563141,
                -7.9997629
              ],
              [
                111.9564209,
                -7.9996881
              ],
              [
                111.9566269,
                -7.9995918
              ],
              [
                111.9566505,
                -7.9995051
              ],
              [
                111.9566574,
                -7.9994802
              ],
              [
                111.9566505,
                -7.9994466
              ],
              [
                111.9566345,
                -7.9993677
              ],
              [
                111.9565582,
                -7.9991244
              ],
              [
                111.9564514,
                -7.9989161
              ],
              [
                111.9561004,
                -7.9987811
              ],
              [
                111.9559097,
                -7.998702
              ],
              [
                111.9558868,
                -7.9986114
              ],
              [
                111.9557876,
                -7.998208
              ],
              [
                111.9557419,
                -7.9981665
              ],
              [
                111.9563446,
                -7.9982719
              ],
              [
                111.956459,
                -7.9983081
              ],
              [
                111.9565353,
                -7.9983524
              ],
              [
                111.9565811,
                -7.998371
              ],
              [
                111.9566497,
                -7.9983696
              ],
              [
                111.9566505,
                -7.9983663
              ],
              [
                111.9567718,
                -7.9978718
              ],
              [
                111.9568252,
                -7.9978098
              ],
              [
                111.9569091,
                -7.9977812
              ],
              [
                111.9570312,
                -7.9976887
              ],
              [
                111.9570617,
                -7.9974923
              ],
              [
                111.9569015,
                -7.9969486
              ],
              [
                111.9568862,
                -7.996879
              ],
              [
                111.9568862,
                -7.9967746
              ],
              [
                111.9568862,
                -7.9964403
              ],
              [
                111.9568634,
                -7.9963545
              ],
              [
                111.9566803,
                -7.9956173
              ],
              [
                111.9566803,
                -7.9954628
              ],
              [
                111.9567794,
                -7.9952845
              ],
              [
                111.95681,
                -7.9952587
              ],
              [
                111.9568405,
                -7.9946403
              ],
              [
                111.9567794,
                -7.9945726
              ],
              [
                111.9566505,
                -7.9944794
              ],
              [
                111.9564972,
                -7.9943685
              ],
              [
                111.9564666,
                -7.9943089
              ],
              [
                111.9564514,
                -7.9941949
              ],
              [
                111.9564361,
                -7.9940881
              ],
              [
                111.9563904,
                -7.9939975
              ],
              [
                111.9563522,
                -7.9939508
              ],
              [
                111.9561157,
                -7.9933042
              ],
              [
                111.9561081,
                -7.9932384
              ],
              [
                111.9563217,
                -7.992969
              ],
              [
                111.9563598,
                -7.9928941
              ],
              [
                111.9563598,
                -7.9927596
              ],
              [
                111.9563064,
                -7.9926557
              ],
              [
                111.956253,
                -7.9925674
              ],
              [
                111.956253,
                -7.9924549
              ],
              [
                111.9562301,
                -7.9922699
              ],
              [
                111.9561157,
                -7.9920544
              ],
              [
                111.956047,
                -7.9919295
              ],
              [
                111.9559707,
                -7.9918617
              ],
              [
                111.9558944,
                -7.9918355
              ],
              [
                111.9558105,
                -7.9917835
              ],
              [
                111.9557419,
                -7.9915451
              ],
              [
                111.9557342,
                -7.9914173
              ],
              [
                111.9558258,
                -7.9913701
              ],
              [
                111.9560012,
                -7.9914316
              ],
              [
                111.9560928,
                -7.9914345
              ],
              [
                111.9561309,
                -7.9913453
              ],
              [
                111.9561767,
                -7.9911541
              ],
              [
                111.9563217,
                -7.9907722
              ],
              [
                111.9564132,
                -7.9905309
              ],
              [
                111.9564895,
                -7.9901528
              ],
              [
                111.956192,
                -7.9900913
              ],
              [
                111.9561691,
                -7.9902467
              ],
              [
                111.9558639,
                -7.9907636
              ],
              [
                111.95578,
                -7.9908575
              ],
              [
                111.9556503,
                -7.9908957
              ],
              [
                111.9555053,
                -7.990868
              ],
              [
                111.9555511,
                -7.9907741
              ],
              [
                111.9557113,
                -7.9904832
              ],
              [
                111.9557495,
                -7.9903773
              ],
              [
                111.9557495,
                -7.990241
              ],
              [
                111.9556808,
                -7.9900641
              ],
              [
                111.9556427,
                -7.9898686
              ],
              [
                111.9556732,
                -7.9897203
              ],
              [
                111.9557113,
                -7.9896173
              ],
              [
                111.9556884,
                -7.9893912
              ],
              [
                111.955719,
                -7.9892634
              ],
              [
                111.9558105,
                -7.9891681
              ],
              [
                111.9558029,
                -7.98913
              ],
              [
                111.9552459,
                -7.9890613
              ],
              [
                111.9551162,
                -7.9890284
              ],
              [
                111.9550171,
                -7.988985
              ],
              [
                111.9544677,
                -7.9884462
              ],
              [
                111.9543686,
                -7.9883513
              ],
              [
                111.9543075,
                -7.9882921
              ],
              [
                111.9542617,
                -7.9882478
              ],
              [
                111.9537277,
                -7.9881038
              ],
              [
                111.9536743,
                -7.9880694
              ],
              [
                111.9536132,
                -7.9879178
              ],
              [
                111.9535522,
                -7.9875802
              ],
              [
                111.9535293,
                -7.9874748
              ],
              [
                111.9534683,
                -7.9874
              ],
              [
                111.9534378,
                -7.9872812
              ],
              [
                111.9534301,
                -7.986874
              ],
              [
                111.9533844,
                -7.9867329
              ],
              [
                111.9533081,
                -7.9865755
              ],
              [
                111.9530868,
                -7.9859828
              ],
              [
                111.95298,
                -7.9858231
              ],
              [
                111.9528656,
                -7.9856572
              ],
              [
                111.9528503,
                -7.9854769
              ],
              [
                111.9529724,
                -7.985237
              ],
              [
                111.9530029,
                -7.9851846
              ],
              [
                111.9530182,
                -7.985146
              ],
              [
                111.9530334,
                -7.9850058
              ],
              [
                111.9529876,
                -7.9849195
              ],
              [
                111.952919,
                -7.9848265
              ],
              [
                111.9528885,
                -7.9847292
              ],
              [
                111.9528045,
                -7.9840173
              ],
              [
                111.9528198,
                -7.9838905
              ],
              [
                111.9528579,
                -7.9837603
              ],
              [
                111.9529113,
                -7.9833597
              ],
              [
                111.9529571,
                -7.9831542
              ],
              [
                111.9530182,
                -7.9827422
              ],
              [
                111.9529885,
                -7.9825508
              ],
              [
                111.9529876,
                -7.9825453
              ],
              [
                111.9528732,
                -7.9823703
              ],
              [
                111.9526977,
                -7.9822153
              ],
              [
                111.9523544,
                -7.9820479
              ],
              [
                111.9521102,
                -7.9818758
              ],
              [
                111.9520263,
                -7.9817304
              ],
              [
                111.9517593,
                -7.9812149
              ],
              [
                111.9516067,
                -7.9810671
              ],
              [
                111.9514312,
                -7.9810075
              ],
              [
                111.95121,
                -7.9809074
              ],
              [
                111.9511032,
                -7.98077
              ],
              [
                111.9510956,
                -7.9806255
              ],
              [
                111.9511642,
                -7.9803404
              ],
              [
                111.9512176,
                -7.9800347
              ],
              [
                111.9512939,
                -7.9796371
              ],
              [
                111.9514389,
                -7.9792356
              ],
              [
                111.9515381,
                -7.9789843
              ],
              [
                111.9516906,
                -7.9784717
              ],
              [
                111.9516067,
                -7.9783005
              ],
              [
                111.9515152,
                -7.9782476
              ],
              [
                111.9513626,
                -7.9782385
              ],
              [
                111.9509888,
                -7.9782156
              ],
              [
                111.9509201,
                -7.9781179
              ],
              [
                111.9508743,
                -7.9779343
              ],
              [
                111.950943,
                -7.977734
              ],
              [
                111.9509735,
                -7.9775156
              ],
              [
                111.9509353,
                -7.9773034
              ],
              [
                111.9508209,
                -7.9770941
              ],
              [
                111.9505996,
                -7.9768781
              ],
              [
                111.9504699,
                -7.9767136
              ],
              [
                111.9504699,
                -7.9765886
              ],
              [
                111.9505386,
                -7.9764423
              ],
              [
                111.9506149,
                -7.9762458
              ],
              [
                111.9505767,
                -7.9761123
              ],
              [
                111.9504242,
                -7.975903
              ],
              [
                111.9503097,
                -7.9756707
              ],
              [
                111.950325,
                -7.9755215
              ],
              [
                111.9504242,
                -7.9749912
              ],
              [
                111.9503631,
                -7.9747585
              ],
              [
                111.9502945,
                -7.9746861
              ],
              [
                111.9501571,
                -7.9746574
              ],
              [
                111.9493942,
                -7.9745421
              ],
              [
                111.9492263,
                -7.9743823
              ],
              [
                111.9490356,
                -7.9741372
              ],
              [
                111.9487304,
                -7.9737667
              ],
              [
                111.9486805,
                -7.9737092
              ],
              [
                111.948677,
                -7.9737052
              ],
              [
                111.9484481,
                -7.9734081
              ],
              [
                111.9479675,
                -7.9727411
              ],
              [
                111.9476852,
                -7.9724244
              ],
              [
                111.9475326,
                -7.9722633
              ],
              [
                111.9474792,
                -7.9718923
              ],
              [
                111.9473953,
                -7.9715847
              ],
              [
                111.9472885,
                -7.9714279
              ],
              [
                111.9470672,
                -7.9711122
              ],
              [
                111.9470291,
                -7.9709257
              ],
              [
                111.9470818,
                -7.9706673
              ],
              [
                111.9470825,
                -7.9706639
              ],
              [
                111.9471893,
                -7.9705252
              ],
              [
                111.9472808,
                -7.9703378
              ],
              [
                111.9474411,
                -7.9699411
              ],
              [
                111.947586,
                -7.9697308
              ],
              [
                111.9476471,
                -7.969479
              ],
              [
                111.9476013,
                -7.9692597
              ],
              [
                111.9474792,
                -7.9689717
              ],
              [
                111.9474487,
                -7.9688968
              ],
              [
                111.947174,
                -7.9682888
              ],
              [
                111.9470749,
                -7.9679336
              ],
              [
                111.9470672,
                -7.9676541
              ],
              [
                111.9470596,
                -7.9671144
              ],
              [
                111.9469986,
                -7.9666528
              ],
              [
                111.9468841,
                -7.9665174
              ],
              [
                111.9465942,
                -7.9663147
              ],
              [
                111.9460678,
                -7.9661116
              ],
              [
                111.9456024,
                -7.9659962
              ],
              [
                111.945404,
                -7.9657983
              ],
              [
                111.945198,
                -7.9658121
              ],
              [
                111.9449005,
                -7.965795
              ],
              [
                111.9448318,
                -7.9657258
              ],
              [
                111.9448242,
                -7.9656457
              ],
              [
                111.9448394,
                -7.9653468
              ],
              [
                111.9446792,
                -7.9652704
              ],
              [
                111.9444885,
                -7.9651674
              ],
              [
                111.9443893,
                -7.9649991
              ],
              [
                111.9442749,
                -7.9648723
              ],
              [
                111.9441909,
                -7.964795
              ],
              [
                111.9438705,
                -7.9644913
              ],
              [
                111.944107,
                -7.964487
              ],
              [
                111.9442363,
                -7.9644439
              ],
              [
                111.9443817,
                -7.9643396
              ],
              [
                111.9445724,
                -7.9641799
              ],
              [
                111.9450073,
                -7.9639491
              ],
              [
                111.945198,
                -7.9638452
              ],
              [
                111.9453201,
                -7.9636945
              ],
              [
                111.945404,
                -7.9634694
              ],
              [
                111.9457016,
                -7.9626674
              ],
              [
                111.9458541,
                -7.962532
              ],
              [
                111.9459152,
                -7.9625148
              ],
              [
                111.946022,
                -7.962511
              ],
              [
                111.9461746,
                -7.9624547
              ],
              [
                111.9462051,
                -7.9623903
              ],
              [
                111.9463348,
                -7.9619302
              ],
              [
                111.9463653,
                -7.9618677
              ],
              [
                111.9464798,
                -7.9615711
              ],
              [
                111.9465942,
                -7.9608902
              ],
              [
                111.9465789,
                -7.9604992
              ],
              [
                111.9464721,
                -7.9600867
              ],
              [
                111.9462814,
                -7.9598116
              ],
              [
                111.9461899,
                -7.9596423
              ],
              [
                111.9461441,
                -7.9593171
              ],
              [
                111.945961,
                -7.9586095
              ],
              [
                111.9455261,
                -7.9572772
              ],
              [
                111.9455566,
                -7.9571828
              ],
              [
                111.9456558,
                -7.9571699
              ],
              [
                111.9459076,
                -7.9571489
              ],
              [
                111.9459304,
                -7.9570555
              ],
              [
                111.9458999,
                -7.9568709
              ],
              [
                111.9458008,
                -7.9567093
              ],
              [
                111.9456711,
                -7.95648
              ],
              [
                111.9457092,
                -7.9563321
              ],
              [
                111.9458008,
                -7.955996
              ],
              [
                111.9457244,
                -7.9558644
              ],
              [
                111.9454498,
                -7.9555816
              ],
              [
                111.9451675,
                -7.9552569
              ],
              [
                111.9450912,
                -7.9551729
              ],
              [
                111.9450683,
                -7.9550213
              ],
              [
                111.9451141,
                -7.9546827
              ],
              [
                111.9452209,
                -7.9543108
              ],
              [
                111.9453125,
                -7.9539279
              ],
              [
                111.9452438,
                -7.9535717
              ],
              [
                111.9452056,
                -7.9535255
              ],
              [
                111.9448154,
                -7.9532147
              ],
              [
                111.9447922,
                -7.9532644
              ],
              [
                111.9433252,
                -7.9547642
              ],
              [
                111.9413291,
                -7.9559784
              ],
              [
                111.9403656,
                -7.9563439
              ],
              [
                111.9396158,
                -7.9563352
              ],
              [
                111.9375147,
                -7.9562972
              ],
              [
                111.9357444,
                -7.9565091
              ],
              [
                111.9338683,
                -7.9580128
              ],
              [
                111.9323851,
                -7.959755
              ],
              [
                111.9315423,
                -7.9618247
              ],
              [
                111.9312045,
                -7.9622706
              ],
              [
                111.9306731,
                -7.9625134
              ],
              [
                111.9290987,
                -7.9625102
              ],
              [
                111.9289398,
                -7.9621715
              ],
              [
                111.9282608,
                -7.9615182
              ],
              [
                111.9279098,
                -7.961235
              ],
              [
                111.9276733,
                -7.9611429
              ],
              [
                111.9274673,
                -7.9610786
              ],
              [
                111.9269638,
                -7.9611763
              ],
              [
                111.9269409,
                -7.9611825
              ],
              [
                111.9267578,
                -7.9612288
              ],
              [
                111.9265976,
                -7.9611987
              ],
              [
                111.9261474,
                -7.9607572
              ],
              [
                111.9260025,
                -7.9606303
              ],
              [
                111.9257736,
                -7.9605597
              ],
              [
                111.9253921,
                -7.9604658
              ],
              [
                111.9252777,
                -7.960389
              ],
              [
                111.925148,
                -7.9601201
              ],
              [
                111.9250183,
                -7.9597496
              ],
              [
                111.9248275,
                -7.9594731
              ],
              [
                111.9242325,
                -7.959155
              ],
              [
                111.9240722,
                -7.9590773
              ],
              [
                111.9239883,
                -7.9589428
              ],
              [
                111.9240188,
                -7.9585199
              ],
              [
                111.9240417,
                -7.9583525
              ],
              [
                111.9239654,
                -7.9582228
              ],
              [
                111.9237365,
                -7.9581336
              ],
              [
                111.9233627,
                -7.9579849
              ],
              [
                111.9231262,
                -7.9578995
              ],
              [
                111.9230728,
                -7.9578094
              ],
              [
                111.9230804,
                -7.9576258
              ],
              [
                111.9231491,
                -7.9572672
              ],
              [
                111.9231338,
                -7.9570788
              ],
              [
                111.9230652,
                -7.9569582
              ],
              [
                111.9228897,
                -7.9568571
              ],
              [
                111.9227447,
                -7.9568361
              ],
              [
                111.922493,
                -7.9569263
              ],
              [
                111.9222106,
                -7.9570831
              ],
              [
                111.9220276,
                -7.9572019
              ],
              [
                111.9219131,
                -7.9572114
              ],
              [
                111.9217987,
                -7.9571437
              ],
              [
                111.921669,
                -7.9567632
              ],
              [
                111.9216003,
                -7.9565744
              ],
              [
                111.9214935,
                -7.9564699
              ],
              [
                111.9213638,
                -7.9564184
              ],
              [
                111.9202346,
                -7.9567036
              ],
              [
                111.9198456,
                -7.956787
              ],
              [
                111.9197998,
                -7.9567932
              ],
              [
                111.9195633,
                -7.9568247
              ],
              [
                111.9185486,
                -7.9565295
              ],
              [
                111.9180984,
                -7.956449
              ],
              [
                111.9179687,
                -7.956459
              ],
              [
                111.9177856,
                -7.9565648
              ],
              [
                111.9176254,
                -7.9567379
              ],
              [
                111.9176025,
                -7.9567885
              ],
              [
                111.9176017,
                -7.9567905
              ],
              [
                111.9175872,
                -7.95683
              ],
              [
                111.9176864,
                -7.9572062
              ],
              [
                111.9177398,
                -7.957427
              ],
              [
                111.9174575,
                -7.9578137
              ],
              [
                111.9173202,
                -7.9580135
              ],
              [
                111.9172745,
                -7.9582877
              ],
              [
                111.917305,
                -7.9584636
              ],
              [
                111.9174728,
                -7.9586848
              ],
              [
                111.9178772,
                -7.9590963
              ],
              [
                111.9180679,
                -7.9593638
              ],
              [
                111.9182205,
                -7.9596834
              ],
              [
                111.9182586,
                -7.9598435
              ],
              [
                111.9182357,
                -7.9600395
              ],
              [
                111.9181671,
                -7.9601487
              ],
              [
                111.9179992,
                -7.960225
              ],
              [
                111.9174881,
                -7.9602451
              ],
              [
                111.9172973,
                -7.9602708
              ],
              [
                111.9171905,
                -7.9603285
              ],
              [
                111.91716,
                -7.9604081
              ],
              [
                111.9172897,
                -7.9607653
              ],
              [
                111.9173507,
                -7.9609603
              ],
              [
                111.9173507,
                -7.9610838
              ],
              [
                111.9172745,
                -7.9611763
              ],
              [
                111.9171219,
                -7.961213
              ],
              [
                111.9168319,
                -7.9611453
              ],
              [
                111.9162674,
                -7.9607276
              ],
              [
                111.9158706,
                -7.9604167
              ],
              [
                111.915657,
                -7.9602918
              ],
              [
                111.9154358,
                -7.9603266
              ],
              [
                111.9153137,
                -7.9603433
              ],
              [
                111.9151001,
                -7.9602679
              ],
              [
                111.9146423,
                -7.9598569
              ],
              [
                111.9144287,
                -7.9596533
              ],
              [
                111.9140625,
                -7.9594869
              ],
              [
                111.9138641,
                -7.9594116
              ],
              [
                111.9134521,
                -7.9589729
              ],
              [
                111.9132614,
                -7.9587721
              ],
              [
                111.9130706,
                -7.958671
              ],
              [
                111.9128036,
                -7.9586353
              ],
              [
                111.9127913,
                -7.9586354
              ],
              [
                111.9127655,
                -7.9586357
              ],
              [
                111.9125442,
                -7.9586953
              ],
              [
                111.9121093,
                -7.9585928
              ],
              [
                111.9118957,
                -7.9585323
              ],
              [
                111.9116745,
                -7.9585189
              ],
              [
                111.9115142,
                -7.958569
              ],
              [
                111.9112777,
                -7.9588155
              ],
              [
                111.9111175,
                -7.9589814
              ],
              [
                111.9109497,
                -7.9590401
              ],
              [
                111.9107818,
                -7.9590234
              ],
              [
                111.9106521,
                -7.9589485
              ],
              [
                111.9105987,
                -7.9588703
              ],
              [
                111.9106445,
                -7.9586629
              ],
              [
                111.9107895,
                -7.9583854
              ],
              [
                111.9110183,
                -7.9581155
              ],
              [
                111.9111557,
                -7.9578933
              ],
              [
                111.9112091,
                -7.957724
              ],
              [
                111.9112091,
                -7.9575433
              ],
              [
                111.9110336,
                -7.9572057
              ],
              [
                111.910347,
                -7.9563798
              ],
              [
                111.9101638,
                -7.9561948
              ],
              [
                111.9100418,
                -7.9561233
              ],
              [
                111.9099578,
                -7.9561199
              ],
              [
                111.9098053,
                -7.9562358
              ],
              [
                111.9096832,
                -7.9564628
              ],
              [
                111.9095154,
                -7.9569129
              ],
              [
                111.9094085,
                -7.9570879
              ],
              [
                111.9092483,
                -7.9572104
              ],
              [
                111.9088134,
                -7.9572667
              ],
              [
                111.9085998,
                -7.9573149
              ],
              [
                111.9082946,
                -7.9576334
              ],
              [
                111.9082031,
                -7.9577111
              ],
              [
                111.9080581,
                -7.9576949
              ],
              [
                111.907875,
                -7.9576382
              ],
              [
                111.907463,
                -7.9576763
              ],
              [
                111.9071579,
                -7.9576997
              ],
              [
                111.9070434,
                -7.9576735
              ],
              [
                111.9068298,
                -7.9574522
              ],
              [
                111.9067459,
                -7.9573125
              ],
              [
                111.9067382,
                -7.9571885
              ],
              [
                111.9068298,
                -7.9569945
              ],
              [
                111.90699,
                -7.956747
              ],
              [
                111.9070892,
                -7.9564914
              ],
              [
                111.9071121,
                -7.9563379
              ],
              [
                111.9070434,
                -7.9561762
              ],
              [
                111.9069519,
                -7.956078
              ],
              [
                111.9068603,
                -7.9560966
              ],
              [
                111.9067153,
                -7.9562716
              ],
              [
                111.9065628,
                -7.9565071
              ],
              [
                111.9064788,
                -7.9565825
              ],
              [
                111.9062576,
                -7.956541
              ],
              [
                111.906105,
                -7.9565033
              ],
              [
                111.9054031,
                -7.9566764
              ],
              [
                111.9053497,
                -7.9566936
              ],
              [
                111.9052429,
                -7.9567432
              ],
              [
                111.9051361,
                -7.9567761
              ],
              [
                111.9049835,
                -7.9569768
              ],
              [
                111.9048309,
                -7.9572067
              ],
              [
                111.9047393,
                -7.9572786
              ],
              [
                111.904602,
                -7.9572024
              ],
              [
                111.9044418,
                -7.9569549
              ],
              [
                111.9042892,
                -7.9566278
              ],
              [
                111.9041672,
                -7.9564656
              ],
              [
                111.9040222,
                -7.9563741
              ],
              [
                111.9038467,
                -7.9563441
              ],
              [
                111.9033508,
                -7.9565171
              ],
              [
                111.9032058,
                -7.9566101
              ],
              [
                111.9029998,
                -7.9567737
              ],
              [
                111.9027481,
                -7.9570312
              ],
              [
                111.9026031,
                -7.9570684
              ],
              [
                111.902092,
                -7.9568958
              ],
              [
                111.9019928,
                -7.956797
              ],
              [
                111.9017563,
                -7.9565314
              ],
              [
                111.9015427,
                -7.956346
              ],
              [
                111.9013824,
                -7.9562697
              ],
              [
                111.900917,
                -7.9562892
              ],
              [
                111.9007034,
                -7.9562997
              ],
              [
                111.9005966,
                -7.9562573
              ],
              [
                111.9005661,
                -7.9561891
              ],
              [
                111.9011764,
                -7.9558014
              ],
              [
                111.9013672,
                -7.9556455
              ],
              [
                111.9014587,
                -7.9555301
              ],
              [
                111.9014511,
                -7.9554166
              ],
              [
                111.9013214,
                -7.9552244
              ],
              [
                111.9011459,
                -7.9550733
              ],
              [
                111.9010086,
                -7.9550156
              ],
              [
                111.9007034,
                -7.9551996
              ],
              [
                111.900589,
                -7.9552669
              ],
              [
                111.9005126,
                -7.9552526
              ],
              [
                111.9004593,
                -7.9550885
              ],
              [
                111.9004516,
                -7.9549169
              ],
              [
                111.900383,
                -7.9547819
              ],
              [
                111.9002533,
                -7.954698
              ],
              [
                111.899971,
                -7.9546713
              ],
              [
                111.8995208,
                -7.954544
              ],
              [
                111.8992691,
                -7.9544844
              ],
              [
                111.8990865,
                -7.954443
              ],
              [
                111.899086,
                -7.9544429
              ],
              [
                111.8989792,
                -7.9543704
              ],
              [
                111.8989181,
                -7.9542546
              ],
              [
                111.898941,
                -7.9540414
              ],
              [
                111.8989563,
                -7.9539289
              ],
              [
                111.8988952,
                -7.9538311
              ],
              [
                111.8986969,
                -7.9537329
              ],
              [
                111.8985748,
                -7.9536738
              ],
              [
                111.8981094,
                -7.9532403
              ],
              [
                111.8979492,
                -7.9530968
              ],
              [
                111.897789,
                -7.9530496
              ],
              [
                111.8972625,
                -7.9531049
              ],
              [
                111.8971176,
                -7.9531159
              ],
              [
                111.8968353,
                -7.9530234
              ],
              [
                111.8966369,
                -7.9528617
              ],
              [
                111.8966217,
                -7.9526776
              ],
              [
                111.8965759,
                -7.9525146
              ],
              [
                111.8963318,
                -7.9522738
              ],
              [
                111.8961944,
                -7.9521765
              ],
              [
                111.8961258,
                -7.9521736
              ],
              [
                111.8957824,
                -7.9528713
              ],
              [
                111.8956985,
                -7.9530377
              ],
              [
                111.8955765,
                -7.9531478
              ],
              [
                111.8954468,
                -7.953186
              ],
              [
                111.8952713,
                -7.9531497
              ],
              [
                111.8951721,
                -7.953072
              ],
              [
                111.8951339,
                -7.9529676
              ],
              [
                111.8951797,
                -7.9528555
              ],
              [
                111.8953094,
                -7.9527086
              ],
              [
                111.8953476,
                -7.9525971
              ],
              [
                111.8953247,
                -7.9524864
              ],
              [
                111.8951797,
                -7.9523582
              ],
              [
                111.8948974,
                -7.9522108
              ],
              [
                111.894844,
                -7.9521813
              ],
              [
                111.8944092,
                -7.9521932
              ],
              [
                111.8941421,
                -7.9521898
              ],
              [
                111.893959,
                -7.9522628
              ],
              [
                111.8938369,
                -7.9523754
              ],
              [
                111.8937835,
                -7.9524979
              ],
              [
                111.8938064,
                -7.9525894
              ],
              [
                111.8944778,
                -7.9530234
              ],
              [
                111.8946915,
                -7.9531879
              ],
              [
                111.8948059,
                -7.953328
              ],
              [
                111.894844,
                -7.9534406
              ],
              [
                111.8948135,
                -7.953525
              ],
              [
                111.8946838,
                -7.953566
              ],
              [
                111.8943557,
                -7.9534892
              ],
              [
                111.893814,
                -7.9532384
              ],
              [
                111.8934707,
                -7.9530873
              ],
              [
                111.8934326,
                -7.9530725
              ],
              [
                111.8927078,
                -7.9528236
              ],
              [
                111.8923492,
                -7.9526152
              ],
              [
                111.892189,
                -7.9525122
              ],
              [
                111.8918991,
                -7.9526872
              ],
              [
                111.8918075,
                -7.9527311
              ],
              [
                111.8915405,
                -7.9525995
              ],
              [
                111.8913269,
                -7.9524569
              ],
              [
                111.8905716,
                -7.951868
              ],
              [
                111.8901291,
                -7.9513945
              ],
              [
                111.8899841,
                -7.9512614
              ],
              [
                111.8895264,
                -7.9511007
              ],
              [
                111.8890609,
                -7.9509982
              ],
              [
                111.888916,
                -7.950911
              ],
              [
                111.8883895,
                -7.9501585
              ],
              [
                111.8881683,
                -7.9498648
              ],
              [
                111.88797,
                -7.9496807
              ],
              [
                111.8877945,
                -7.9495958
              ],
              [
                111.8876419,
                -7.9495973
              ],
              [
                111.8872986,
                -7.9497036
              ],
              [
                111.8871383,
                -7.9497227
              ],
              [
                111.8868637,
                -7.9488844
              ],
              [
                111.8868027,
                -7.9486689
              ],
              [
                111.8866882,
                -7.9484858
              ],
              [
                111.8863372,
                -7.9483475
              ],
              [
                111.8858413,
                -7.948192
              ],
              [
                111.8849029,
                -7.9477181
              ],
              [
                111.8848114,
                -7.9476785
              ],
              [
                111.8846359,
                -7.948008
              ],
              [
                111.8845749,
                -7.9481205
              ],
              [
                111.8843536,
                -7.9481649
              ],
              [
                111.8841323,
                -7.9481487
              ],
              [
                111.883789,
                -7.9480232
              ],
              [
                111.8836288,
                -7.9479098
              ],
              [
                111.8835525,
                -7.9477372
              ],
              [
                111.8834838,
                -7.9475679
              ],
              [
                111.8833465,
                -7.9474391
              ],
              [
                111.8829345,
                -7.9472293
              ],
              [
                111.882843,
                -7.9471816
              ],
              [
                111.8825989,
                -7.9466161
              ],
              [
                111.8825378,
                -7.9464468
              ],
              [
                111.8826904,
                -7.9460606
              ],
              [
                111.8827285,
                -7.9458894
              ],
              [
                111.882698,
                -7.9457668
              ],
              [
                111.8824692,
                -7.9455256
              ],
              [
                111.8820572,
                -7.9452728
              ],
              [
                111.8819122,
                -7.9451665
              ],
              [
                111.8818893,
                -7.9451236
              ],
              [
                111.8818893,
                -7.9448108
              ],
              [
                111.8819961,
                -7.9440445
              ],
              [
                111.8820267,
                -7.9438152
              ],
              [
                111.8819885,
                -7.9437117
              ],
              [
                111.8817444,
                -7.9435991
              ],
              [
                111.8814239,
                -7.9435572
              ],
              [
                111.8811188,
                -7.9435152
              ],
              [
                111.8808136,
                -7.9433769
              ],
              [
                111.8804321,
                -7.9431123
              ],
              [
                111.8802337,
                -7.9429254
              ],
              [
                111.8800201,
                -7.9425372
              ],
              [
                111.879898,
                -7.9421744
              ],
              [
                111.8798446,
                -7.9416046
              ],
              [
                111.8798599,
                -7.9409999
              ],
              [
                111.8798675,
                -7.9408578
              ],
              [
                111.8797836,
                -7.9403619
              ],
              [
                111.8796997,
                -7.9398517
              ],
              [
                111.8795852,
                -7.939145
              ],
              [
                111.8795089,
                -7.9389218
              ],
              [
                111.8793945,
                -7.9387798
              ],
              [
                111.8787536,
                -7.9386129
              ],
              [
                111.8786545,
                -7.9385695
              ],
              [
                111.8785504,
                -7.9384194
              ],
              [
                111.8785476,
                -7.9384154
              ],
              [
                111.8787918,
                -7.9376964
              ],
              [
                111.8788147,
                -7.9376058
              ],
              [
                111.8787231,
                -7.9374451
              ],
              [
                111.8786163,
                -7.937343
              ],
              [
                111.8783798,
                -7.9371919
              ],
              [
                111.8783035,
                -7.9371413
              ],
              [
                111.8782654,
                -7.9370975
              ],
              [
                111.8782806,
                -7.9369716
              ],
              [
                111.8784027,
                -7.93684
              ],
              [
                111.8787307,
                -7.936696
              ],
              [
                111.8788452,
                -7.9366159
              ],
              [
                111.8789062,
                -7.9364085
              ],
              [
                111.8788604,
                -7.9357018
              ],
              [
                111.878746,
                -7.9353313
              ],
              [
                111.8787002,
                -7.9350561
              ],
              [
                111.8787384,
                -7.9348063
              ],
              [
                111.8787918,
                -7.9346274
              ],
              [
                111.8786545,
                -7.9342341
              ],
              [
                111.87854,
                -7.9339074
              ],
              [
                111.8784485,
                -7.9336547
              ],
              [
                111.8783111,
                -7.9334397
              ],
              [
                111.8782577,
                -7.9330487
              ],
              [
                111.8782425,
                -7.9328694
              ],
              [
                111.8779754,
                -7.9325246
              ],
              [
                111.8777771,
                -7.9322275
              ],
              [
                111.877594,
                -7.9316654
              ],
              [
                111.8774643,
                -7.9314832
              ],
              [
                111.8771286,
                -7.9309806
              ],
              [
                111.8767776,
                -7.9304432
              ],
              [
                111.8765793,
                -7.9300727
              ],
              [
                111.8759155,
                -7.92945
              ],
              [
                111.8753509,
                -7.9289774
              ],
              [
                111.875,
                -7.9286832
              ],
              [
                111.8749008,
                -7.9285998
              ],
              [
                111.8746567,
                -7.9283513
              ],
              [
                111.8744735,
                -7.9280528
              ],
              [
                111.8742981,
                -7.9276027
              ],
              [
                111.8741912,
                -7.9271769
              ],
              [
                111.8740158,
                -7.9266929
              ],
              [
                111.8738937,
                -7.9264917
              ],
              [
                111.8736801,
                -7.9262885
              ],
              [
                111.8734283,
                -7.9260849
              ],
              [
                111.8732757,
                -7.925909
              ],
              [
                111.8731384,
                -7.9255389
              ],
              [
                111.8731003,
                -7.9254398
              ],
              [
                111.8730697,
                -7.9253468
              ],
              [
                111.8730469,
                -7.9253029
              ],
              [
                111.8730774,
                -7.9252109
              ],
              [
                111.8731079,
                -7.924878
              ],
              [
                111.8730697,
                -7.9245714
              ],
              [
                111.8727162,
                -7.9237423
              ],
              [
                111.8727112,
                -7.9237303
              ],
              [
                111.8725662,
                -7.923418
              ],
              [
                111.8723907,
                -7.9231772
              ],
              [
                111.872261,
                -7.9230746
              ],
              [
                111.8720398,
                -7.9230889
              ],
              [
                111.871849,
                -7.9231324
              ],
              [
                111.8717422,
                -7.9231218
              ],
              [
                111.8715744,
                -7.9229631
              ],
              [
                111.8710861,
                -7.9219746
              ],
              [
                111.8709411,
                -7.9217185
              ],
              [
                111.8708572,
                -7.9215965
              ],
              [
                111.8708343,
                -7.9215741
              ],
              [
                111.8706894,
                -7.9214739
              ],
              [
                111.8705063,
                -7.9213952
              ],
              [
                111.8704605,
                -7.9213571
              ],
              [
                111.8701019,
                -7.9205278
              ],
              [
                111.8700485,
                -7.9203533
              ],
              [
                111.8700714,
                -7.9198303
              ],
              [
                111.8700866,
                -7.9195976
              ],
              [
                111.8697433,
                -7.9192423
              ],
              [
                111.8696747,
                -7.9191612
              ],
              [
                111.8696975,
                -7.9189448
              ],
              [
                111.8697204,
                -7.9188108
              ],
              [
                111.8696594,
                -7.9187087
              ],
              [
                111.8694381,
                -7.9185929
              ],
              [
                111.8693084,
                -7.9185304
              ],
              [
                111.8691711,
                -7.9183716
              ],
              [
                111.8691253,
                -7.9181999
              ],
              [
                111.8691177,
                -7.917951
              ],
              [
                111.8691177,
                -7.9178328
              ],
              [
                111.8690185,
                -7.9177164
              ],
              [
                111.8684921,
                -7.9172482
              ],
              [
                111.8682403,
                -7.9170536
              ],
              [
                111.8680648,
                -7.9169182
              ],
              [
                111.8677444,
                -7.9164514
              ],
              [
                111.8675537,
                -7.9162349
              ],
              [
                111.8672485,
                -7.9159712
              ],
              [
                111.8671264,
                -7.9158367
              ],
              [
                111.8669662,
                -7.9155883
              ],
              [
                111.8663864,
                -7.9150056
              ],
              [
                111.8660354,
                -7.9147944
              ],
              [
                111.8659286,
                -7.9147162
              ],
              [
                111.8658828,
                -7.9144906
              ],
              [
                111.8659668,
                -7.9141821
              ],
              [
                111.8660049,
                -7.9139685
              ],
              [
                111.865982,
                -7.9138784
              ],
              [
                111.8657074,
                -7.9136872
              ],
              [
                111.8652267,
                -7.9134297
              ],
              [
                111.8651352,
                -7.9133391
              ],
              [
                111.865097,
                -7.9131946
              ],
              [
                111.8651199,
                -7.9127812
              ],
              [
                111.8651123,
                -7.9126558
              ],
              [
                111.8650436,
                -7.9125809
              ],
              [
                111.8649063,
                -7.9125528
              ],
              [
                111.8647384,
                -7.9125423
              ],
              [
                111.8645553,
                -7.9124522
              ],
              [
                111.8643646,
                -7.9122586
              ],
              [
                111.8642349,
                -7.912074
              ],
              [
                111.8640365,
                -7.9119167
              ],
              [
                111.8638534,
                -7.9117955
              ],
              [
                111.8637314,
                -7.9115505
              ],
              [
                111.8636398,
                -7.9113511
              ],
              [
                111.8630142,
                -7.9108319
              ],
              [
                111.8628921,
                -7.9107022
              ],
              [
                111.8626632,
                -7.9100456
              ],
              [
                111.862564,
                -7.9096302
              ],
              [
                111.8625488,
                -7.909429
              ],
              [
                111.8629913,
                -7.908781
              ],
              [
                111.8631363,
                -7.9085488
              ],
              [
                111.8631973,
                -7.9083385
              ],
              [
                111.8632049,
                -7.9080738
              ],
              [
                111.863121,
                -7.9077949
              ],
              [
                111.8630294,
                -7.9076595
              ],
              [
                111.8628464,
                -7.9075617
              ],
              [
                111.8625946,
                -7.9074954
              ],
              [
                111.8618927,
                -7.9074649
              ],
              [
                111.8618087,
                -7.9074673
              ],
              [
                111.861618,
                -7.907546
              ],
              [
                111.8614349,
                -7.9075841
              ],
              [
                111.8611297,
                -7.9075355
              ],
              [
                111.8606796,
                -7.9070768
              ],
              [
                111.8604812,
                -7.9067969
              ],
              [
                111.8604202,
                -7.9066109
              ],
              [
                111.8603744,
                -7.9063505
              ],
              [
                111.8603134,
                -7.9061221
              ],
              [
                111.8602447,
                -7.9060191
              ],
              [
                111.8600769,
                -7.9059757
              ],
              [
                111.8596039,
                -7.9060563
              ],
              [
                111.8595199,
                -7.9060654
              ],
              [
                111.8592376,
                -7.9055146
              ],
              [
                111.8591384,
                -7.9053783
              ],
              [
                111.8589554,
                -7.905261
              ],
              [
                111.8588028,
                -7.9052285
              ],
              [
                111.8587341,
                -7.9050378
              ],
              [
                111.8586502,
                -7.9048914
              ],
              [
                111.8585357,
                -7.9047894
              ],
              [
                111.8584137,
                -7.9048414
              ],
              [
                111.8582763,
                -7.9049205
              ],
              [
                111.8581161,
                -7.904921
              ],
              [
                111.857872,
                -7.9048275
              ],
              [
                111.8576355,
                -7.9046835
              ],
              [
                111.8574905,
                -7.9045677
              ],
              [
                111.8572845,
                -7.9045266
              ],
              [
                111.8570175,
                -7.9045071
              ],
              [
                111.8569259,
                -7.9044837
              ],
              [
                111.8560409,
                -7.9044098
              ],
              [
                111.8556289,
                -7.9043183
              ],
              [
                111.8552932,
                -7.9042014
              ],
              [
                111.8551712,
                -7.904107
              ],
              [
                111.8550567,
                -7.9038848
              ],
              [
                111.8549423,
                -7.903593
              ],
              [
                111.8548202,
                -7.9034147
              ],
              [
                111.8546371,
                -7.903274
              ],
              [
                111.8542633,
                -7.9032039
              ],
              [
                111.8542022,
                -7.903192
              ],
              [
                111.8540726,
                -7.9031658
              ],
              [
                111.8538665,
                -7.9028138
              ],
              [
                111.8535842,
                -7.9024205
              ],
              [
                111.853569,
                -7.902399
              ],
              [
                111.8533783,
                -7.902223
              ],
              [
                111.8531875,
                -7.9021234
              ],
              [
                111.8529052,
                -7.9020862
              ],
              [
                111.8526764,
                -7.9020585
              ],
              [
                111.8525619,
                -7.9019999
              ],
              [
                111.8524627,
                -7.9018463
              ],
              [
                111.8524475,
                -7.9017996
              ],
              [
                111.8522567,
                -7.9012722
              ],
              [
                111.8521881,
                -7.9011082
              ],
              [
                111.8520507,
                -7.9009766
              ],
              [
                111.8518142,
                -7.9008798
              ],
              [
                111.8515777,
                -7.9009156
              ],
              [
                111.851448,
                -7.9009523
              ],
              [
                111.8512497,
                -7.9008569
              ],
              [
                111.8508453,
                -7.9003939
              ],
              [
                111.8505707,
                -7.9000124
              ],
              [
                111.8504409,
                -7.8998384
              ],
              [
                111.8501434,
                -7.8996128
              ],
              [
                111.8498535,
                -7.8994216
              ],
              [
                111.8495636,
                -7.899085
              ],
              [
                111.8494644,
                -7.8989167
              ],
              [
                111.8493347,
                -7.8984083
              ],
              [
                111.8492508,
                -7.8981165
              ],
              [
                111.8491287,
                -7.8977374
              ],
              [
                111.8490066,
                -7.8974542
              ],
              [
                111.8489151,
                -7.8972625
              ],
              [
                111.848793,
                -7.8970913
              ],
              [
                111.8484726,
                -7.8967699
              ],
              [
                111.848381,
                -7.8966879
              ],
              [
                111.8480835,
                -7.896295
              ],
              [
                111.8480301,
                -7.8962182
              ],
              [
                111.8476638,
                -7.8958229
              ],
              [
                111.8475265,
                -7.8956623
              ],
              [
                111.8474655,
                -7.895575
              ],
              [
                111.8473434,
                -7.8954291
              ],
              [
                111.8472443,
                -7.8953599
              ],
              [
                111.8472061,
                -7.8953542
              ],
              [
                111.8470001,
                -7.8950219
              ],
              [
                111.8460159,
                -7.8938135
              ],
              [
                111.8446579,
                -7.8915624
              ],
              [
                111.8440761,
                -7.8910166
              ],
              [
                111.8425522,
                -7.8895869
              ],
              [
                111.8410949,
                -7.8891591
              ],
              [
                111.8407135,
                -7.8886375
              ],
              [
                111.8399887,
                -7.8878092
              ],
              [
                111.8388366,
                -7.8866991
              ],
              [
                111.8383026,
                -7.8860101
              ],
              [
                111.8374633,
                -7.8836703
              ],
              [
                111.8368759,
                -7.8829803
              ],
              [
                111.8359985,
                -7.8823108
              ],
              [
                111.8346176,
                -7.8812918
              ],
              [
                111.8334961,
                -7.880198
              ],
              [
                111.8318805,
                -7.8787
              ],
              [
                111.8318786,
                -7.8786983
              ],
              [
                111.8318405,
                -7.8786644
              ],
              [
                111.8303756,
                -7.8774361
              ],
              [
                111.8275986,
                -7.8760728
              ],
              [
                111.8256607,
                -7.8750004
              ],
              [
                111.825531,
                -7.8748716
              ],
              [
                111.8252792,
                -7.8747491
              ],
              [
                111.8249893,
                -7.8746547
              ],
              [
                111.8241882,
                -7.874382
              ],
              [
                111.8234482,
                -7.874289
              ],
              [
                111.8228912,
                -7.8741102
              ],
              [
                111.8224792,
                -7.8739309
              ],
              [
                111.8215942,
                -7.8736676
              ],
              [
                111.8213195,
                -7.8734698
              ],
              [
                111.8211746,
                -7.8733281
              ],
              [
                111.8210754,
                -7.8731441
              ],
              [
                111.8209762,
                -7.8729081
              ],
              [
                111.8208771,
                -7.8725581
              ],
              [
                111.820755,
                -7.8723444
              ],
              [
                111.8206634,
                -7.872208
              ],
              [
                111.8201523,
                -7.8719253
              ],
              [
                111.8198166,
                -7.8718123
              ],
              [
                111.8195801,
                -7.8718128
              ],
              [
                111.818695,
                -7.8720755
              ],
              [
                111.8177795,
                -7.8721623
              ],
              [
                111.8171768,
                -7.8721351
              ],
              [
                111.8168411,
                -7.8720507
              ],
              [
                111.8165206,
                -7.8718147
              ],
              [
                111.8161697,
                -7.8716358
              ],
              [
                111.8159027,
                -7.8714847
              ],
              [
                111.8156509,
                -7.8712391
              ],
              [
                111.815422,
                -7.8710217
              ],
              [
                111.8151931,
                -7.8706912
              ],
              [
                111.8150406,
                -7.8704452
              ],
              [
                111.8148803,
                -7.870263
              ],
              [
                111.8148193,
                -7.8701715
              ],
              [
                111.8147125,
                -7.870016
              ],
              [
                111.8146057,
                -7.8698272
              ],
              [
                111.8144912,
                -7.8696946
              ],
              [
                111.8142929,
                -7.8694681
              ],
              [
                111.8142242,
                -7.8694019
              ],
              [
                111.8141403,
                -7.8693074
              ],
              [
                111.8139953,
                -7.8692226
              ],
              [
                111.8138351,
                -7.8691186
              ],
              [
                111.8136673,
                -7.8691096
              ],
              [
                111.8131332,
                -7.8691487
              ],
              [
                111.8127746,
                -7.8691205
              ],
              [
                111.8127687,
                -7.8691189
              ],
              [
                111.8123931,
                -7.8690175
              ],
              [
                111.8120804,
                -7.8688697
              ],
              [
                111.8116989,
                -7.8686451
              ],
              [
                111.8114929,
                -7.8684167
              ],
              [
                111.8112945,
                -7.8681139
              ],
              [
                111.8111267,
                -7.8677291
              ],
              [
                111.8108978,
                -7.8671316
              ],
              [
                111.8106995,
                -7.866784
              ],
              [
                111.8105926,
                -7.8665952
              ],
              [
                111.8105897,
                -7.866593
              ],
              [
                111.8103714,
                -7.8664283
              ],
              [
                111.8101043,
                -7.8663868
              ],
              [
                111.8099213,
                -7.866425
              ],
              [
                111.8094101,
                -7.8664164
              ],
              [
                111.808876,
                -7.8663134
              ],
              [
                111.808464,
                -7.8662099
              ],
              [
                111.8077011,
                -7.8659748
              ],
              [
                111.8071213,
                -7.8656787
              ],
              [
                111.8066101,
                -7.8655853
              ],
              [
                111.8059768,
                -7.8654632
              ],
              [
                111.8056259,
                -7.8654451
              ],
              [
                111.80513,
                -7.8655309
              ],
              [
                111.804245,
                -7.8656558
              ],
              [
                111.8031006,
                -7.8657526
              ],
              [
                111.8029022,
                -7.865734
              ],
              [
                111.8027147,
                -7.8656694
              ],
              [
                111.8027115,
                -7.8656682
              ],
              [
                111.8026657,
                -7.8655128
              ],
              [
                111.8025818,
                -7.8646611
              ],
              [
                111.8025055,
                -7.8642925
              ],
              [
                111.8024216,
                -7.8638286
              ],
              [
                111.80233,
                -7.8631854
              ],
              [
                111.8023224,
                -7.8624849
              ],
              [
                111.8022842,
                -7.8620743
              ],
              [
                111.8021087,
                -7.8612036
              ],
              [
                111.8020401,
                -7.8607592
              ],
              [
                111.8020401,
                -7.8601722
              ],
              [
                111.8020325,
                -7.8593964
              ],
              [
                111.8019943,
                -7.8591031
              ],
              [
                111.801979,
                -7.8586068
              ],
              [
                111.8018265,
                -7.8578781
              ],
              [
                111.8018036,
                -7.8575849
              ],
              [
                111.8018493,
                -7.8572253
              ],
              [
                111.8019943,
                -7.8564491
              ],
              [
                111.8019943,
                -7.8562879
              ],
              [
                111.8017349,
                -7.855967
              ],
              [
                111.8015899,
                -7.8557495
              ],
              [
                111.8012619,
                -7.8551783
              ],
              [
                111.8010254,
                -7.8547339
              ],
              [
                111.8008041,
                -7.8544597
              ],
              [
                111.80056,
                -7.8542995
              ],
              [
                111.8004074,
                -7.8541102
              ],
              [
                111.8001861,
                -7.8539118
              ],
              [
                111.8001327,
                -7.8537797
              ],
              [
                111.8000793,
                -7.8536758
              ],
              [
                111.7994918,
                -7.8531942
              ],
              [
                111.7994156,
                -7.8530711
              ],
              [
                111.7993698,
                -7.8526739
              ],
              [
                111.799385,
                -7.8524088
              ],
              [
                111.799385,
                -7.8521399
              ],
              [
                111.7994918,
                -7.8518743
              ],
              [
                111.7995682,
                -7.851458
              ],
              [
                111.7994918,
                -7.8510699
              ],
              [
                111.7993011,
                -7.8504271
              ],
              [
                111.7991714,
                -7.8501906
              ],
              [
                111.7986908,
                -7.8497319
              ],
              [
                111.797501,
                -7.8483232
              ],
              [
                111.7972641,
                -7.848051
              ],
              [
                111.7971725,
                -7.8478999
              ],
              [
                111.7971725,
                -7.8478998
              ],
              [
                111.7971573,
                -7.8476538
              ],
              [
                111.7971878,
                -7.847351
              ],
              [
                111.7972412,
                -7.847105
              ],
              [
                111.797287,
                -7.8467736
              ],
              [
                111.797287,
                -7.8464803
              ],
              [
                111.797203,
                -7.8460545
              ],
              [
                111.7971191,
                -7.8457989
              ],
              [
                111.7970352,
                -7.8455114
              ],
              [
                111.7970123,
                -7.8451041
              ],
              [
                111.7970352,
                -7.84483
              ],
              [
                111.7970123,
                -7.8444132
              ],
              [
                111.7970199,
                -7.8438362
              ],
              [
                111.7969894,
                -7.8432211
              ],
              [
                111.7970199,
                -7.8427195
              ],
              [
                111.797081,
                -7.842473
              ],
              [
                111.7972259,
                -7.842132
              ],
              [
                111.797409,
                -7.8417625
              ],
              [
                111.7975845,
                -7.8412794
              ],
              [
                111.7977447,
                -7.8408817
              ],
              [
                111.798027,
                -7.8404474
              ],
              [
                111.7981109,
                -7.8402604
              ],
              [
                111.7983246,
                -7.8400292
              ],
              [
                111.7984848,
                -7.8397431
              ],
              [
                111.7987823,
                -7.8392042
              ],
              [
                111.7989578,
                -7.8387427
              ],
              [
                111.7991104,
                -7.8384785
              ],
              [
                111.7991791,
                -7.8382038
              ],
              [
                111.7992477,
                -7.8378958
              ],
              [
                111.7992859,
                -7.8375553
              ],
              [
                111.7992782,
                -7.8369293
              ],
              [
                111.799202,
                -7.8365673
              ],
              [
                111.7988128,
                -7.8364195
              ],
              [
                111.7984619,
                -7.8363709
              ],
              [
                111.7978668,
                -7.8363313
              ],
              [
                111.7973938,
                -7.8364176
              ],
              [
                111.796936,
                -7.8364639
              ],
              [
                111.7966537,
                -7.8365139
              ],
              [
                111.7963028,
                -7.8364534
              ],
              [
                111.7959976,
                -7.8364405
              ],
              [
                111.7955932,
                -7.8364953
              ],
              [
                111.7952575,
                -7.8365587
              ],
              [
                111.7949905,
                -7.8365592
              ],
              [
                111.7946777,
                -7.8365373
              ],
              [
                111.7942734,
                -7.83643
              ],
              [
                111.7939071,
                -7.8363175
              ],
              [
                111.7936325,
                -7.8361963
              ],
              [
                111.7932205,
                -7.8359264
              ],
              [
                111.792923,
                -7.8356523
              ],
              [
                111.7926025,
                -7.8351755
              ],
              [
                111.7923813,
                -7.8349952
              ],
              [
                111.7922516,
                -7.8349509
              ],
              [
                111.7919388,
                -7.8348746
              ],
              [
                111.7916107,
                -7.8348121
              ],
              [
                111.791275,
                -7.8347406
              ],
              [
                111.7911148,
                -7.8347115
              ],
              [
                111.7905807,
                -7.8344464
              ],
              [
                111.7902908,
                -7.8343748
              ],
              [
                111.7897796,
                -7.834342
              ],
              [
                111.7894516,
                -7.8343558
              ],
              [
                111.7892532,
                -7.8343653
              ],
              [
                111.7891311,
                -7.8343429
              ],
              [
                111.7884674,
                -7.8340964
              ],
              [
                111.7876358,
                -7.8339085
              ],
              [
                111.7872619,
                -7.8338055
              ],
              [
                111.7865982,
                -7.8336872
              ],
              [
                111.7860336,
                -7.8335213
              ],
              [
                111.7859192,
                -7.8334302
              ],
              [
                111.7857284,
                -7.833311
              ]
            ]
          ],
          [
            [
              [
                111.8456281,
                -8.2829288
              ],
              [
                111.8455733,
                -8.2829249
              ],
              [
                111.8455068,
                -8.2829357
              ],
              [
                111.8454551,
                -8.282935
              ],
              [
                111.8454465,
                -8.282966
              ],
              [
                111.8454676,
                -8.2830148
              ],
              [
                111.8455099,
                -8.2830435
              ],
              [
                111.8455655,
                -8.2830543
              ],
              [
                111.8456305,
                -8.2830504
              ],
              [
                111.845661,
                -8.2830318
              ],
              [
                111.8456642,
                -8.2829993
              ],
              [
                111.8456657,
                -8.2829605
              ],
              [
                111.8456281,
                -8.2829288
              ]
            ]
          ],
          [
            [
              [
                111.8639173,
                -8.278822
              ],
              [
                111.8639987,
                -8.2788189
              ],
              [
                111.864052,
                -8.2788018
              ],
              [
                111.8640582,
                -8.2787553
              ],
              [
                111.8641256,
                -8.2787383
              ],
              [
                111.8641381,
                -8.2787073
              ],
              [
                111.8641225,
                -8.2786096
              ],
              [
                111.8641115,
                -8.278498
              ],
              [
                111.8641178,
                -8.2784019
              ],
              [
                111.8641538,
                -8.278281
              ],
              [
                111.8642008,
                -8.2781803
              ],
              [
                111.8642619,
                -8.2781183
              ],
              [
                111.8643543,
                -8.2780454
              ],
              [
                111.8644332,
                -8.2779962
              ],
              [
                111.8644875,
                -8.2779623
              ],
              [
                111.8645008,
                -8.2779436
              ],
              [
                111.8645019,
                -8.2779075
              ],
              [
                111.8644764,
                -8.2778329
              ],
              [
                111.8644299,
                -8.2777584
              ],
              [
                111.8643745,
                -8.2777178
              ],
              [
                111.8643114,
                -8.2777014
              ],
              [
                111.8642527,
                -8.2777146
              ],
              [
                111.8641652,
                -8.2777781
              ],
              [
                111.8640577,
                -8.2779075
              ],
              [
                111.8639968,
                -8.2779666
              ],
              [
                111.863906,
                -8.2780258
              ],
              [
                111.8638606,
                -8.2780675
              ],
              [
                111.8637986,
                -8.2781508
              ],
              [
                111.8637365,
                -8.2782374
              ],
              [
                111.8636446,
                -8.2783261
              ],
              [
                111.8636003,
                -8.278382
              ],
              [
                111.8635914,
                -8.2784325
              ],
              [
                111.8635981,
                -8.278519
              ],
              [
                111.8636435,
                -8.2786067
              ],
              [
                111.8636878,
                -8.2786944
              ],
              [
                111.8637155,
                -8.278758
              ],
              [
                111.8637277,
                -8.2788018
              ],
              [
                111.8637399,
                -8.2788511
              ],
              [
                111.8637543,
                -8.2788764
              ],
              [
                111.8637819,
                -8.2788895
              ],
              [
                111.8638218,
                -8.2788928
              ],
              [
                111.8638694,
                -8.2788764
              ],
              [
                111.8638994,
                -8.27885
              ],
              [
                111.8639173,
                -8.278822
              ]
            ]
          ],
          [
            [
              [
                111.8630512,
                -8.2753371
              ],
              [
                111.8629759,
                -8.275313
              ],
              [
                111.8629349,
                -8.2752812
              ],
              [
                111.8628917,
                -8.2752626
              ],
              [
                111.8628585,
                -8.2752724
              ],
              [
                111.8628441,
                -8.2753152
              ],
              [
                111.8628673,
                -8.27537
              ],
              [
                111.8629227,
                -8.2754106
              ],
              [
                111.8630002,
                -8.2754401
              ],
              [
                111.8630456,
                -8.275438
              ],
              [
                111.8630656,
                -8.2754018
              ],
              [
                111.8630512,
                -8.2753371
              ]
            ]
          ],
          [
            [
              [
                111.8769651,
                -8.2914677
              ],
              [
                111.8769153,
                -8.2914622
              ],
              [
                111.8768566,
                -8.2914644
              ],
              [
                111.8767901,
                -8.2914524
              ],
              [
                111.8767403,
                -8.2914217
              ],
              [
                111.8767182,
                -8.2914162
              ],
              [
                111.8767182,
                -8.29146
              ],
              [
                111.8767314,
                -8.2915543
              ],
              [
                111.8767569,
                -8.2916135
              ],
              [
                111.8767913,
                -8.2916497
              ],
              [
                111.8768322,
                -8.2916749
              ],
              [
                111.87685,
                -8.2917077
              ],
              [
                111.8768666,
                -8.2917362
              ],
              [
                111.8768865,
                -8.2917505
              ],
              [
                111.8769087,
                -8.2917319
              ],
              [
                111.876953,
                -8.2917308
              ],
              [
                111.8769674,
                -8.2917012
              ],
              [
                111.8769585,
                -8.2915598
              ],
              [
                111.8770106,
                -8.2915554
              ],
              [
                111.8770194,
                -8.2915258
              ],
              [
                111.877005,
                -8.2914874
              ],
              [
                111.8769651,
                -8.2914677
              ]
            ]
          ],
          [
            [
              [
                111.9251588,
                -8.3063724
              ],
              [
                111.9250961,
                -8.3063398
              ],
              [
                111.9250115,
                -8.3063476
              ],
              [
                111.9248831,
                -8.306408
              ],
              [
                111.9248424,
                -8.3064762
              ],
              [
                111.9248408,
                -8.3065491
              ],
              [
                111.9248643,
                -8.3066265
              ],
              [
                111.9249348,
                -8.3066715
              ],
              [
                111.9250538,
                -8.3066947
              ],
              [
                111.9251227,
                -8.3067257
              ],
              [
                111.9251682,
                -8.3067164
              ],
              [
                111.925187,
                -8.3066529
              ],
              [
                111.925223,
                -8.3066296
              ],
              [
                111.9252449,
                -8.3065645
              ],
              [
                111.9252199,
                -8.3065103
              ],
              [
                111.9252277,
                -8.306453
              ],
              [
                111.925212,
                -8.3063956
              ],
              [
                111.9251588,
                -8.3063724
              ]
            ]
          ],
          [
            [
              [
                111.9255692,
                -8.304413
              ],
              [
                111.9254815,
                -8.3044153
              ],
              [
                111.9253997,
                -8.3044402
              ],
              [
                111.9253116,
                -8.304543
              ],
              [
                111.9252298,
                -8.3047111
              ],
              [
                111.9251574,
                -8.304845
              ],
              [
                111.9250473,
                -8.3050256
              ],
              [
                111.9249151,
                -8.3051626
              ],
              [
                111.9248207,
                -8.3052996
              ],
              [
                111.9247924,
                -8.3054584
              ],
              [
                111.9248207,
                -8.3056608
              ],
              [
                111.9248899,
                -8.3058165
              ],
              [
                111.9250378,
                -8.3059644
              ],
              [
                111.9251549,
                -8.306036
              ],
              [
                111.925255,
                -8.3060936
              ],
              [
                111.9253258,
                -8.3061154
              ],
              [
                111.9253981,
                -8.3061154
              ],
              [
                111.9254611,
                -8.3060983
              ],
              [
                111.9255114,
                -8.3060469
              ],
              [
                111.9255429,
                -8.305994
              ],
              [
                111.925617,
                -8.3058128
              ],
              [
                111.9256577,
                -8.3057091
              ],
              [
                111.9256861,
                -8.3056188
              ],
              [
                111.9257301,
                -8.3054802
              ],
              [
                111.9257789,
                -8.3054024
              ],
              [
                111.9258261,
                -8.3053214
              ],
              [
                111.9258355,
                -8.3052685
              ],
              [
                111.9258481,
                -8.3051906
              ],
              [
                111.925856,
                -8.3051003
              ],
              [
                111.925867,
                -8.3050022
              ],
              [
                111.9258733,
                -8.3049353
              ],
              [
                111.9258749,
                -8.3048543
              ],
              [
                111.9258623,
                -8.3047812
              ],
              [
                111.925845,
                -8.3047033
              ],
              [
                111.9258222,
                -8.3046551
              ],
              [
                111.9257899,
                -8.3045928
              ],
              [
                111.9257427,
                -8.3045461
              ],
              [
                111.9257031,
                -8.3044938
              ],
              [
                111.9256609,
                -8.3044613
              ],
              [
                111.9255692,
                -8.304413
              ]
            ]
          ]
        ]
      },
      "id": "relation/9676369"
    },
    {
      "type": "Feature",
      "properties": {
        "@id": "way/228922763",
        "natural": "coastline",
        "place": "islet",
        "@relations": [
          {
            "role": "outer",
            "rel": 9676369,
            "reltags": {
              "admin_level": "5",
              "boundary": "administrative",
              "name": "Tulungagung",
              "name:ar": "تولوناقونق",
              "official_name": "Kabupaten Tulungagung",
              "type": "boundary",
              "wikidata": "Q11143",
              "wikipedia": "id:Kabupaten Tulungagung"
            }
          }
        ]
      },
      "geometry": {
        "type": "Polygon",
        "coordinates": [
          [
            [
              111.8639173,
              -8.278822
            ],
            [
              111.8639987,
              -8.2788189
            ],
            [
              111.864052,
              -8.2788018
            ],
            [
              111.8640582,
              -8.2787553
            ],
            [
              111.8641256,
              -8.2787383
            ],
            [
              111.8641381,
              -8.2787073
            ],
            [
              111.8641225,
              -8.2786096
            ],
            [
              111.8641115,
              -8.278498
            ],
            [
              111.8641178,
              -8.2784019
            ],
            [
              111.8641538,
              -8.278281
            ],
            [
              111.8642008,
              -8.2781803
            ],
            [
              111.8642619,
              -8.2781183
            ],
            [
              111.8643543,
              -8.2780454
            ],
            [
              111.8644332,
              -8.2779962
            ],
            [
              111.8644875,
              -8.2779623
            ],
            [
              111.8645008,
              -8.2779436
            ],
            [
              111.8645019,
              -8.2779075
            ],
            [
              111.8644764,
              -8.2778329
            ],
            [
              111.8644299,
              -8.2777584
            ],
            [
              111.8643745,
              -8.2777178
            ],
            [
              111.8643114,
              -8.2777014
            ],
            [
              111.8642527,
              -8.2777146
            ],
            [
              111.8641652,
              -8.2777781
            ],
            [
              111.8640577,
              -8.2779075
            ],
            [
              111.8639968,
              -8.2779666
            ],
            [
              111.863906,
              -8.2780258
            ],
            [
              111.8638606,
              -8.2780675
            ],
            [
              111.8637986,
              -8.2781508
            ],
            [
              111.8637365,
              -8.2782374
            ],
            [
              111.8636446,
              -8.2783261
            ],
            [
              111.8636003,
              -8.278382
            ],
            [
              111.8635914,
              -8.2784325
            ],
            [
              111.8635981,
              -8.278519
            ],
            [
              111.8636435,
              -8.2786067
            ],
            [
              111.8636878,
              -8.2786944
            ],
            [
              111.8637155,
              -8.278758
            ],
            [
              111.8637277,
              -8.2788018
            ],
            [
              111.8637399,
              -8.2788511
            ],
            [
              111.8637543,
              -8.2788764
            ],
            [
              111.8637819,
              -8.2788895
            ],
            [
              111.8638218,
              -8.2788928
            ],
            [
              111.8638694,
              -8.2788764
            ],
            [
              111.8638994,
              -8.27885
            ],
            [
              111.8639173,
              -8.278822
            ]
          ]
        ]
      },
      "id": "way/228922763"
    },
    {
      "type": "Feature",
      "properties": {
        "@id": "way/228925882",
        "natural": "coastline",
        "place": "islet",
        "@relations": [
          {
            "role": "outer",
            "rel": 9676369,
            "reltags": {
              "admin_level": "5",
              "boundary": "administrative",
              "name": "Tulungagung",
              "name:ar": "تولوناقونق",
              "official_name": "Kabupaten Tulungagung",
              "type": "boundary",
              "wikidata": "Q11143",
              "wikipedia": "id:Kabupaten Tulungagung"
            }
          }
        ]
      },
      "geometry": {
        "type": "Polygon",
        "coordinates": [
          [
            [
              111.8456281,
              -8.2829288
            ],
            [
              111.8455733,
              -8.2829249
            ],
            [
              111.8455068,
              -8.2829357
            ],
            [
              111.8454551,
              -8.282935
            ],
            [
              111.8454465,
              -8.282966
            ],
            [
              111.8454676,
              -8.2830148
            ],
            [
              111.8455099,
              -8.2830435
            ],
            [
              111.8455655,
              -8.2830543
            ],
            [
              111.8456305,
              -8.2830504
            ],
            [
              111.845661,
              -8.2830318
            ],
            [
              111.8456642,
              -8.2829993
            ],
            [
              111.8456657,
              -8.2829605
            ],
            [
              111.8456281,
              -8.2829288
            ]
          ]
        ]
      },
      "id": "way/228925882"
    },
    {
      "type": "Feature",
      "properties": {
        "@id": "way/228926046",
        "natural": "coastline",
        "place": "islet",
        "@relations": [
          {
            "role": "outer",
            "rel": 9676369,
            "reltags": {
              "admin_level": "5",
              "boundary": "administrative",
              "name": "Tulungagung",
              "name:ar": "تولوناقونق",
              "official_name": "Kabupaten Tulungagung",
              "type": "boundary",
              "wikidata": "Q11143",
              "wikipedia": "id:Kabupaten Tulungagung"
            }
          }
        ]
      },
      "geometry": {
        "type": "Polygon",
        "coordinates": [
          [
            [
              111.8630512,
              -8.2753371
            ],
            [
              111.8629759,
              -8.275313
            ],
            [
              111.8629349,
              -8.2752812
            ],
            [
              111.8628917,
              -8.2752626
            ],
            [
              111.8628585,
              -8.2752724
            ],
            [
              111.8628441,
              -8.2753152
            ],
            [
              111.8628673,
              -8.27537
            ],
            [
              111.8629227,
              -8.2754106
            ],
            [
              111.8630002,
              -8.2754401
            ],
            [
              111.8630456,
              -8.275438
            ],
            [
              111.8630656,
              -8.2754018
            ],
            [
              111.8630512,
              -8.2753371
            ]
          ]
        ]
      },
      "id": "way/228926046"
    },
    {
      "type": "Feature",
      "properties": {
        "@id": "way/228926062",
        "natural": "coastline",
        "place": "islet",
        "@relations": [
          {
            "role": "outer",
            "rel": 9676369,
            "reltags": {
              "admin_level": "5",
              "boundary": "administrative",
              "name": "Tulungagung",
              "name:ar": "تولوناقونق",
              "official_name": "Kabupaten Tulungagung",
              "type": "boundary",
              "wikidata": "Q11143",
              "wikipedia": "id:Kabupaten Tulungagung"
            }
          }
        ]
      },
      "geometry": {
        "type": "Polygon",
        "coordinates": [
          [
            [
              111.8769651,
              -8.2914677
            ],
            [
              111.8769153,
              -8.2914622
            ],
            [
              111.8768566,
              -8.2914644
            ],
            [
              111.8767901,
              -8.2914524
            ],
            [
              111.8767403,
              -8.2914217
            ],
            [
              111.8767182,
              -8.2914162
            ],
            [
              111.8767182,
              -8.29146
            ],
            [
              111.8767314,
              -8.2915543
            ],
            [
              111.8767569,
              -8.2916135
            ],
            [
              111.8767913,
              -8.2916497
            ],
            [
              111.8768322,
              -8.2916749
            ],
            [
              111.87685,
              -8.2917077
            ],
            [
              111.8768666,
              -8.2917362
            ],
            [
              111.8768865,
              -8.2917505
            ],
            [
              111.8769087,
              -8.2917319
            ],
            [
              111.876953,
              -8.2917308
            ],
            [
              111.8769674,
              -8.2917012
            ],
            [
              111.8769585,
              -8.2915598
            ],
            [
              111.8770106,
              -8.2915554
            ],
            [
              111.8770194,
              -8.2915258
            ],
            [
              111.877005,
              -8.2914874
            ],
            [
              111.8769651,
              -8.2914677
            ]
          ]
        ]
      },
      "id": "way/228926062"
    },
    {
      "type": "Feature",
      "properties": {
        "@id": "way/228926111",
        "natural": "coastline",
        "place": "islet",
        "@relations": [
          {
            "role": "outer",
            "rel": 9676369,
            "reltags": {
              "admin_level": "5",
              "boundary": "administrative",
              "name": "Tulungagung",
              "name:ar": "تولوناقونق",
              "official_name": "Kabupaten Tulungagung",
              "type": "boundary",
              "wikidata": "Q11143",
              "wikipedia": "id:Kabupaten Tulungagung"
            }
          }
        ]
      },
      "geometry": {
        "type": "Polygon",
        "coordinates": [
          [
            [
              111.9251588,
              -8.3063724
            ],
            [
              111.9250961,
              -8.3063398
            ],
            [
              111.9250115,
              -8.3063476
            ],
            [
              111.9248831,
              -8.306408
            ],
            [
              111.9248424,
              -8.3064762
            ],
            [
              111.9248408,
              -8.3065491
            ],
            [
              111.9248643,
              -8.3066265
            ],
            [
              111.9249348,
              -8.3066715
            ],
            [
              111.9250538,
              -8.3066947
            ],
            [
              111.9251227,
              -8.3067257
            ],
            [
              111.9251682,
              -8.3067164
            ],
            [
              111.925187,
              -8.3066529
            ],
            [
              111.925223,
              -8.3066296
            ],
            [
              111.9252449,
              -8.3065645
            ],
            [
              111.9252199,
              -8.3065103
            ],
            [
              111.9252277,
              -8.306453
            ],
            [
              111.925212,
              -8.3063956
            ],
            [
              111.9251588,
              -8.3063724
            ]
          ]
        ]
      },
      "id": "way/228926111"
    },
    {
      "type": "Feature",
      "properties": {
        "@id": "way/228926112",
        "GNS:id": "10634166",
        "gns:dsg": "ISL",
        "name": "Pulau Watulawang",
        "natural": "coastline",
        "note": "Name Modify Date: 2020-02-25",
        "place": "islet",
        "source": "NGA-GNS",
        "@relations": [
          {
            "role": "outer",
            "rel": 9676369,
            "reltags": {
              "admin_level": "5",
              "boundary": "administrative",
              "name": "Tulungagung",
              "name:ar": "تولوناقونق",
              "official_name": "Kabupaten Tulungagung",
              "type": "boundary",
              "wikidata": "Q11143",
              "wikipedia": "id:Kabupaten Tulungagung"
            }
          }
        ]
      },
      "geometry": {
        "type": "Polygon",
        "coordinates": [
          [
            [
              111.9255692,
              -8.304413
            ],
            [
              111.9254815,
              -8.3044153
            ],
            [
              111.9253997,
              -8.3044402
            ],
            [
              111.9253116,
              -8.304543
            ],
            [
              111.9252298,
              -8.3047111
            ],
            [
              111.9251574,
              -8.304845
            ],
            [
              111.9250473,
              -8.3050256
            ],
            [
              111.9249151,
              -8.3051626
            ],
            [
              111.9248207,
              -8.3052996
            ],
            [
              111.9247924,
              -8.3054584
            ],
            [
              111.9248207,
              -8.3056608
            ],
            [
              111.9248899,
              -8.3058165
            ],
            [
              111.9250378,
              -8.3059644
            ],
            [
              111.9251549,
              -8.306036
            ],
            [
              111.925255,
              -8.3060936
            ],
            [
              111.9253258,
              -8.3061154
            ],
            [
              111.9253981,
              -8.3061154
            ],
            [
              111.9254611,
              -8.3060983
            ],
            [
              111.9255114,
              -8.3060469
            ],
            [
              111.9255429,
              -8.305994
            ],
            [
              111.925617,
              -8.3058128
            ],
            [
              111.9256577,
              -8.3057091
            ],
            [
              111.9256861,
              -8.3056188
            ],
            [
              111.9257301,
              -8.3054802
            ],
            [
              111.9257789,
              -8.3054024
            ],
            [
              111.9258261,
              -8.3053214
            ],
            [
              111.9258355,
              -8.3052685
            ],
            [
              111.9258481,
              -8.3051906
            ],
            [
              111.925856,
              -8.3051003
            ],
            [
              111.925867,
              -8.3050022
            ],
            [
              111.9258733,
              -8.3049353
            ],
            [
              111.9258749,
              -8.3048543
            ],
            [
              111.9258623,
              -8.3047812
            ],
            [
              111.925845,
              -8.3047033
            ],
            [
              111.9258222,
              -8.3046551
            ],
            [
              111.9257899,
              -8.3045928
            ],
            [
              111.9257427,
              -8.3045461
            ],
            [
              111.9257031,
              -8.3044938
            ],
            [
              111.9256609,
              -8.3044613
            ],
            [
              111.9255692,
              -8.304413
            ]
          ]
        ]
      },
      "id": "way/228926112"
    },
    {
      "type": "Feature",
      "properties": {
        "@id": "way/696202847",
        "natural": "coastline",
        "@relations": [
          {
            "role": "outer",
            "rel": 9676369,
            "reltags": {
              "admin_level": "5",
              "boundary": "administrative",
              "name": "Tulungagung",
              "name:ar": "تولوناقونق",
              "official_name": "Kabupaten Tulungagung",
              "type": "boundary",
              "wikidata": "Q11143",
              "wikipedia": "id:Kabupaten Tulungagung"
            }
          }
        ]
      },
      "geometry": {
        "type": "LineString",
        "coordinates": [
          [
            111.7736337,
            -8.2886897
          ],
          [
            111.7734432,
            -8.2885756
          ],
          [
            111.7733225,
            -8.288557
          ],
          [
            111.7731938,
            -8.2885756
          ],
          [
            111.7730543,
            -8.2886154
          ],
          [
            111.7728558,
            -8.2886446
          ],
          [
            111.7726707,
            -8.2886419
          ],
          [
            111.7725259,
            -8.2886526
          ],
          [
            111.7724106,
            -8.2886764
          ],
          [
            111.7722926,
            -8.2886711
          ],
          [
            111.7721611,
            -8.2886393
          ],
          [
            111.7719975,
            -8.2885358
          ],
          [
            111.7717937,
            -8.2884986
          ],
          [
            111.771673,
            -8.2885305
          ],
          [
            111.7715523,
            -8.2885862
          ],
          [
            111.7714664,
            -8.2886924
          ],
          [
            111.7713806,
            -8.288849
          ],
          [
            111.7712545,
            -8.2889737
          ],
          [
            111.7710936,
            -8.2890533
          ],
          [
            111.7708093,
            -8.2890852
          ],
          [
            111.7704928,
            -8.289064
          ],
          [
            111.7702568,
            -8.2889472
          ],
          [
            111.7698759,
            -8.2886499
          ],
          [
            111.769554,
            -8.2880713
          ],
          [
            111.7692107,
            -8.2872273
          ],
          [
            111.7690444,
            -8.2865
          ],
          [
            111.7690162,
            -8.2860528
          ],
          [
            111.7690457,
            -8.2859599
          ],
          [
            111.7691155,
            -8.2858763
          ],
          [
            111.7693448,
            -8.2858006
          ],
          [
            111.7696291,
            -8.2857621
          ],
          [
            111.7697659,
            -8.285717
          ],
          [
            111.7698866,
            -8.2855923
          ],
          [
            111.7699671,
            -8.2852685
          ],
          [
            111.7700261,
            -8.2851251
          ],
          [
            111.7701226,
            -8.2850482
          ],
          [
            111.7702863,
            -8.2850057
          ],
          [
            111.7704686,
            -8.2849977
          ],
          [
            111.770651,
            -8.2849075
          ],
          [
            111.7707986,
            -8.2847535
          ],
          [
            111.7709273,
            -8.2845916
          ],
          [
            111.7710641,
            -8.284374
          ],
          [
            111.7712009,
            -8.2839997
          ],
          [
            111.7712438,
            -8.2839453
          ],
          [
            111.7713082,
            -8.2839095
          ],
          [
            111.7714155,
            -8.2838962
          ],
          [
            111.7714772,
            -8.2839321
          ],
          [
            111.7715335,
            -8.2840117
          ],
          [
            111.7715844,
            -8.2841457
          ],
          [
            111.7716689,
            -8.28422
          ],
          [
            111.7717387,
            -8.284228
          ],
          [
            111.7717923,
            -8.2842147
          ],
          [
            111.7718634,
            -8.284155
          ],
          [
            111.7719546,
            -8.2840435
          ],
          [
            111.7720243,
            -8.2838776
          ],
          [
            111.7720592,
            -8.2836361
          ],
          [
            111.7721692,
            -8.2834052
          ],
          [
            111.7723435,
            -8.2832964
          ],
          [
            111.7725527,
            -8.2832406
          ],
          [
            111.7727914,
            -8.2832459
          ],
          [
            111.7729336,
            -8.2833149
          ],
          [
            111.7731079,
            -8.2834848
          ],
          [
            111.7732179,
            -8.2835459
          ],
          [
            111.7733547,
            -8.2835512
          ],
          [
            111.7734915,
            -8.2834848
          ],
          [
            111.7737383,
            -8.2832088
          ],
          [
            111.7738469,
            -8.2831146
          ],
          [
            111.7739716,
            -8.2830495
          ],
          [
            111.7741084,
            -8.2830256
          ],
          [
            111.7742063,
            -8.2829991
          ],
          [
            111.7742801,
            -8.2829487
          ],
          [
            111.7743324,
            -8.2828916
          ],
          [
            111.7743471,
            -8.2828518
          ],
          [
            111.7743498,
            -8.2827987
          ],
          [
            111.774319,
            -8.2827549
          ],
          [
            111.7742479,
            -8.2826885
          ],
          [
            111.774213,
            -8.2826288
          ],
          [
            111.7741661,
            -8.2824775
          ],
          [
            111.7741245,
            -8.2822692
          ],
          [
            111.774036,
            -8.2818923
          ],
          [
            111.7740011,
            -8.2817144
          ],
          [
            111.7740199,
            -8.2815048
          ],
          [
            111.7740709,
            -8.2812951
          ],
          [
            111.774264,
            -8.2809819
          ],
          [
            111.7745429,
            -8.2806289
          ],
          [
            111.7748702,
            -8.2803741
          ],
          [
            111.7751464,
            -8.280106
          ],
          [
            111.7753369,
            -8.279883
          ],
          [
            111.7756185,
            -8.2795353
          ],
          [
            111.7757553,
            -8.2793203
          ],
          [
            111.7757955,
            -8.279108
          ],
          [
            111.7757955,
            -8.2788664
          ],
          [
            111.7758411,
            -8.2786833
          ],
          [
            111.7759296,
            -8.2785639
          ],
          [
            111.7760369,
            -8.2784869
          ],
          [
            111.7761335,
            -8.2784696
          ],
          [
            111.7762622,
            -8.2784842
          ],
          [
            111.7763172,
            -8.2785426
          ],
          [
            111.7763843,
            -8.2786793
          ],
          [
            111.7763856,
            -8.2788001
          ],
          [
            111.7764057,
            -8.2788784
          ],
          [
            111.7764419,
            -8.2789248
          ],
          [
            111.7765009,
            -8.2789328
          ],
          [
            111.7765425,
            -8.2789235
          ],
          [
            111.7765881,
            -8.2788784
          ],
          [
            111.7766082,
            -8.2787178
          ],
          [
            111.7766672,
            -8.278609
          ],
          [
            111.7768067,
            -8.278532
          ],
          [
            111.777024,
            -8.2785134
          ],
          [
            111.7772117,
            -8.27854
          ],
          [
            111.777378,
            -8.2786408
          ],
          [
            111.7775175,
            -8.2787815
          ],
          [
            111.7776033,
            -8.2788187
          ],
          [
            111.7777401,
            -8.2788001
          ],
          [
            111.7778635,
            -8.278739
          ],
          [
            111.7780271,
            -8.2786833
          ],
          [
            111.77818,
            -8.2786966
          ],
          [
            111.7783678,
            -8.2787523
          ],
          [
            111.7784992,
            -8.2787656
          ],
          [
            111.7786011,
            -8.2787364
          ],
          [
            111.7787245,
            -8.2786329
          ],
          [
            111.7787647,
            -8.2784869
          ],
          [
            111.7787433,
            -8.2782905
          ],
          [
            111.7787003,
            -8.2781153
          ],
          [
            111.7787379,
            -8.2778047
          ],
          [
            111.7788398,
            -8.2774597
          ],
          [
            111.7788506,
            -8.2770775
          ],
          [
            111.7788398,
            -8.2766793
          ],
          [
            111.7788425,
            -8.2762573
          ],
          [
            111.7788291,
            -8.2756813
          ],
          [
            111.7787594,
            -8.2753893
          ],
          [
            111.7786467,
            -8.2752619
          ],
          [
            111.7784429,
            -8.2751292
          ],
          [
            111.7781773,
            -8.2749116
          ],
          [
            111.7779145,
            -8.274601
          ],
          [
            111.7777911,
            -8.2744126
          ],
          [
            111.7777106,
            -8.2742427
          ],
          [
            111.7776838,
            -8.274102
          ],
          [
            111.7776784,
            -8.2740038
          ],
          [
            111.7776556,
            -8.2739348
          ],
          [
            111.7776194,
            -8.2739016
          ],
          [
            111.7775604,
            -8.2738937
          ],
          [
            111.7775001,
            -8.2739122
          ],
          [
            111.7774504,
            -8.2739666
          ],
          [
            111.7774089,
            -8.274033
          ],
          [
            111.7773579,
            -8.2740834
          ],
          [
            111.7773136,
            -8.2741113
          ],
          [
            111.7772278,
            -8.2741272
          ],
          [
            111.7771514,
            -8.2741272
          ],
          [
            111.7770535,
            -8.2740755
          ],
          [
            111.7769274,
            -8.2739507
          ],
          [
            111.7768992,
            -8.273887
          ],
          [
            111.7768992,
            -8.2738021
          ],
          [
            111.7769462,
            -8.2737304
          ],
          [
            111.7769904,
            -8.2737052
          ],
          [
            111.7770213,
            -8.2736654
          ],
          [
            111.7770334,
            -8.2736322
          ],
          [
            111.777024,
            -8.273595
          ],
          [
            111.7769797,
            -8.2735605
          ],
          [
            111.7769033,
            -8.2735672
          ],
          [
            111.7768376,
            -8.2736189
          ],
          [
            111.7767812,
            -8.2736534
          ],
          [
            111.7767209,
            -8.273672
          ],
          [
            111.7766511,
            -8.2736667
          ],
          [
            111.7765707,
            -8.2736282
          ],
          [
            111.7763963,
            -8.2734862
          ],
          [
            111.776163,
            -8.2733296
          ],
          [
            111.776053,
            -8.273327
          ],
          [
            111.7758706,
            -8.273396
          ],
          [
            111.7757499,
            -8.2734544
          ],
          [
            111.7755622,
            -8.2735473
          ],
          [
            111.7753476,
            -8.273526
          ],
          [
            111.7751169,
            -8.2733986
          ],
          [
            111.7747843,
            -8.2731757
          ],
          [
            111.7743981,
            -8.2729049
          ],
          [
            111.7738938,
            -8.2725652
          ],
          [
            111.7729819,
            -8.2720555
          ],
          [
            111.7721987,
            -8.2718432
          ],
          [
            111.7714155,
            -8.2715565
          ],
          [
            111.7707395,
            -8.2712274
          ],
          [
            111.770364,
            -8.270877
          ],
          [
            111.7701173,
            -8.2703037
          ],
          [
            111.7700583,
            -8.2699852
          ],
          [
            111.7701387,
            -8.2694994
          ],
          [
            111.7701763,
            -8.2692261
          ],
          [
            111.7701906,
            -8.2689047
          ],
          [
            111.7701924,
            -8.2688651
          ],
          [
            111.770305,
            -8.2678883
          ],
          [
            111.7704391,
            -8.2673096
          ],
          [
            111.7706081,
            -8.2669619
          ],
          [
            111.770702,
            -8.266877
          ],
          [
            111.7708173,
            -8.2668504
          ],
          [
            111.7710507,
            -8.2668451
          ],
          [
            111.7711499,
            -8.2667894
          ],
          [
            111.7711741,
            -8.2667443
          ],
          [
            111.7711486,
            -8.2666845
          ],
          [
            111.7710721,
            -8.2666129
          ],
          [
            111.7709246,
            -8.2665638
          ],
          [
            111.7707476,
            -8.266431
          ],
          [
            111.770651,
            -8.2662505
          ],
          [
            111.7706296,
            -8.2660382
          ],
          [
            111.7707127,
            -8.2657223
          ],
          [
            111.7709005,
            -8.2653268
          ],
          [
            111.771107,
            -8.2649552
          ],
          [
            111.7720807,
            -8.2633387
          ],
          [
            111.7729068,
            -8.2622398
          ],
          [
            111.7737436,
            -8.2612683
          ],
          [
            111.7742703,
            -8.2607605
          ],
          [
            111.7748165,
            -8.2603233
          ],
          [
            111.7762864,
            -8.2592191
          ],
          [
            111.7775094,
            -8.2585608
          ],
          [
            111.7792153,
            -8.2579875
          ],
          [
            111.7813933,
            -8.257446
          ],
          [
            111.7845154,
            -8.2569788
          ],
          [
            111.786983,
            -8.256586
          ],
          [
            111.7888284,
            -8.2563524
          ],
          [
            111.7899978,
            -8.2563311
          ],
          [
            111.7909098,
            -8.2562674
          ],
          [
            111.7919075,
            -8.2561506
          ],
          [
            111.7934123,
            -8.2559914
          ],
          [
            111.7942813,
            -8.2559091
          ],
          [
            111.7944342,
            -8.2558427
          ],
          [
            111.7945817,
            -8.2556755
          ],
          [
            111.7947239,
            -8.2555733
          ],
          [
            111.7949264,
            -8.2555043
          ],
          [
            111.7949639,
            -8.2555428
          ],
          [
            111.7950216,
            -8.2555507
          ],
          [
            111.7950779,
            -8.255568
          ],
          [
            111.7951342,
            -8.2556264
          ],
          [
            111.7952281,
            -8.2557259
          ],
          [
            111.795326,
            -8.2557631
          ],
          [
            111.7953904,
            -8.2557631
          ],
          [
            111.7954722,
            -8.255714
          ],
          [
            111.7955326,
            -8.2556795
          ],
          [
            111.7956144,
            -8.2556675
          ],
          [
            111.7957297,
            -8.2556954
          ],
          [
            111.7958356,
            -8.2557498
          ],
          [
            111.7960998,
            -8.2558401
          ],
          [
            111.796529,
            -8.2559967
          ],
          [
            111.7968267,
            -8.2561294
          ],
          [
            111.7972398,
            -8.2563524
          ],
          [
            111.7977601,
            -8.2567505
          ],
          [
            111.7980552,
            -8.2569151
          ],
          [
            111.7986131,
            -8.2571699
          ],
          [
            111.7996484,
            -8.2577645
          ],
          [
            111.8005738,
            -8.2583574
          ],
          [
            111.8006676,
            -8.2584175
          ],
          [
            111.8011558,
            -8.2587838
          ],
          [
            111.8014079,
            -8.2590068
          ],
          [
            111.801542,
            -8.2591873
          ],
          [
            111.8015689,
            -8.2594421
          ],
          [
            111.8015528,
            -8.2597075
          ],
          [
            111.8015608,
            -8.2599279
          ],
          [
            111.8015876,
            -8.2600977
          ],
          [
            111.8016413,
            -8.2601986
          ],
          [
            111.8017995,
            -8.2603154
          ],
          [
            111.8020892,
            -8.260541
          ],
          [
            111.8023467,
            -8.2607587
          ],
          [
            111.8028027,
            -8.2612683
          ],
          [
            111.8030441,
            -8.2616028
          ],
          [
            111.8032989,
            -8.2620168
          ],
          [
            111.803425,
            -8.262277
          ],
          [
            111.8034893,
            -8.2624654
          ],
          [
            111.8035242,
            -8.2626512
          ],
          [
            111.8035269,
            -8.2627242
          ],
          [
            111.8035148,
            -8.2627893
          ],
          [
            111.8034934,
            -8.2628072
          ],
          [
            111.8034545,
            -8.2628211
          ],
          [
            111.8032975,
            -8.262837
          ],
          [
            111.8031983,
            -8.2628583
          ],
          [
            111.8030991,
            -8.2629008
          ],
          [
            111.8029502,
            -8.2630919
          ],
          [
            111.8028161,
            -8.2633016
          ],
          [
            111.8023212,
            -8.2642983
          ],
          [
            111.8023031,
            -8.2643354
          ],
          [
            111.8023541,
            -8.2643653
          ],
          [
            111.8022501,
            -8.2645597
          ],
          [
            111.8021241,
            -8.2648119
          ],
          [
            111.8015528,
            -8.2649871
          ],
          [
            111.8007052,
            -8.264565
          ],
          [
            111.8000507,
            -8.2650375
          ],
          [
            111.7998174,
            -8.2649406
          ],
          [
            111.7997745,
            -8.2649459
          ],
          [
            111.7997409,
            -8.2649758
          ],
          [
            111.7997416,
            -8.2650282
          ],
          [
            111.7997711,
            -8.2650641
          ],
          [
            111.7999703,
            -8.2651676
          ],
          [
            111.800268,
            -8.2652897
          ],
          [
            111.8008259,
            -8.2655445
          ],
          [
            111.8013449,
            -8.2655611
          ],
          [
            111.8014099,
            -8.265577
          ],
          [
            111.8014455,
            -8.2656122
          ],
          [
            111.8014696,
            -8.2656527
          ],
          [
            111.8015125,
            -8.2657767
          ],
          [
            111.8016104,
            -8.2658896
          ],
          [
            111.8016922,
            -8.2659015
          ],
          [
            111.8017647,
            -8.265875
          ],
          [
            111.8018277,
            -8.2658232
          ],
          [
            111.8019102,
            -8.2657655
          ],
          [
            111.8019779,
            -8.2657648
          ],
          [
            111.8020356,
            -8.2658086
          ],
          [
            111.8020751,
            -8.2658982
          ],
          [
            111.8020952,
            -8.2659655
          ],
          [
            111.8020906,
            -8.2660216
          ],
          [
            111.8020892,
            -8.2660601
          ],
          [
            111.8020825,
            -8.2661165
          ],
          [
            111.802057,
            -8.2662612
          ],
          [
            111.801939,
            -8.2664709
          ],
          [
            111.8017754,
            -8.2666301
          ],
          [
            111.8016252,
            -8.266792
          ],
          [
            111.801542,
            -8.2668796
          ],
          [
            111.8014401,
            -8.2669513
          ],
          [
            111.8011558,
            -8.2669699
          ],
          [
            111.8009654,
            -8.2668849
          ],
          [
            111.800791,
            -8.2668531
          ],
          [
            111.8006757,
            -8.2669035
          ],
          [
            111.8005872,
            -8.2669619
          ],
          [
            111.8004799,
            -8.2671026
          ],
          [
            111.8004343,
            -8.2672114
          ],
          [
            111.8003914,
            -8.2674344
          ],
          [
            111.8003914,
            -8.267526
          ],
          [
            111.8004155,
            -8.2676228
          ],
          [
            111.8004839,
            -8.2677755
          ],
          [
            111.8005791,
            -8.2679307
          ],
          [
            111.8006167,
            -8.2680157
          ],
          [
            111.8006086,
            -8.2680688
          ],
          [
            111.800563,
            -8.2681152
          ],
          [
            111.8004799,
            -8.2681564
          ],
          [
            111.8003243,
            -8.2681537
          ],
          [
            111.7997342,
            -8.2681802
          ],
          [
            111.7995357,
            -8.2682546
          ],
          [
            111.7993426,
            -8.2684298
          ],
          [
            111.7992943,
            -8.2684935
          ],
          [
            111.7993011,
            -8.2686514
          ],
          [
            111.799348,
            -8.2687722
          ],
          [
            111.7994325,
            -8.2688611
          ],
          [
            111.799529,
            -8.2689288
          ],
          [
            111.7996162,
            -8.2689765
          ],
          [
            111.7996846,
            -8.2690336
          ],
          [
            111.7997181,
            -8.2690907
          ],
          [
            111.7997315,
            -8.2691783
          ],
          [
            111.7997155,
            -8.2692712
          ],
          [
            111.7996886,
            -8.2694278
          ],
          [
            111.7997047,
            -8.2695897
          ],
          [
            111.7997611,
            -8.2696799
          ],
          [
            111.7998871,
            -8.2697675
          ],
          [
            111.8001446,
            -8.2698604
          ],
          [
            111.8003806,
            -8.2699268
          ],
          [
            111.8006837,
            -8.2699613
          ],
          [
            111.8009466,
            -8.2698896
          ],
          [
            111.8011531,
            -8.2697702
          ],
          [
            111.801298,
            -8.2696056
          ],
          [
            111.8015715,
            -8.2691358
          ],
          [
            111.8017271,
            -8.2689049
          ],
          [
            111.8018693,
            -8.2687562
          ],
          [
            111.8019511,
            -8.2687217
          ],
          [
            111.8020329,
            -8.2686978
          ],
          [
            111.8021187,
            -8.2686872
          ],
          [
            111.8022354,
            -8.2687562
          ],
          [
            111.8023038,
            -8.2688173
          ],
          [
            111.8023735,
            -8.268873
          ],
          [
            111.8024392,
            -8.2688757
          ],
          [
            111.8024768,
            -8.2688438
          ],
          [
            111.8025103,
            -8.268735
          ],
          [
            111.8025881,
            -8.2685625
          ],
          [
            111.8026257,
            -8.2683209
          ],
          [
            111.8025506,
            -8.2680767
          ],
          [
            111.8024379,
            -8.2678936
          ],
          [
            111.8023869,
            -8.2677768
          ],
          [
            111.8024299,
            -8.267668
          ],
          [
            111.8024862,
            -8.2675777
          ],
          [
            111.8026096,
            -8.2675406
          ],
          [
            111.8027088,
            -8.2675618
          ],
          [
            111.8029475,
            -8.2676945
          ],
          [
            111.8033203,
            -8.2679573
          ],
          [
            111.8035886,
            -8.2681165
          ],
          [
            111.8037643,
            -8.2682386
          ],
          [
            111.803834,
            -8.2682811
          ],
          [
            111.8039373,
            -8.2683448
          ],
          [
            111.8039842,
            -8.2683541
          ],
          [
            111.8040352,
            -8.2683475
          ],
          [
            111.8040955,
            -8.2682851
          ],
          [
            111.8041103,
            -8.268224
          ],
          [
            111.8040942,
            -8.2681245
          ],
          [
            111.8040781,
            -8.2680595
          ],
          [
            111.8040888,
            -8.2679944
          ],
          [
            111.8041317,
            -8.2679573
          ],
          [
            111.8041907,
            -8.2679228
          ],
          [
            111.8042698,
            -8.2679228
          ],
          [
            111.8044308,
            -8.267952
          ],
          [
            111.8046534,
            -8.2680024
          ],
          [
            111.8048438,
            -8.2680263
          ],
          [
            111.8050396,
            -8.2680343
          ],
          [
            111.8052596,
            -8.2680422
          ],
          [
            111.8054983,
            -8.2681006
          ],
          [
            111.8056083,
            -8.2681749
          ],
          [
            111.8057799,
            -8.2684988
          ],
          [
            111.8058752,
            -8.2686899
          ],
          [
            111.8059194,
            -8.2687523
          ],
          [
            111.8059596,
            -8.2687748
          ],
          [
            111.8059898,
            -8.2687655
          ],
          [
            111.806024,
            -8.2687317
          ],
          [
            111.8060522,
            -8.268674
          ],
          [
            111.8060676,
            -8.2685519
          ],
          [
            111.8060669,
            -8.2684862
          ],
          [
            111.8060388,
            -8.2682426
          ],
          [
            111.8059824,
            -8.2679241
          ],
          [
            111.8059395,
            -8.2674755
          ],
          [
            111.8059355,
            -8.2672061
          ],
          [
            111.805855,
            -8.2669699
          ],
          [
            111.8057907,
            -8.2667761
          ],
          [
            111.8057384,
            -8.266654
          ],
          [
            111.8057196,
            -8.2665757
          ],
          [
            111.805733,
            -8.2664855
          ],
          [
            111.8058027,
            -8.2664098
          ],
          [
            111.8059409,
            -8.266362
          ],
          [
            111.8060508,
            -8.2663726
          ],
          [
            111.8061568,
            -8.2663846
          ],
          [
            111.8062379,
            -8.2664052
          ],
          [
            111.8062976,
            -8.2664052
          ],
          [
            111.8063492,
            -8.2663786
          ],
          [
            111.8063693,
            -8.2663481
          ],
          [
            111.8063794,
            -8.2663036
          ],
          [
            111.8064022,
            -8.2660873
          ],
          [
            111.8064103,
            -8.2659944
          ],
          [
            111.8064505,
            -8.2659134
          ],
          [
            111.8065108,
            -8.2658736
          ],
          [
            111.8066061,
            -8.2658484
          ],
          [
            111.8067053,
            -8.2658537
          ],
          [
            111.8068327,
            -8.2658829
          ],
          [
            111.8069252,
            -8.265936
          ],
          [
            111.8070392,
            -8.2660475
          ],
          [
            111.8070989,
            -8.2661298
          ],
          [
            111.807111,
            -8.2661457
          ],
          [
            111.8071214,
            -8.2661517
          ],
          [
            111.8071324,
            -8.2661487
          ],
          [
            111.8071422,
            -8.2661374
          ],
          [
            111.8071425,
            -8.2660986
          ],
          [
            111.8071499,
            -8.2659732
          ],
          [
            111.8071586,
            -8.2658458
          ],
          [
            111.8071492,
            -8.2657369
          ],
          [
            111.8070835,
            -8.2655817
          ],
          [
            111.8070111,
            -8.2653958
          ],
          [
            111.807003,
            -8.2652817
          ],
          [
            111.8070231,
            -8.2652207
          ],
          [
            111.8070701,
            -8.265157
          ],
          [
            111.8071827,
            -8.2651092
          ],
          [
            111.8073571,
            -8.2651118
          ],
          [
            111.80764,
            -8.2651384
          ],
          [
            111.8078479,
            -8.265157
          ],
          [
            111.8080813,
            -8.2650933
          ],
          [
            111.808261,
            -8.2649765
          ],
          [
            111.8083575,
            -8.2648491
          ],
          [
            111.8084407,
            -8.2645916
          ],
          [
            111.808446,
            -8.2644881
          ],
          [
            111.8084836,
            -8.2644031
          ],
          [
            111.8085507,
            -8.2643288
          ],
          [
            111.8086633,
            -8.2642784
          ],
          [
            111.8088672,
            -8.2642837
          ],
          [
            111.8091112,
            -8.2644695
          ],
          [
            111.8092748,
            -8.2646208
          ],
          [
            111.8093473,
            -8.2647349
          ],
          [
            111.8094438,
            -8.2648942
          ],
          [
            111.8095404,
            -8.2650455
          ],
          [
            111.8096423,
            -8.2651145
          ],
          [
            111.8097576,
            -8.2651357
          ],
          [
            111.8099052,
            -8.2651463
          ],
          [
            111.810042,
            -8.2651649
          ],
          [
            111.8101439,
            -8.2651848
          ],
          [
            111.8101922,
            -8.2652273
          ],
          [
            111.8102083,
            -8.2652791
          ],
          [
            111.8101989,
            -8.2653534
          ],
          [
            111.8101479,
            -8.2654104
          ],
          [
            111.8100514,
            -8.2655166
          ],
          [
            111.8099803,
            -8.2656347
          ],
          [
            111.8099508,
            -8.2657913
          ],
          [
            111.8100339,
            -8.2660249
          ],
          [
            111.8101399,
            -8.2662452
          ],
          [
            111.8101989,
            -8.2663527
          ],
          [
            111.8102914,
            -8.2664523
          ],
          [
            111.8103719,
            -8.2664921
          ],
          [
            111.8104845,
            -8.266508
          ],
          [
            111.8106294,
            -8.266508
          ],
          [
            111.8107045,
            -8.2664908
          ],
          [
            111.8107729,
            -8.2664231
          ],
          [
            111.8108051,
            -8.266362
          ],
          [
            111.8108493,
            -8.2663375
          ],
          [
            111.8109097,
            -8.2663342
          ],
          [
            111.8109861,
            -8.2663726
          ],
          [
            111.8110438,
            -8.2664456
          ],
          [
            111.8110518,
            -8.2665385
          ],
          [
            111.8109378,
            -8.2668796
          ],
          [
            111.8109405,
            -8.267084
          ],
          [
            111.8110424,
            -8.267453
          ],
          [
            111.8111148,
            -8.2676288
          ],
          [
            111.8111423,
            -8.2676461
          ],
          [
            111.8111759,
            -8.2676554
          ],
          [
            111.8112054,
            -8.2676507
          ],
          [
            111.8112302,
            -8.2676275
          ],
          [
            111.8112396,
            -8.2675698
          ],
          [
            111.8112637,
            -8.267441
          ],
          [
            111.8113066,
            -8.2673017
          ],
          [
            111.8114005,
            -8.2671769
          ],
          [
            111.8114448,
            -8.2671398
          ],
          [
            111.8115085,
            -8.2671179
          ],
          [
            111.8115661,
            -8.2671212
          ],
          [
            111.8116057,
            -8.2671344
          ],
          [
            111.8116546,
            -8.2672081
          ],
          [
            111.8116801,
            -8.2673329
          ],
          [
            111.8116996,
            -8.2673813
          ],
          [
            111.81178,
            -8.267441
          ],
          [
            111.8118927,
            -8.2674569
          ],
          [
            111.8119772,
            -8.2674304
          ],
          [
            111.8121421,
            -8.2673494
          ],
          [
            111.8122923,
            -8.2672619
          ],
          [
            111.8123648,
            -8.2672114
          ],
          [
            111.8124855,
            -8.2671159
          ],
          [
            111.8125284,
            -8.2670389
          ],
          [
            111.8126088,
            -8.2669712
          ],
          [
            111.8127161,
            -8.2669606
          ],
          [
            111.8127966,
            -8.2669885
          ],
          [
            111.8128583,
            -8.2670787
          ],
          [
            111.812869,
            -8.267169
          ],
          [
            111.8128449,
            -8.2672711
          ],
          [
            111.8127403,
            -8.2675087
          ],
          [
            111.8126303,
            -8.2678007
          ],
          [
            111.8126222,
            -8.2679732
          ],
          [
            111.8126732,
            -8.2680555
          ],
          [
            111.8128154,
            -8.2681404
          ],
          [
            111.8130192,
            -8.2681723
          ],
          [
            111.8132499,
            -8.268159
          ],
          [
            111.8134779,
            -8.2681564
          ],
          [
            111.813667,
            -8.2682002
          ],
          [
            111.8137729,
            -8.2682373
          ],
          [
            111.8138695,
            -8.2683209
          ],
          [
            111.8139674,
            -8.2684417
          ],
          [
            111.8140747,
            -8.2685306
          ],
          [
            111.8141726,
            -8.2685638
          ],
          [
            111.814304,
            -8.2685532
          ],
          [
            111.8144032,
            -8.2685174
          ],
          [
            111.8145306,
            -8.2684377
          ],
          [
            111.8146889,
            -8.268305
          ],
          [
            111.8147774,
            -8.2682572
          ],
          [
            111.8149008,
            -8.2682121
          ],
          [
            111.8150255,
            -8.2681935
          ],
          [
            111.8151066,
            -8.2681988
          ],
          [
            111.815167,
            -8.2682207
          ],
          [
            111.8152092,
            -8.2682652
          ],
          [
            111.8153957,
            -8.2685704
          ],
          [
            111.8155324,
            -8.2687934
          ],
          [
            111.815637,
            -8.2692048
          ],
          [
            111.8157001,
            -8.2694676
          ],
          [
            111.8156773,
            -8.2696043
          ],
          [
            111.8156552,
            -8.2696999
          ],
          [
            111.8156163,
            -8.2697403
          ],
          [
            111.8155432,
            -8.2697463
          ],
          [
            111.8154909,
            -8.2697304
          ],
          [
            111.8154339,
            -8.2697264
          ],
          [
            111.8153661,
            -8.2697543
          ],
          [
            111.8153299,
            -8.2697748
          ],
          [
            111.8153038,
            -8.2698113
          ],
          [
            111.815275,
            -8.2698472
          ],
          [
            111.8152361,
            -8.2698671
          ],
          [
            111.8151831,
            -8.2698704
          ],
          [
            111.8151368,
            -8.2698711
          ],
          [
            111.8150208,
            -8.2698518
          ],
          [
            111.8149129,
            -8.2698419
          ],
          [
            111.8146151,
            -8.2698127
          ],
          [
            111.814422,
            -8.269887
          ],
          [
            111.8141645,
            -8.2700489
          ],
          [
            111.8139724,
            -8.2702725
          ],
          [
            111.8139178,
            -8.2705373
          ],
          [
            111.8139392,
            -8.2709514
          ],
          [
            111.8140358,
            -8.2716096
          ],
          [
            111.8142718,
            -8.2720821
          ],
          [
            111.8144917,
            -8.2724378
          ],
          [
            111.8146393,
            -8.2726183
          ],
          [
            111.8148056,
            -8.272682
          ],
          [
            111.8150175,
            -8.2727457
          ],
          [
            111.8153407,
            -8.2727364
          ],
          [
            111.8155056,
            -8.2727191
          ],
          [
            111.815574,
            -8.2726966
          ],
          [
            111.8156317,
            -8.2726554
          ],
          [
            111.8157537,
            -8.2724935
          ],
          [
            111.8158154,
            -8.2724577
          ],
          [
            111.8158972,
            -8.2724272
          ],
          [
            111.8159468,
            -8.2724258
          ],
          [
            111.8159924,
            -8.2724391
          ],
          [
            111.8160213,
            -8.2724564
          ],
          [
            111.8160387,
            -8.2724929
          ],
          [
            111.8160501,
            -8.2725572
          ],
          [
            111.8160595,
            -8.2725824
          ],
          [
            111.8160816,
            -8.272599
          ],
          [
            111.8161326,
            -8.2726123
          ],
          [
            111.8162023,
            -8.2726548
          ],
          [
            111.8163559,
            -8.2727297
          ],
          [
            111.816498,
            -8.2727802
          ],
          [
            111.8167381,
            -8.2728386
          ],
          [
            111.8168575,
            -8.2727842
          ],
          [
            111.8169755,
            -8.2727483
          ],
          [
            111.8170546,
            -8.2727311
          ],
          [
            111.8171498,
            -8.2727616
          ],
          [
            111.817186,
            -8.272812
          ],
          [
            111.8172021,
            -8.2728857
          ],
          [
            111.8171994,
            -8.2729633
          ],
          [
            111.8171766,
            -8.2730861
          ],
          [
            111.817186,
            -8.2731213
          ],
          [
            111.8172222,
            -8.2731359
          ],
          [
            111.8172772,
            -8.2731332
          ],
          [
            111.8173724,
            -8.2730788
          ],
          [
            111.8175401,
            -8.2730217
          ],
          [
            111.8178311,
            -8.2729341
          ],
          [
            111.8180242,
            -8.2728943
          ],
          [
            111.8181664,
            -8.2728067
          ],
          [
            111.8182147,
            -8.2726501
          ],
          [
            111.8181825,
            -8.2725174
          ],
          [
            111.8179947,
            -8.2723502
          ],
          [
            111.8179089,
            -8.272244
          ],
          [
            111.8178713,
            -8.2721458
          ],
          [
            111.8178713,
            -8.2719812
          ],
          [
            111.8179035,
            -8.2718565
          ],
          [
            111.8180671,
            -8.2716521
          ],
          [
            111.8182307,
            -8.2715459
          ],
          [
            111.8183649,
            -8.2714477
          ],
          [
            111.8184051,
            -8.2713256
          ],
          [
            111.8184037,
            -8.2711637
          ],
          [
            111.8183957,
            -8.2710217
          ],
          [
            111.8184091,
            -8.2709354
          ],
          [
            111.8184373,
            -8.2708704
          ],
          [
            111.8184882,
            -8.2708027
          ],
          [
            111.81857,
            -8.2707496
          ],
          [
            111.818672,
            -8.2707058
          ],
          [
            111.8188986,
            -8.2706169
          ],
          [
            111.8190743,
            -8.2705758
          ],
          [
            111.8192366,
            -8.2705877
          ],
          [
            111.8194243,
            -8.2706673
          ],
          [
            111.8196899,
            -8.2707656
          ],
          [
            111.8199313,
            -8.2708054
          ],
          [
            111.8201968,
            -8.270824
          ],
          [
            111.8208164,
            -8.2707072
          ],
          [
            111.8211919,
            -8.2705798
          ],
          [
            111.8216532,
            -8.2704895
          ],
          [
            111.8219429,
            -8.270463
          ],
          [
            111.8221629,
            -8.2704895
          ],
          [
            111.8224204,
            -8.2706275
          ],
          [
            111.8229139,
            -8.2710575
          ],
          [
            111.8236113,
            -8.2716256
          ],
          [
            111.8244052,
            -8.2720821
          ],
          [
            111.8246466,
            -8.2721564
          ],
          [
            111.8251187,
            -8.2722732
          ],
          [
            111.8254352,
            -8.2723581
          ],
          [
            111.8258697,
            -8.2725068
          ],
          [
            111.8261594,
            -8.2726236
          ],
          [
            111.8265724,
            -8.2727457
          ],
          [
            111.8268728,
            -8.2727828
          ],
          [
            111.8270928,
            -8.2727563
          ],
          [
            111.8274039,
            -8.2727138
          ],
          [
            111.8277794,
            -8.2725891
          ],
          [
            111.8279618,
            -8.2725333
          ],
          [
            111.8283319,
            -8.272459
          ],
          [
            111.8285358,
            -8.2724192
          ],
          [
            111.8286163,
            -8.2724577
          ],
          [
            111.8286726,
            -8.272524
          ],
          [
            111.8287048,
            -8.2726714
          ],
          [
            111.82869,
            -8.272743
          ],
          [
            111.8286511,
            -8.2727934
          ],
          [
            111.8285331,
            -8.2728359
          ],
          [
            111.8282515,
            -8.2729607
          ],
          [
            111.8279994,
            -8.2730921
          ],
          [
            111.8278559,
            -8.2731942
          ],
          [
            111.8277694,
            -8.2732739
          ],
          [
            111.8277425,
            -8.2733044
          ],
          [
            111.8277365,
            -8.2733455
          ],
          [
            111.8277412,
            -8.2733761
          ],
          [
            111.8277593,
            -8.2734013
          ],
          [
            111.8277901,
            -8.2734272
          ],
          [
            111.8278304,
            -8.2734325
          ],
          [
            111.8279001,
            -8.2734358
          ],
          [
            111.8279551,
            -8.273465
          ],
          [
            111.8280061,
            -8.2735128
          ],
          [
            111.8280557,
            -8.2735818
          ],
          [
            111.8281013,
            -8.2736123
          ],
          [
            111.8282139,
            -8.2736442
          ],
          [
            111.8284419,
            -8.2736587
          ],
          [
            111.8286739,
            -8.2736282
          ],
          [
            111.8287531,
            -8.2736017
          ],
          [
            111.8287799,
            -8.2735639
          ],
          [
            111.8287913,
            -8.2735234
          ],
          [
            111.8288007,
            -8.2734882
          ],
          [
            111.8288255,
            -8.2734504
          ],
          [
            111.8288624,
            -8.2734232
          ],
          [
            111.828969,
            -8.2733946
          ],
          [
            111.8291098,
            -8.2733721
          ],
          [
            111.8293123,
            -8.2733761
          ],
          [
            111.8293941,
            -8.273388
          ],
          [
            111.8294732,
            -8.2734185
          ],
          [
            111.8296114,
            -8.2735327
          ],
          [
            111.8296784,
            -8.2736654
          ],
          [
            111.8296865,
            -8.2737702
          ],
          [
            111.8296798,
            -8.2738937
          ],
          [
            111.8296503,
            -8.274025
          ],
          [
            111.8295738,
            -8.2743064
          ],
          [
            111.8295604,
            -8.2745134
          ],
          [
            111.8295282,
            -8.2746223
          ],
          [
            111.8294665,
            -8.2747045
          ],
          [
            111.8292975,
            -8.2748001
          ],
          [
            111.8291822,
            -8.2748452
          ],
          [
            111.8289542,
            -8.2749036
          ],
          [
            111.8287879,
            -8.2748956
          ],
          [
            111.8285894,
            -8.2748744
          ],
          [
            111.8283521,
            -8.2749209
          ],
          [
            111.8281589,
            -8.2750045
          ],
          [
            111.8279766,
            -8.2751146
          ],
          [
            111.8278652,
            -8.2752248
          ],
          [
            111.827829,
            -8.275311
          ],
          [
            111.8278223,
            -8.2754849
          ],
          [
            111.8278813,
            -8.275822
          ],
          [
            111.827943,
            -8.2759335
          ],
          [
            111.8280852,
            -8.2760821
          ],
          [
            111.8282314,
            -8.2762002
          ],
          [
            111.8283145,
            -8.2762122
          ],
          [
            111.828391,
            -8.2762082
          ],
          [
            111.8284419,
            -8.276187
          ],
          [
            111.8284862,
            -8.2761312
          ],
          [
            111.828572,
            -8.2759547
          ],
          [
            111.828635,
            -8.2758631
          ],
          [
            111.8287155,
            -8.2757822
          ],
          [
            111.828808,
            -8.2757171
          ],
          [
            111.8289086,
            -8.275684
          ],
          [
            111.8290132,
            -8.2756893
          ],
          [
            111.8290736,
            -8.2757132
          ],
          [
            111.8291688,
            -8.2757968
          ],
          [
            111.8292224,
            -8.2758883
          ],
          [
            111.8292814,
            -8.2760158
          ],
          [
            111.8293539,
            -8.2762162
          ],
          [
            111.8293659,
            -8.2762745
          ],
          [
            111.8293525,
            -8.2763436
          ],
          [
            111.829323,
            -8.2764112
          ],
          [
            111.8292533,
            -8.2764988
          ],
          [
            111.8292345,
            -8.2765572
          ],
          [
            111.8292466,
            -8.2766302
          ],
          [
            111.829268,
            -8.2766727
          ],
          [
            111.829323,
            -8.2767377
          ],
          [
            111.8293726,
            -8.2768386
          ],
          [
            111.8294021,
            -8.2769156
          ],
          [
            111.8294276,
            -8.2769912
          ],
          [
            111.8294256,
            -8.277043
          ],
          [
            111.8294172,
            -8.2770931
          ],
          [
            111.8293991,
            -8.2771047
          ],
          [
            111.8293713,
            -8.2771166
          ],
          [
            111.8293331,
            -8.2771186
          ],
          [
            111.8292965,
            -8.2771223
          ],
          [
            111.8292684,
            -8.2771296
          ],
          [
            111.8292211,
            -8.2771538
          ],
          [
            111.8291192,
            -8.2772142
          ],
          [
            111.8290722,
            -8.2772573
          ],
          [
            111.829032,
            -8.277327
          ],
          [
            111.8289998,
            -8.2774491
          ],
          [
            111.8289475,
            -8.2776096
          ],
          [
            111.8289636,
            -8.2776614
          ],
          [
            111.8290186,
            -8.2777264
          ],
          [
            111.8290719,
            -8.2777815
          ],
          [
            111.8290997,
            -8.2777868
          ],
          [
            111.8291333,
            -8.2777848
          ],
          [
            111.8291631,
            -8.2777619
          ],
          [
            111.8291896,
            -8.2776972
          ],
          [
            111.8292218,
            -8.2776753
          ],
          [
            111.8292747,
            -8.2776581
          ],
          [
            111.8293257,
            -8.2776627
          ],
          [
            111.8293767,
            -8.2776733
          ],
          [
            111.8294705,
            -8.2777092
          ],
          [
            111.8296033,
            -8.2777397
          ],
          [
            111.8297267,
            -8.277757
          ],
          [
            111.8300486,
            -8.2777835
          ],
          [
            111.8302739,
            -8.2777729
          ],
          [
            111.8305367,
            -8.2776932
          ],
          [
            111.8307298,
            -8.2776879
          ],
          [
            111.8309686,
            -8.2776959
          ],
          [
            111.8313655,
            -8.2777729
          ],
          [
            111.8316177,
            -8.2778764
          ],
          [
            111.8318027,
            -8.2779932
          ],
          [
            111.8319073,
            -8.27811
          ],
          [
            111.8320441,
            -8.2782613
          ],
          [
            111.832146,
            -8.2784205
          ],
          [
            111.8323003,
            -8.2785731
          ],
          [
            111.8323942,
            -8.2786488
          ],
          [
            111.8324733,
            -8.278739
          ],
          [
            111.8325028,
            -8.278816
          ],
          [
            111.8325001,
            -8.2788678
          ],
          [
            111.83248,
            -8.2789248
          ],
          [
            111.8324116,
            -8.2790058
          ],
          [
            111.832256,
            -8.2791252
          ],
          [
            111.8321782,
            -8.2791916
          ],
          [
            111.8321326,
            -8.2792898
          ],
          [
            111.8321165,
            -8.2793694
          ],
          [
            111.8321286,
            -8.2794623
          ],
          [
            111.832193,
            -8.2796216
          ],
          [
            111.8322748,
            -8.2797357
          ],
          [
            111.8324129,
            -8.27981
          ],
          [
            111.8325457,
            -8.2798167
          ],
          [
            111.8326342,
            -8.2798339
          ],
          [
            111.8327013,
            -8.2798751
          ],
          [
            111.8327214,
            -8.2799295
          ],
          [
            111.8327241,
            -8.2799945
          ],
          [
            111.8326905,
            -8.2800635
          ],
          [
            111.8325672,
            -8.2802254
          ],
          [
            111.8324974,
            -8.2804298
          ],
          [
            111.8325028,
            -8.2806236
          ],
          [
            111.8325497,
            -8.2809301
          ],
          [
            111.8325926,
            -8.281019
          ],
          [
            111.832649,
            -8.2810734
          ],
          [
            111.8327254,
            -8.2811013
          ],
          [
            111.8329748,
            -8.2811252
          ],
          [
            111.8333209,
            -8.2811438
          ],
          [
            111.8335918,
            -8.2811332
          ],
          [
            111.8338439,
            -8.2811783
          ],
          [
            111.8339699,
            -8.2812048
          ],
          [
            111.8341631,
            -8.281242
          ],
          [
            111.8343803,
            -8.2812314
          ],
          [
            111.8347035,
            -8.281169
          ],
          [
            111.8348497,
            -8.2810894
          ],
          [
            111.834965,
            -8.2810071
          ],
          [
            111.8350321,
            -8.2808147
          ],
          [
            111.835067,
            -8.2807377
          ],
          [
            111.8351099,
            -8.2806886
          ],
          [
            111.8351971,
            -8.2806766
          ],
          [
            111.835248,
            -8.2806873
          ],
          [
            111.8353258,
            -8.2807629
          ],
          [
            111.8354009,
            -8.2808545
          ],
          [
            111.8354975,
            -8.2809394
          ],
          [
            111.8356074,
            -8.2810588
          ],
          [
            111.8356919,
            -8.2811093
          ],
          [
            111.8357643,
            -8.2811358
          ],
          [
            111.8358301,
            -8.2811279
          ],
          [
            111.835873,
            -8.2810748
          ],
          [
            111.8358824,
            -8.2810257
          ],
          [
            111.8358944,
            -8.2809235
          ],
          [
            111.8359213,
            -8.2808425
          ],
          [
            111.8359722,
            -8.280808
          ],
          [
            111.8360245,
            -8.2807914
          ],
          [
            111.8360929,
            -8.2807948
          ],
          [
            111.8361875,
            -8.2808173
          ],
          [
            111.8363893,
            -8.2809235
          ],
          [
            111.8364966,
            -8.2809553
          ],
          [
            111.8366012,
            -8.2809553
          ],
          [
            111.8367246,
            -8.2809686
          ],
          [
            111.8368466,
            -8.2810257
          ],
          [
            111.8369284,
            -8.2811146
          ],
          [
            111.8369767,
            -8.2812128
          ],
          [
            111.8370491,
            -8.2812898
          ],
          [
            111.8371779,
            -8.28138
          ],
          [
            111.8373039,
            -8.28138
          ],
          [
            111.8374595,
            -8.2813747
          ],
          [
            111.8377894,
            -8.2813827
          ],
          [
            111.838299,
            -8.2814835
          ],
          [
            111.8386424,
            -8.2815313
          ],
          [
            111.8391198,
            -8.2815313
          ],
          [
            111.8396133,
            -8.2814835
          ],
          [
            111.8401068,
            -8.2815419
          ],
          [
            111.8403321,
            -8.2815419
          ],
          [
            111.8404984,
            -8.2814941
          ],
          [
            111.8406916,
            -8.2814092
          ],
          [
            111.8409812,
            -8.2812712
          ],
          [
            111.8411905,
            -8.2812287
          ],
          [
            111.8413621,
            -8.2812181
          ],
          [
            111.8415874,
            -8.281319
          ],
          [
            111.8417296,
            -8.2814344
          ],
          [
            111.8418838,
            -8.2815844
          ],
          [
            111.8422352,
            -8.2818326
          ],
          [
            111.8423948,
            -8.2819347
          ],
          [
            111.8425208,
            -8.2819799
          ],
          [
            111.8426321,
            -8.2820024
          ],
          [
            111.8426791,
            -8.2819865
          ],
          [
            111.8427367,
            -8.281952
          ],
          [
            111.8428212,
            -8.2818963
          ],
          [
            111.8429446,
            -8.2818538
          ],
          [
            111.8430895,
            -8.2818153
          ],
          [
            111.8431954,
            -8.2818073
          ],
          [
            111.8432745,
            -8.2817821
          ],
          [
            111.8432946,
            -8.2817675
          ],
          [
            111.8433034,
            -8.2817463
          ],
          [
            111.8432926,
            -8.2817025
          ],
          [
            111.8432155,
            -8.2814729
          ],
          [
            111.8431438,
            -8.2812845
          ],
          [
            111.843133,
            -8.2812088
          ],
          [
            111.8431337,
            -8.281173
          ],
          [
            111.8431605,
            -8.2811345
          ],
          [
            111.8432048,
            -8.2811186
          ],
          [
            111.8432651,
            -8.2811186
          ],
          [
            111.8433302,
            -8.2811093
          ],
          [
            111.8433523,
            -8.2811013
          ],
          [
            111.8433731,
            -8.2810887
          ],
          [
            111.8433738,
            -8.2810376
          ],
          [
            111.843347,
            -8.2809912
          ],
          [
            111.8433201,
            -8.2809713
          ],
          [
            111.8431659,
            -8.2809447
          ],
          [
            111.8430586,
            -8.2809434
          ],
          [
            111.8426684,
            -8.2809421
          ],
          [
            111.8424886,
            -8.2809182
          ],
          [
            111.8423626,
            -8.2808784
          ],
          [
            111.8422794,
            -8.2807722
          ],
          [
            111.8421265,
            -8.2805784
          ],
          [
            111.8419817,
            -8.2804404
          ],
          [
            111.8418583,
            -8.2803263
          ],
          [
            111.8417296,
            -8.2802334
          ],
          [
            111.8416035,
            -8.2800821
          ],
          [
            111.8415257,
            -8.2799441
          ],
          [
            111.8414962,
            -8.2798366
          ],
          [
            111.8414962,
            -8.2797569
          ],
          [
            111.8415284,
            -8.2796866
          ],
          [
            111.8416089,
            -8.2796441
          ],
          [
            111.8416491,
            -8.2796043
          ],
          [
            111.8416518,
            -8.2795181
          ],
          [
            111.8415499,
            -8.2793734
          ],
          [
            111.8414614,
            -8.2792195
          ],
          [
            111.8414265,
            -8.2789514
          ],
          [
            111.8414211,
            -8.2787974
          ],
          [
            111.8414533,
            -8.2787125
          ],
          [
            111.8415673,
            -8.2785798
          ],
          [
            111.841637,
            -8.2785373
          ],
          [
            111.8416518,
            -8.2784882
          ],
          [
            111.8416505,
            -8.2784139
          ],
          [
            111.8416357,
            -8.2782984
          ],
          [
            111.8415794,
            -8.278175
          ],
          [
            111.8413836,
            -8.278037
          ],
          [
            111.841342,
            -8.2779666
          ],
          [
            111.8413246,
            -8.2778844
          ],
          [
            111.841338,
            -8.27781
          ],
          [
            111.841397,
            -8.2777317
          ],
          [
            111.8414949,
            -8.277668
          ],
          [
            111.8415727,
            -8.2776375
          ],
          [
            111.8417188,
            -8.2776641
          ],
          [
            111.8418771,
            -8.2777145
          ],
          [
            111.8420729,
            -8.2778021
          ],
          [
            111.842199,
            -8.277826
          ],
          [
            111.8423907,
            -8.277826
          ],
          [
            111.8424444,
            -8.2777862
          ],
          [
            111.8424645,
            -8.2777198
          ],
          [
            111.8424323,
            -8.2776004
          ],
          [
            111.8423438,
            -8.2774756
          ],
          [
            111.8422016,
            -8.2773509
          ],
          [
            111.8420635,
            -8.2771916
          ],
          [
            111.8419562,
            -8.2770808
          ],
          [
            111.8419153,
            -8.2770622
          ],
          [
            111.8418764,
            -8.2770708
          ],
          [
            111.8418355,
            -8.277096
          ],
          [
            111.8418033,
            -8.2771252
          ],
          [
            111.8417671,
            -8.2771757
          ],
          [
            111.8417276,
            -8.2772095
          ],
          [
            111.841684,
            -8.2772075
          ],
          [
            111.8416438,
            -8.2771889
          ],
          [
            111.8415995,
            -8.2771359
          ],
          [
            111.8415847,
            -8.2770576
          ],
          [
            111.8415861,
            -8.2769487
          ],
          [
            111.8415767,
            -8.2768598
          ],
          [
            111.8415378,
            -8.2767576
          ],
          [
            111.8415096,
            -8.2766886
          ],
          [
            111.8415003,
            -8.2766315
          ],
          [
            111.841517,
            -8.2765824
          ],
          [
            111.8415485,
            -8.2765532
          ],
          [
            111.8415861,
            -8.2765254
          ],
          [
            111.8417269,
            -8.2764338
          ],
          [
            111.8417879,
            -8.2764106
          ],
          [
            111.8418221,
            -8.2763966
          ],
          [
            111.8418396,
            -8.2763814
          ],
          [
            111.8418449,
            -8.2763681
          ],
          [
            111.8418436,
            -8.2763522
          ],
          [
            111.8418355,
            -8.2763024
          ],
          [
            111.8418121,
            -8.276258
          ],
          [
            111.8417631,
            -8.2761637
          ],
          [
            111.8416062,
            -8.2760702
          ],
          [
            111.8414801,
            -8.2760025
          ],
          [
            111.841287,
            -8.2759945
          ],
          [
            111.841161,
            -8.2760264
          ],
          [
            111.8409491,
            -8.2760768
          ],
          [
            111.8407693,
            -8.2760954
          ],
          [
            111.8406594,
            -8.2760795
          ],
          [
            111.8404824,
            -8.2760343
          ],
          [
            111.8402705,
            -8.2759175
          ],
          [
            111.840186,
            -8.2758472
          ],
          [
            111.8401605,
            -8.2758008
          ],
          [
            111.8401524,
            -8.2757264
          ],
          [
            111.8401846,
            -8.2755858
          ],
          [
            111.8402222,
            -8.2754637
          ],
          [
            111.8402624,
            -8.2752911
          ],
          [
            111.8402195,
            -8.2751929
          ],
          [
            111.8401122,
            -8.275108
          ],
          [
            111.8399808,
            -8.2750045
          ],
          [
            111.8398279,
            -8.2749248
          ],
          [
            111.8397193,
            -8.2748439
          ],
          [
            111.8396562,
            -8.2747125
          ],
          [
            111.8396375,
            -8.2745453
          ],
          [
            111.8396455,
            -8.2743781
          ],
          [
            111.8397367,
            -8.2742215
          ],
          [
            111.8397984,
            -8.2741259
          ],
          [
            111.8398547,
            -8.2740728
          ],
          [
            111.8399171,
            -8.2740489
          ],
          [
            111.8399701,
            -8.2740536
          ],
          [
            111.8400579,
            -8.274108
          ],
          [
            111.840139,
            -8.2741816
          ],
          [
            111.8404663,
            -8.2744444
          ],
          [
            111.8406031,
            -8.2744948
          ],
          [
            111.8407211,
            -8.2744975
          ],
          [
            111.8407747,
            -8.2744895
          ],
          [
            111.8408217,
            -8.2744418
          ],
          [
            111.8408284,
            -8.274256
          ],
          [
            111.8408371,
            -8.2741883
          ],
          [
            111.8408592,
            -8.2741518
          ],
          [
            111.8408833,
            -8.2741352
          ],
          [
            111.8409283,
            -8.2741332
          ],
          [
            111.8409933,
            -8.2741551
          ],
          [
            111.8410496,
            -8.2741936
          ],
          [
            111.8411958,
            -8.2742692
          ],
          [
            111.841346,
            -8.2743197
          ],
          [
            111.841456,
            -8.2743455
          ],
          [
            111.8415117,
            -8.2743489
          ],
          [
            111.8415626,
            -8.2743356
          ],
          [
            111.8415861,
            -8.2742948
          ],
          [
            111.8416106,
            -8.2742699
          ],
          [
            111.8416438,
            -8.2742483
          ],
          [
            111.841688,
            -8.2742307
          ],
          [
            111.8418047,
            -8.2741976
          ],
          [
            111.8419106,
            -8.2741544
          ],
          [
            111.8419676,
            -8.2741412
          ],
          [
            111.8420333,
            -8.2741352
          ],
          [
            111.8420595,
            -8.2741233
          ],
          [
            111.8420722,
            -8.2741087
          ],
          [
            111.8420763,
            -8.2740814
          ],
          [
            111.8420642,
            -8.2740509
          ],
          [
            111.8419991,
            -8.2739786
          ],
          [
            111.8419267,
            -8.2738883
          ],
          [
            111.8417993,
            -8.2737649
          ],
          [
            111.8417256,
            -8.2737012
          ],
          [
            111.8415526,
            -8.2736057
          ],
          [
            111.8413004,
            -8.2734438
          ],
          [
            111.8411395,
            -8.2733031
          ],
          [
            111.8410745,
            -8.273114
          ],
          [
            111.8410255,
            -8.2730071
          ],
          [
            111.8409786,
            -8.2729534
          ],
          [
            111.8409269,
            -8.2729056
          ],
          [
            111.8408713,
            -8.2728658
          ],
          [
            111.840827,
            -8.2728359
          ],
          [
            111.8408183,
            -8.2728207
          ],
          [
            111.8408203,
            -8.2728067
          ],
          [
            111.840829,
            -8.2727978
          ],
          [
            111.8408451,
            -8.2727835
          ],
          [
            111.8408666,
            -8.2727669
          ],
          [
            111.8409786,
            -8.2727005
          ],
          [
            111.8411274,
            -8.2726037
          ],
          [
            111.8412401,
            -8.2725254
          ],
          [
            111.8414345,
            -8.272455
          ],
          [
            111.8415821,
            -8.2723887
          ],
          [
            111.8417068,
            -8.272321
          ],
          [
            111.841798,
            -8.2722944
          ],
          [
            111.841912,
            -8.2722838
          ],
          [
            111.8420649,
            -8.2722865
          ],
          [
            111.842152,
            -8.2722745
          ],
          [
            111.8422191,
            -8.2722586
          ],
          [
            111.842254,
            -8.2722374
          ],
          [
            111.842262,
            -8.2721982
          ],
          [
            111.8422533,
            -8.2721531
          ],
          [
            111.8422157,
            -8.2720509
          ],
          [
            111.8421829,
            -8.2719733
          ],
          [
            111.8421319,
            -8.2718844
          ],
          [
            111.8420273,
            -8.2718074
          ],
          [
            111.8419576,
            -8.2717755
          ],
          [
            111.8418919,
            -8.2717596
          ],
          [
            111.841794,
            -8.2717623
          ],
          [
            111.8416893,
            -8.2717662
          ],
          [
            111.8415914,
            -8.271753
          ],
          [
            111.8414412,
            -8.2716985
          ],
          [
            111.8411905,
            -8.271607
          ],
          [
            111.8410268,
            -8.2715565
          ],
          [
            111.840831,
            -8.27153
          ],
          [
            111.8406513,
            -8.2715433
          ],
          [
            111.8405186,
            -8.2715473
          ],
          [
            111.8404274,
            -8.2715287
          ],
          [
            111.8403751,
            -8.2714663
          ],
          [
            111.8403617,
            -8.271311
          ],
          [
            111.8403885,
            -8.2710708
          ],
          [
            111.8404207,
            -8.270804
          ],
          [
            111.8404475,
            -8.2706992
          ],
          [
            111.8404824,
            -8.2706541
          ],
          [
            111.8405326,
            -8.2706196
          ],
          [
            111.8406138,
            -8.2705804
          ],
          [
            111.8406822,
            -8.2705691
          ],
          [
            111.8407526,
            -8.2705419
          ],
          [
            111.8408297,
            -8.2704431
          ],
          [
            111.8409075,
            -8.2703249
          ],
          [
            111.8410215,
            -8.2701113
          ],
          [
            111.8410523,
            -8.2700224
          ],
          [
            111.8410604,
            -8.2699308
          ],
          [
            111.8410027,
            -8.2697569
          ],
          [
            111.8408914,
            -8.2696162
          ],
          [
            111.8407533,
            -8.2695074
          ],
          [
            111.84065,
            -8.2694636
          ],
          [
            111.8405373,
            -8.2694331
          ],
          [
            111.8404153,
            -8.2694198
          ],
          [
            111.8403362,
            -8.269384
          ],
          [
            111.8402745,
            -8.2693216
          ],
          [
            111.8402316,
            -8.2692499
          ],
          [
            111.8401793,
            -8.2690694
          ],
          [
            111.8401605,
            -8.2688491
          ],
          [
            111.8401954,
            -8.2687058
          ],
          [
            111.8402892,
            -8.2685678
          ],
          [
            111.840359,
            -8.2684775
          ],
          [
            111.8405333,
            -8.2683342
          ],
          [
            111.8406701,
            -8.2682904
          ],
          [
            111.840772,
            -8.2682705
          ],
          [
            111.840878,
            -8.2681962
          ],
          [
            111.8409048,
            -8.2680767
          ],
          [
            111.8408927,
            -8.2679706
          ],
          [
            111.8407975,
            -8.2678047
          ],
          [
            111.8407036,
            -8.2676653
          ],
          [
            111.8406259,
            -8.267599
          ],
          [
            111.840532,
            -8.2675671
          ],
          [
            111.8403898,
            -8.2675326
          ],
          [
            111.840241,
            -8.2674769
          ],
          [
            111.8400076,
            -8.267368
          ],
          [
            111.8397152,
            -8.2672592
          ],
          [
            111.8394309,
            -8.2672645
          ],
          [
            111.8390927,
            -8.2673676
          ],
          [
            111.8387228,
            -8.2674689
          ],
          [
            111.8385699,
            -8.2674795
          ],
          [
            111.8384519,
            -8.2674477
          ],
          [
            111.838299,
            -8.2672964
          ],
          [
            111.8382078,
            -8.2670999
          ],
          [
            111.8381515,
            -8.2669301
          ],
          [
            111.8381488,
            -8.2668318
          ],
          [
            111.838173,
            -8.2667177
          ],
          [
            111.8383151,
            -8.2665346
          ],
          [
            111.8384734,
            -8.2663886
          ],
          [
            111.8386424,
            -8.2661683
          ],
          [
            111.8387926,
            -8.265802
          ],
          [
            111.8388194,
            -8.2654038
          ],
          [
            111.8387282,
            -8.2649897
          ],
          [
            111.8386209,
            -8.2646447
          ],
          [
            111.8384492,
            -8.2644376
          ],
          [
            111.8381059,
            -8.2643792
          ],
          [
            111.8377948,
            -8.2644456
          ],
          [
            111.8375882,
            -8.2646128
          ],
          [
            111.8373817,
            -8.2647296
          ],
          [
            111.8371189,
            -8.2648092
          ],
          [
            111.8370169,
            -8.264796
          ],
          [
            111.8369365,
            -8.2647535
          ],
          [
            111.8367809,
            -8.2645332
          ],
          [
            111.8366387,
            -8.2643394
          ],
          [
            111.8363866,
            -8.2641377
          ],
          [
            111.836215,
            -8.2640527
          ],
          [
            111.8360296,
            -8.2640335
          ],
          [
            111.8357939,
            -8.2641722
          ],
          [
            111.8356812,
            -8.2642969
          ],
          [
            111.835582,
            -8.2643341
          ],
          [
            111.8354773,
            -8.2643076
          ],
          [
            111.8354385,
            -8.2642837
          ],
          [
            111.8353862,
            -8.2641881
          ],
          [
            111.8353271,
            -8.2639466
          ],
          [
            111.8353084,
            -8.2637395
          ],
          [
            111.8353003,
            -8.2634343
          ],
          [
            111.8352869,
            -8.2632697
          ],
          [
            111.8353111,
            -8.2629591
          ],
          [
            111.8353432,
            -8.2626751
          ],
          [
            111.8355471,
            -8.2619186
          ],
          [
            111.8356463,
            -8.2616505
          ],
          [
            111.8357684,
            -8.2614661
          ],
          [
            111.8359078,
            -8.2613413
          ],
          [
            111.8360232,
            -8.2613068
          ],
          [
            111.8361801,
            -8.2613002
          ],
          [
            111.8363625,
            -8.2613267
          ],
          [
            111.8365194,
            -8.2613015
          ],
          [
            111.8366508,
            -8.2612166
          ],
          [
            111.8367568,
            -8.2610905
          ],
          [
            111.8368587,
            -8.2610453
          ],
          [
            111.8370599,
            -8.2610135
          ],
          [
            111.837253,
            -8.2610188
          ],
          [
            111.8378618,
            -8.2610268
          ],
          [
            111.8381126,
            -8.2610321
          ],
          [
            111.8382025,
            -8.2610042
          ],
          [
            111.8383178,
            -8.2609339
          ],
          [
            111.8383916,
            -8.2608011
          ],
          [
            111.8384466,
            -8.2607507
          ],
          [
            111.8385109,
            -8.2607136
          ],
          [
            111.8385968,
            -8.2606963
          ],
          [
            111.8386279,
            -8.2606824
          ],
          [
            111.8386343,
            -8.2606598
          ],
          [
            111.83863,
            -8.2606279
          ],
          [
            111.8385787,
            -8.2605938
          ],
          [
            111.8385324,
            -8.2605317
          ],
          [
            111.8384694,
            -8.2604534
          ],
          [
            111.8384184,
            -8.2603472
          ],
          [
            111.8383983,
            -8.2602132
          ],
          [
            111.8384251,
            -8.2600977
          ],
          [
            111.8384948,
            -8.2599199
          ],
          [
            111.8386504,
            -8.2596332
          ],
          [
            111.8388113,
            -8.2594235
          ],
          [
            111.8389723,
            -8.2591395
          ],
          [
            111.8391305,
            -8.2588581
          ],
          [
            111.8392405,
            -8.2587758
          ],
          [
            111.8394256,
            -8.2587307
          ],
          [
            111.8397582,
            -8.2587068
          ],
          [
            111.840072,
            -8.2587812
          ],
          [
            111.840367,
            -8.2588741
          ],
          [
            111.8406621,
            -8.259036
          ],
          [
            111.8408605,
            -8.2591846
          ],
          [
            111.8409625,
            -8.2593041
          ],
          [
            111.8410134,
            -8.2593996
          ],
          [
            111.8410215,
            -8.259527
          ],
          [
            111.8410349,
            -8.2597394
          ],
          [
            111.8410242,
            -8.2599225
          ],
          [
            111.8409853,
            -8.260042
          ],
          [
            111.840933,
            -8.2600924
          ],
          [
            111.840772,
            -8.2601721
          ],
          [
            111.840587,
            -8.2602729
          ],
          [
            111.840485,
            -8.2603658
          ],
          [
            111.8404502,
            -8.2605012
          ],
          [
            111.8404421,
            -8.260626
          ],
          [
            111.8404984,
            -8.2607666
          ],
          [
            111.8405816,
            -8.2608781
          ],
          [
            111.8407184,
            -8.2609657
          ],
          [
            111.8409973,
            -8.2610347
          ],
          [
            111.8411368,
            -8.2611037
          ],
          [
            111.8413112,
            -8.2612258
          ],
          [
            111.8414667,
            -8.2613878
          ],
          [
            111.8415767,
            -8.2615019
          ],
          [
            111.8416947,
            -8.2616612
          ],
          [
            111.8417242,
            -8.2617833
          ],
          [
            111.8417028,
            -8.2619558
          ],
          [
            111.8416089,
            -8.2621894
          ],
          [
            111.8415472,
            -8.262407
          ],
          [
            111.8415686,
            -8.2625557
          ],
          [
            111.8416303,
            -8.2626619
          ],
          [
            111.8417698,
            -8.2628424
          ],
          [
            111.8417376,
            -8.2630467
          ],
          [
            111.84168,
            -8.2631609
          ],
          [
            111.8416035,
            -8.2632286
          ],
          [
            111.8415217,
            -8.2632949
          ],
          [
            111.8414828,
            -8.2634038
          ],
          [
            111.8414855,
            -8.2635166
          ],
          [
            111.8414801,
            -8.2636214
          ],
          [
            111.8414493,
            -8.2637103
          ],
          [
            111.8413889,
            -8.2638019
          ],
          [
            111.8413635,
            -8.263865
          ],
          [
            111.8413749,
            -8.2639048
          ],
          [
            111.8413997,
            -8.2639452
          ],
          [
            111.8414265,
            -8.2639678
          ],
          [
            111.8414801,
            -8.2639731
          ],
          [
            111.8415338,
            -8.2639346
          ],
          [
            111.8415526,
            -8.2638908
          ],
          [
            111.841574,
            -8.2638231
          ],
          [
            111.8416692,
            -8.2637515
          ],
          [
            111.8417832,
            -8.263721
          ],
          [
            111.8419415,
            -8.2637077
          ],
          [
            111.8422312,
            -8.2636413
          ],
          [
            111.8424377,
            -8.2636015
          ],
          [
            111.8426469,
            -8.263559
          ],
          [
            111.843237,
            -8.2635033
          ],
          [
            111.8436125,
            -8.2634343
          ],
          [
            111.8438351,
            -8.2633122
          ],
          [
            111.8440041,
            -8.2630627
          ],
          [
            111.8440524,
            -8.2628689
          ],
          [
            111.8440765,
            -8.2626857
          ],
          [
            111.8441167,
            -8.2626088
          ],
          [
            111.8441811,
            -8.2625398
          ],
          [
            111.8443447,
            -8.2624946
          ],
          [
            111.8445459,
            -8.2624867
          ],
          [
            111.8448248,
            -8.2626114
          ],
          [
            111.845026,
            -8.2628185
          ],
          [
            111.8451869,
            -8.2630308
          ],
          [
            111.8453479,
            -8.2631954
          ],
          [
            111.845549,
            -8.2633387
          ],
          [
            111.8457288,
            -8.2634953
          ],
          [
            111.845828,
            -8.263628
          ],
          [
            111.845828,
            -8.2637077
          ],
          [
            111.8457904,
            -8.2638006
          ],
          [
            111.8457234,
            -8.2639598
          ],
          [
            111.8456885,
            -8.2641748
          ],
          [
            111.8456966,
            -8.2643182
          ],
          [
            111.8457878,
            -8.2644429
          ],
          [
            111.8459004,
            -8.2645411
          ],
          [
            111.8460372,
            -8.2645571
          ],
          [
            111.8461257,
            -8.2645199
          ],
          [
            111.8461981,
            -8.2644376
          ],
          [
            111.8462732,
            -8.2643049
          ],
          [
            111.8463322,
            -8.2642226
          ],
          [
            111.846469,
            -8.2641722
          ],
          [
            111.8466943,
            -8.264143
          ],
          [
            111.8472281,
            -8.2641138
          ],
          [
            111.8475312,
            -8.2640952
          ],
          [
            111.8477941,
            -8.2640819
          ],
          [
            111.8479845,
            -8.2640501
          ],
          [
            111.8482634,
            -8.2639333
          ],
          [
            111.8484485,
            -8.2638324
          ],
          [
            111.8485799,
            -8.2637979
          ],
          [
            111.8487543,
            -8.2637926
          ],
          [
            111.84917,
            -8.2640076
          ],
          [
            111.8494785,
            -8.2642545
          ],
          [
            111.8497118,
            -8.264435
          ],
          [
            111.8498245,
            -8.2646287
          ],
          [
            111.8497977,
            -8.2648225
          ],
          [
            111.8497038,
            -8.265011
          ],
          [
            111.8496045,
            -8.265157
          ],
          [
            111.8495268,
            -8.2653083
          ],
          [
            111.8495241,
            -8.2653852
          ],
          [
            111.8495429,
            -8.2654755
          ],
          [
            111.849626,
            -8.2655923
          ],
          [
            111.8498138,
            -8.2656931
          ],
          [
            111.8499479,
            -8.2657887
          ],
          [
            111.8499854,
            -8.2659055
          ],
          [
            111.8499479,
            -8.266078
          ],
          [
            111.8497977,
            -8.2662505
          ],
          [
            111.8496904,
            -8.2664947
          ],
          [
            111.8497011,
            -8.2666195
          ],
          [
            111.8497923,
            -8.2667151
          ],
          [
            111.8498996,
            -8.2667522
          ],
          [
            111.8501061,
            -8.2667628
          ],
          [
            111.8502992,
            -8.2667416
          ],
          [
            111.8504152,
            -8.2667124
          ],
          [
            111.8505098,
            -8.2666766
          ],
          [
            111.8505581,
            -8.2666766
          ],
          [
            111.8505936,
            -8.2666885
          ],
          [
            111.8506164,
            -8.2667164
          ],
          [
            111.8506184,
            -8.2667887
          ],
          [
            111.8505976,
            -8.2668478
          ],
          [
            111.8504159,
            -8.2671358
          ],
          [
            111.8503824,
            -8.2672167
          ],
          [
            111.8503764,
            -8.2672459
          ],
          [
            111.8503817,
            -8.2672692
          ],
          [
            111.8503992,
            -8.2672765
          ],
          [
            111.8504387,
            -8.2672804
          ],
          [
            111.8505192,
            -8.2672592
          ],
          [
            111.8506265,
            -8.2671689
          ],
          [
            111.8507472,
            -8.2669991
          ],
          [
            111.8508625,
            -8.266869
          ],
          [
            111.8511468,
            -8.2666168
          ],
          [
            111.8513882,
            -8.2665093
          ],
          [
            111.8515599,
            -8.2664364
          ],
          [
            111.8516457,
            -8.2664483
          ],
          [
            111.8516967,
            -8.2664894
          ],
          [
            111.8517356,
            -8.2665465
          ],
          [
            111.8517382,
            -8.266581
          ],
          [
            111.8517315,
            -8.2666354
          ],
          [
            111.8516631,
            -8.2667602
          ],
          [
            111.851474,
            -8.267084
          ],
          [
            111.8513694,
            -8.2672406
          ],
          [
            111.8513265,
            -8.2674078
          ],
          [
            111.8513346,
            -8.2675565
          ],
          [
            111.8513694,
            -8.2676573
          ],
          [
            111.8514419,
            -8.2677131
          ],
          [
            111.8515974,
            -8.2677449
          ],
          [
            111.8519086,
            -8.2677821
          ],
          [
            111.852099,
            -8.2678246
          ],
          [
            111.8522197,
            -8.2678564
          ],
          [
            111.8522331,
            -8.2678883
          ],
          [
            111.8522237,
            -8.2679228
          ],
          [
            111.8521526,
            -8.2679785
          ],
          [
            111.8519863,
            -8.2680502
          ],
          [
            111.8516591,
            -8.2682068
          ],
          [
            111.8514633,
            -8.2684138
          ],
          [
            111.8513989,
            -8.2685572
          ],
          [
            111.8513989,
            -8.2686753
          ],
          [
            111.8514486,
            -8.2687589
          ],
          [
            111.8515143,
            -8.2687934
          ],
          [
            111.8515666,
            -8.2688014
          ],
          [
            111.8516833,
            -8.2687828
          ],
          [
            111.8518053,
            -8.2687708
          ],
          [
            111.8520279,
            -8.268808
          ],
          [
            111.8521808,
            -8.2688505
          ],
          [
            111.8522881,
            -8.2688863
          ],
          [
            111.8523552,
            -8.268946
          ],
          [
            111.852437,
            -8.2690522
          ],
          [
            111.8524718,
            -8.2691783
          ],
          [
            111.852563,
            -8.2694968
          ],
          [
            111.8526059,
            -8.2702506
          ],
          [
            111.8527454,
            -8.2710735
          ],
          [
            111.8528205,
            -8.2711511
          ],
          [
            111.8528869,
            -8.2711816
          ],
          [
            111.8529519,
            -8.2711697
          ],
          [
            111.8529949,
            -8.2711319
          ],
          [
            111.8531182,
            -8.2709142
          ],
          [
            111.8532202,
            -8.2707085
          ],
          [
            111.8533154,
            -8.2705426
          ],
          [
            111.8533489,
            -8.2704537
          ],
          [
            111.8533503,
            -8.2703754
          ],
          [
            111.853357,
            -8.2703376
          ],
          [
            111.8533751,
            -8.2703296
          ],
          [
            111.8534046,
            -8.2703322
          ],
          [
            111.8534354,
            -8.2703561
          ],
          [
            111.8534736,
            -8.2704086
          ],
          [
            111.8535487,
            -8.2705227
          ],
          [
            111.8536299,
            -8.2706262
          ],
          [
            111.853654,
            -8.2706421
          ],
          [
            111.8536782,
            -8.2706461
          ],
          [
            111.8536956,
            -8.2706335
          ],
          [
            111.8538102,
            -8.2705439
          ],
          [
            111.8538357,
            -8.2704882
          ],
          [
            111.8538719,
            -8.2703714
          ],
          [
            111.8539403,
            -8.2701697
          ],
          [
            111.854006,
            -8.269948
          ],
          [
            111.8540597,
            -8.2696162
          ],
          [
            111.8540838,
            -8.2694623
          ],
          [
            111.8541321,
            -8.2693482
          ],
          [
            111.8541777,
            -8.2692964
          ],
          [
            111.854226,
            -8.2692659
          ],
          [
            111.8542957,
            -8.2692659
          ],
          [
            111.8543413,
            -8.2692951
          ],
          [
            111.8543681,
            -8.2694132
          ],
          [
            111.8543681,
            -8.2698578
          ],
          [
            111.854403,
            -8.2700675
          ],
          [
            111.8544808,
            -8.2702347
          ],
          [
            111.8545827,
            -8.2704311
          ],
          [
            111.8546498,
            -8.2705399
          ],
          [
            111.854745,
            -8.2706289
          ],
          [
            111.8547986,
            -8.2706581
          ],
          [
            111.8548268,
            -8.2706508
          ],
          [
            111.8548536,
            -8.2706368
          ],
          [
            111.8548939,
            -8.2705691
          ],
          [
            111.8549153,
            -8.2704975
          ],
          [
            111.8550119,
            -8.2702028
          ],
          [
            111.8552291,
            -8.2694039
          ],
          [
            111.8554142,
            -8.2690721
          ],
          [
            111.8555148,
            -8.2689221
          ],
          [
            111.8555617,
            -8.2688797
          ],
          [
            111.855606,
            -8.2688797
          ],
          [
            111.8556355,
            -8.2689075
          ],
          [
            111.8556583,
            -8.2689527
          ],
          [
            111.8556717,
            -8.2694119
          ],
          [
            111.8557575,
            -8.2696667
          ],
          [
            111.855838,
            -8.2697808
          ],
          [
            111.8559144,
            -8.2698074
          ],
          [
            111.8560225,
            -8.269825
          ]
        ]
      },
      "id": "way/696202847"
    },
    {
      "type": "Feature",
      "properties": {
        "@id": "way/847031156",
        "name": "Kali Brantas",
        "waterway": "river",
        "wikidata": "Q2570778",
        "wikipedia": "en:Brantas River",
        "@relations": [
          {
            "role": "outer",
            "rel": 9676369,
            "reltags": {
              "admin_level": "5",
              "boundary": "administrative",
              "name": "Tulungagung",
              "name:ar": "تولوناقونق",
              "official_name": "Kabupaten Tulungagung",
              "type": "boundary",
              "wikidata": "Q11143",
              "wikipedia": "id:Kabupaten Tulungagung"
            }
          }
        ]
      },
      "geometry": {
        "type": "LineString",
        "coordinates": [
          [
            112.1218691,
            -8.1252522
          ],
          [
            112.1194961,
            -8.1244906
          ],
          [
            112.1167711,
            -8.1238092
          ],
          [
            112.1159597,
            -8.1232617
          ],
          [
            112.1156065,
            -8.1228034
          ],
          [
            112.1150633,
            -8.121689
          ],
          [
            112.1139804,
            -8.1205797
          ],
          [
            112.1129899,
            -8.1199898
          ],
          [
            112.1114992,
            -8.1189274
          ],
          [
            112.110782,
            -8.1187121
          ],
          [
            112.110102,
            -8.1185084
          ],
          [
            112.109853,
            -8.1184338
          ],
          [
            112.1088365,
            -8.1176552
          ],
          [
            112.1073869,
            -8.1172804
          ],
          [
            112.1056322,
            -8.1166786
          ],
          [
            112.1033195,
            -8.1154565
          ],
          [
            112.1023515,
            -8.1150955
          ],
          [
            112.1005205,
            -8.1138872
          ],
          [
            112.0989183,
            -8.1130575
          ],
          [
            112.0984605,
            -8.1127152
          ],
          [
            112.0984577,
            -8.1127125
          ],
          [
            112.0984376,
            -8.1126932
          ],
          [
            112.0967821,
            -8.1113953
          ],
          [
            112.0947984,
            -8.1106428
          ],
          [
            112.0928911,
            -8.1104959
          ],
          [
            112.0913704,
            -8.1109338
          ],
          [
            112.089953,
            -8.1115316
          ],
          [
            112.0887785,
            -8.1120901
          ],
          [
            112.0866252,
            -8.1130084
          ],
          [
            112.0859685,
            -8.113538
          ],
          [
            112.0853609,
            -8.1144585
          ],
          [
            112.0846752,
            -8.1159196
          ],
          [
            112.0840913,
            -8.116751
          ],
          [
            112.0834074,
            -8.1173776
          ],
          [
            112.0824683,
            -8.1185794
          ],
          [
            112.0812163,
            -8.1189329
          ],
          [
            112.0802702,
            -8.1190122
          ],
          [
            112.0791455,
            -8.1189185
          ],
          [
            112.0781154,
            -8.1186316
          ],
          [
            112.0763777,
            -8.118217
          ],
          [
            112.0726121,
            -8.1172956
          ],
          [
            112.0726084,
            -8.1172944
          ],
          [
            112.0712007,
            -8.1168465
          ],
          [
            112.0703346,
            -8.1158501
          ],
          [
            112.0696104,
            -8.1147067
          ],
          [
            112.0692381,
            -8.1133878
          ],
          [
            112.0683034,
            -8.1120684
          ],
          [
            112.067585,
            -8.1115439
          ],
          [
            112.066819,
            -8.1111429
          ],
          [
            112.0660917,
            -8.1110235
          ],
          [
            112.0649811,
            -8.1110459
          ],
          [
            112.0633073,
            -8.1114451
          ],
          [
            112.0628589,
            -8.1115173
          ],
          [
            112.0623118,
            -8.1113049
          ],
          [
            112.0612062,
            -8.1108831
          ],
          [
            112.0592738,
            -8.1102439
          ],
          [
            112.057361,
            -8.1097957
          ],
          [
            112.0561939,
            -8.1095406
          ],
          [
            112.0542334,
            -8.1094893
          ],
          [
            112.0531578,
            -8.1095954
          ],
          [
            112.0504152,
            -8.1096879
          ],
          [
            112.0492448,
            -8.1096242
          ],
          [
            112.0488071,
            -8.1094956
          ],
          [
            112.0478614,
            -8.1090056
          ],
          [
            112.0468313,
            -8.1085128
          ],
          [
            112.0450066,
            -8.1074465
          ],
          [
            112.0429174,
            -8.1057654
          ],
          [
            112.0428786,
            -8.1057342
          ],
          [
            112.0393401,
            -8.1033663
          ],
          [
            112.0386849,
            -8.1030681
          ],
          [
            112.0382036,
            -8.102837
          ],
          [
            112.0377077,
            -8.1023716
          ],
          [
            112.0370592,
            -8.1020063
          ],
          [
            112.0358903,
            -8.1007856
          ],
          [
            112.0349694,
            -8.0998798
          ],
          [
            112.0337908,
            -8.0989533
          ],
          [
            112.0323442,
            -8.098506
          ],
          [
            112.0296005,
            -8.0982889
          ],
          [
            112.0275758,
            -8.0983882
          ],
          [
            112.0257342,
            -8.0984933
          ],
          [
            112.0247402,
            -8.0984969
          ],
          [
            112.0222025,
            -8.0982538
          ],
          [
            112.0185182,
            -8.097385
          ],
          [
            112.0171004,
            -8.0968644
          ],
          [
            112.014866,
            -8.0968996
          ],
          [
            112.0135821,
            -8.0970723
          ],
          [
            112.0111752,
            -8.0977461
          ],
          [
            112.0088123,
            -8.0975703
          ],
          [
            112.0085174,
            -8.0975126
          ],
          [
            112.0077664,
            -8.0975551
          ],
          [
            112.0067137,
            -8.0971294
          ],
          [
            112.0054457,
            -8.0963964
          ],
          [
            112.0043036,
            -8.0959831
          ],
          [
            112.0031451,
            -8.0955896
          ],
          [
            112.0023342,
            -8.0951989
          ],
          [
            112.0013688,
            -8.0947336
          ],
          [
            112.000049,
            -8.0936827
          ],
          [
            111.9993583,
            -8.0931941
          ],
          [
            111.9993547,
            -8.0931915
          ],
          [
            111.9976885,
            -8.0924106
          ],
          [
            111.9960386,
            -8.0911012
          ],
          [
            111.9955176,
            -8.0898085
          ],
          [
            111.9953909,
            -8.0894443
          ],
          [
            111.9951221,
            -8.0887473
          ],
          [
            111.9949678,
            -8.0883221
          ],
          [
            111.9942582,
            -8.0866274
          ],
          [
            111.9936944,
            -8.08402
          ],
          [
            111.9936318,
            -8.0818054
          ],
          [
            111.9926603,
            -8.0807972
          ],
          [
            111.992061,
            -8.0798115
          ],
          [
            111.9912614,
            -8.0791455
          ]
        ]
      },
      "id": "way/847031156"
    },
    {
      "type": "Feature",
      "properties": {
        "@id": "way/965501731",
        "natural": "coastline",
        "@relations": [
          {
            "role": "outer",
            "rel": 9676369,
            "reltags": {
              "admin_level": "5",
              "boundary": "administrative",
              "name": "Tulungagung",
              "name:ar": "تولوناقونق",
              "official_name": "Kabupaten Tulungagung",
              "type": "boundary",
              "wikidata": "Q11143",
              "wikipedia": "id:Kabupaten Tulungagung"
            }
          }
        ]
      },
      "geometry": {
        "type": "LineString",
        "coordinates": [
          [
            111.8560225,
            -8.269825
          ],
          [
            111.8563342,
            -8.2698511
          ],
          [
            111.8564536,
            -8.2698127
          ],
          [
            111.8566467,
            -8.2697344
          ],
          [
            111.85675,
            -8.2697171
          ],
          [
            111.8568465,
            -8.2697171
          ],
          [
            111.8570571,
            -8.2697397
          ],
          [
            111.857222,
            -8.2697529
          ],
          [
            111.8573467,
            -8.2697383
          ],
          [
            111.8574312,
            -8.2696945
          ],
          [
            111.857564,
            -8.2695565
          ],
          [
            111.8577182,
            -8.269384
          ],
          [
            111.8578336,
            -8.2692115
          ],
          [
            111.8581045,
            -8.2687934
          ],
          [
            111.8581796,
            -8.2687244
          ],
          [
            111.8583003,
            -8.2686952
          ],
          [
            111.8584478,
            -8.2687191
          ],
          [
            111.8585095,
            -8.2687669
          ],
          [
            111.8585309,
            -8.2688624
          ],
          [
            111.8585095,
            -8.2690111
          ],
          [
            111.8584746,
            -8.2692207
          ],
          [
            111.8584558,
            -8.2693428
          ],
          [
            111.8584625,
            -8.2694225
          ],
          [
            111.8584867,
            -8.2694716
          ],
          [
            111.858539,
            -8.2695167
          ],
          [
            111.8587174,
            -8.2695685
          ],
          [
            111.8588394,
            -8.269587
          ],
          [
            111.8589333,
            -8.2695671
          ],
          [
            111.8590768,
            -8.2695021
          ],
          [
            111.8592592,
            -8.2694092
          ],
          [
            111.859463,
            -8.2693402
          ],
          [
            111.8595985,
            -8.2693269
          ],
          [
            111.859754,
            -8.2693296
          ],
          [
            111.8599176,
            -8.2693588
          ],
          [
            111.8600987,
            -8.2694092
          ],
          [
            111.8602516,
            -8.2694503
          ],
          [
            111.8605131,
            -8.2695698
          ],
          [
            111.8607438,
            -8.269745
          ],
          [
            111.860835,
            -8.2698392
          ],
          [
            111.8608873,
            -8.2699401
          ],
          [
            111.8609516,
            -8.2701418
          ],
          [
            111.8609811,
            -8.2702281
          ],
          [
            111.8610066,
            -8.2702785
          ],
          [
            111.8610495,
            -8.2703382
          ],
          [
            111.8611421,
            -8.2703979
          ],
          [
            111.8612386,
            -8.2704192
          ],
          [
            111.8614197,
            -8.2704072
          ],
          [
            111.8615283,
            -8.2703754
          ],
          [
            111.861649,
            -8.270317
          ],
          [
            111.8617925,
            -8.2701989
          ],
          [
            111.8619347,
            -8.2699241
          ],
          [
            111.8620004,
            -8.2697344
          ],
          [
            111.8621157,
            -8.2693747
          ],
          [
            111.8621922,
            -8.2691584
          ],
          [
            111.862286,
            -8.2690057
          ],
          [
            111.8623571,
            -8.2689142
          ],
          [
            111.8624496,
            -8.2688651
          ],
          [
            111.8625234,
            -8.2688531
          ],
          [
            111.8626086,
            -8.2688873
          ],
          [
            111.8626468,
            -8.2689195
          ],
          [
            111.8626682,
            -8.2690057
          ],
          [
            111.8627031,
            -8.2692101
          ],
          [
            111.8627232,
            -8.2694304
          ],
          [
            111.8627474,
            -8.2696295
          ],
          [
            111.8627742,
            -8.2697277
          ],
          [
            111.8628117,
            -8.2697967
          ],
          [
            111.8628506,
            -8.2698472
          ],
          [
            111.8629459,
            -8.2698896
          ],
          [
            111.8630565,
            -8.2699162
          ],
          [
            111.8630934,
            -8.2699374
          ],
          [
            111.8631041,
            -8.2699659
          ],
          [
            111.8631041,
            -8.2699958
          ],
          [
            111.863086,
            -8.270035
          ],
          [
            111.8630417,
            -8.2700588
          ],
          [
            111.8629526,
            -8.2700814
          ],
          [
            111.8627702,
            -8.2701272
          ],
          [
            111.8626843,
            -8.2701644
          ],
          [
            111.8626334,
            -8.2702241
          ],
          [
            111.8625958,
            -8.2703342
          ],
          [
            111.8625817,
            -8.2703867
          ],
          [
            111.8625817,
            -8.2704238
          ],
          [
            111.8625905,
            -8.2704404
          ],
          [
            111.862618,
            -8.2704484
          ],
          [
            111.8626703,
            -8.2704424
          ],
          [
            111.8627366,
            -8.2704172
          ],
          [
            111.8628077,
            -8.2704039
          ],
          [
            111.862915,
            -8.27039
          ],
          [
            111.8630243,
            -8.2703867
          ],
          [
            111.863088,
            -8.2704059
          ],
          [
            111.8631497,
            -8.2704232
          ],
          [
            111.8632027,
            -8.2704749
          ],
          [
            111.8632228,
            -8.2705433
          ],
          [
            111.8632422,
            -8.2706368
          ],
          [
            111.8632691,
            -8.2708492
          ],
          [
            111.8633012,
            -8.2710177
          ],
          [
            111.8633589,
            -8.2710987
          ],
          [
            111.8634997,
            -8.2712168
          ],
          [
            111.8636271,
            -8.2712991
          ],
          [
            111.8636526,
            -8.2713827
          ],
          [
            111.8636405,
            -8.2714411
          ],
          [
            111.8635976,
            -8.2715114
          ],
          [
            111.863497,
            -8.2715778
          ],
          [
            111.8633254,
            -8.271684
          ],
          [
            111.8631524,
            -8.2717437
          ],
          [
            111.8628466,
            -8.2718684
          ],
          [
            111.8627219,
            -8.2719096
          ],
          [
            111.8626682,
            -8.2719985
          ],
          [
            111.8626723,
            -8.2720569
          ],
          [
            111.8627152,
            -8.2721206
          ],
          [
            111.8628104,
            -8.2721989
          ],
          [
            111.8630183,
            -8.2724072
          ],
          [
            111.8630786,
            -8.2725028
          ],
          [
            111.8631269,
            -8.2726382
          ],
          [
            111.8631712,
            -8.2727749
          ],
          [
            111.8631725,
            -8.2729341
          ],
          [
            111.8631269,
            -8.2731159
          ],
          [
            111.8630692,
            -8.2732686
          ],
          [
            111.863029,
            -8.2733495
          ],
          [
            111.8629365,
            -8.2734836
          ],
          [
            111.8628292,
            -8.2735831
          ],
          [
            111.8625569,
            -8.2738684
          ],
          [
            111.8623933,
            -8.2740901
          ],
          [
            111.8622686,
            -8.2743144
          ],
          [
            111.8622297,
            -8.2744484
          ],
          [
            111.8622203,
            -8.2745904
          ],
          [
            111.8622538,
            -8.2746793
          ],
          [
            111.8623182,
            -8.2747377
          ],
          [
            111.8625154,
            -8.27482
          ],
          [
            111.862675,
            -8.274893
          ],
          [
            111.8628265,
            -8.274966
          ],
          [
            111.8629311,
            -8.2750231
          ],
          [
            111.8630424,
            -8.2750377
          ],
          [
            111.8630934,
            -8.2750204
          ],
          [
            111.8631752,
            -8.2749633
          ],
          [
            111.8633026,
            -8.2748625
          ],
          [
            111.8633991,
            -8.2748306
          ],
          [
            111.8635185,
            -8.2748346
          ],
          [
            111.863776,
            -8.2748771
          ],
          [
            111.8639376,
            -8.2748864
          ],
          [
            111.8640114,
            -8.2748764
          ],
          [
            111.8640623,
            -8.2748618
          ],
          [
            111.8640918,
            -8.2748585
          ],
          [
            111.8641099,
            -8.2748625
          ],
          [
            111.8641213,
            -8.2748757
          ],
          [
            111.8641186,
            -8.2748963
          ],
          [
            111.8641093,
            -8.2749288
          ],
          [
            111.8640905,
            -8.2749667
          ],
          [
            111.864059,
            -8.2750012
          ],
          [
            111.8640321,
            -8.2750456
          ],
          [
            111.864008,
            -8.2751186
          ],
          [
            111.8639899,
            -8.2751883
          ],
          [
            111.8639772,
            -8.275246
          ],
          [
            111.8639483,
            -8.2752865
          ],
          [
            111.8639014,
            -8.2753263
          ],
          [
            111.8638625,
            -8.2753542
          ],
          [
            111.8638498,
            -8.2753767
          ],
          [
            111.8638511,
            -8.275402
          ],
          [
            111.8638612,
            -8.2754239
          ],
          [
            111.8639014,
            -8.2754265
          ],
          [
            111.8639684,
            -8.2754093
          ],
          [
            111.8640295,
            -8.2753854
          ],
          [
            111.8640824,
            -8.2753323
          ],
          [
            111.8641186,
            -8.2752633
          ],
          [
            111.8641629,
            -8.2751664
          ],
          [
            111.8641884,
            -8.2750768
          ],
          [
            111.8641938,
            -8.2749992
          ],
          [
            111.8641958,
            -8.274889
          ],
          [
            111.8642085,
            -8.2747895
          ],
          [
            111.864242,
            -8.2746979
          ],
          [
            111.8642769,
            -8.2746641
          ],
          [
            111.8643305,
            -8.2746302
          ],
          [
            111.8644593,
            -8.2745778
          ],
          [
            111.864582,
            -8.2745201
          ],
          [
            111.8647275,
            -8.2744331
          ],
          [
            111.864804,
            -8.2743568
          ],
          [
            111.8649065,
            -8.2741856
          ],
          [
            111.864987,
            -8.2740675
          ],
          [
            111.8650755,
            -8.2739733
          ],
          [
            111.8651855,
            -8.2739401
          ],
          [
            111.8652874,
            -8.2739454
          ],
          [
            111.865439,
            -8.2739958
          ],
          [
            111.8658467,
            -8.2742188
          ],
          [
            111.8663549,
            -8.2745413
          ],
          [
            111.8664448,
            -8.2746302
          ],
          [
            111.8665199,
            -8.2747576
          ],
          [
            111.8665427,
            -8.274828
          ],
          [
            111.8665279,
            -8.2749089
          ],
          [
            111.8664864,
            -8.2749739
          ],
          [
            111.8664099,
            -8.2750483
          ],
          [
            111.8662007,
            -8.2752208
          ],
          [
            111.8661551,
            -8.275319
          ],
          [
            111.8661323,
            -8.2754358
          ],
          [
            111.866127,
            -8.2755194
          ],
          [
            111.8661591,
            -8.2756242
          ],
          [
            111.8662007,
            -8.275684
          ],
          [
            111.8662383,
            -8.2757092
          ],
          [
            111.8663429,
            -8.2757145
          ],
          [
            111.8665132,
            -8.2756986
          ],
          [
            111.8666621,
            -8.2757145
          ],
          [
            111.8669772,
            -8.2757397
          ],
          [
            111.8671583,
            -8.275757
          ],
          [
            111.867279,
            -8.2757755
          ],
          [
            111.8673661,
            -8.2758392
          ],
          [
            111.8674546,
            -8.2759494
          ],
          [
            111.8675807,
            -8.2760662
          ],
          [
            111.8677671,
            -8.2761989
          ],
          [
            111.8679227,
            -8.2762945
          ],
          [
            111.8680447,
            -8.2763767
          ],
          [
            111.8682311,
            -8.2765453
          ],
          [
            111.8682969,
            -8.2766568
          ],
          [
            111.8682995,
            -8.2767377
          ],
          [
            111.8682714,
            -8.2768306
          ],
          [
            111.8681574,
            -8.277035
          ],
          [
            111.8681319,
            -8.2771199
          ],
          [
            111.8681467,
            -8.2771943
          ],
          [
            111.8681869,
            -8.277246
          ],
          [
            111.8682727,
            -8.2772739
          ],
          [
            111.868435,
            -8.2772792
          ],
          [
            111.8685168,
            -8.2772938
          ],
          [
            111.8685839,
            -8.2773323
          ],
          [
            111.8686174,
            -8.2774119
          ],
          [
            111.8686187,
            -8.2774809
          ],
          [
            111.8685584,
            -8.2777171
          ],
          [
            111.8685463,
            -8.2778419
          ],
          [
            111.8685906,
            -8.2779454
          ],
          [
            111.8687488,
            -8.2780927
          ],
          [
            111.8688226,
            -8.2781631
          ],
          [
            111.8688843,
            -8.2782984
          ],
          [
            111.8688943,
            -8.2785743
          ],
          [
            111.8688481,
            -8.2789116
          ],
          [
            111.8687823,
            -8.2791412
          ],
          [
            111.8687113,
            -8.2792858
          ],
          [
            111.8686201,
            -8.2793561
          ],
          [
            111.8684712,
            -8.2793986
          ],
          [
            111.8682647,
            -8.2794026
          ],
          [
            111.8679884,
            -8.2794039
          ],
          [
            111.8676169,
            -8.2793893
          ],
          [
            111.8673152,
            -8.2793734
          ],
          [
            111.8672012,
            -8.2793761
          ],
          [
            111.8671314,
            -8.2794265
          ],
          [
            111.8670309,
            -8.2795194
          ],
          [
            111.8669598,
            -8.2796256
          ],
          [
            111.8667948,
            -8.2798976
          ],
          [
            111.866709,
            -8.2801259
          ],
          [
            111.8666567,
            -8.2803608
          ],
          [
            111.866658,
            -8.2804497
          ],
          [
            111.8666835,
            -8.2805054
          ],
          [
            111.8667559,
            -8.2805373
          ],
          [
            111.8668592,
            -8.2805426
          ],
          [
            111.866941,
            -8.2805081
          ],
          [
            111.867047,
            -8.2804364
          ],
          [
            111.8674158,
            -8.2801936
          ],
          [
            111.8675727,
            -8.2801338
          ],
          [
            111.8678409,
            -8.2800569
          ],
          [
            111.868089,
            -8.2799799
          ],
          [
            111.8682016,
            -8.2799879
          ],
          [
            111.8682647,
            -8.2800317
          ],
          [
            111.8682982,
            -8.2801033
          ],
          [
            111.8683572,
            -8.2802904
          ],
          [
            111.8683974,
            -8.2803993
          ],
          [
            111.8684699,
            -8.2804882
          ],
          [
            111.8686174,
            -8.2805758
          ],
          [
            111.8686938,
            -8.2806315
          ],
          [
            111.868726,
            -8.2806833
          ],
          [
            111.8687287,
            -8.2807669
          ],
          [
            111.8686938,
            -8.2809049
          ],
          [
            111.8686388,
            -8.2810071
          ],
          [
            111.8685865,
            -8.2810496
          ],
          [
            111.8682741,
            -8.2812407
          ],
          [
            111.8679173,
            -8.2814503
          ],
          [
            111.8678154,
            -8.2815499
          ],
          [
            111.8677148,
            -8.2816627
          ],
          [
            111.8677135,
            -8.2817025
          ],
          [
            111.867747,
            -8.2817264
          ],
          [
            111.8677846,
            -8.2817277
          ],
          [
            111.8678637,
            -8.2816826
          ],
          [
            111.8680514,
            -8.2815804
          ],
          [
            111.8682539,
            -8.2814716
          ],
          [
            111.8683867,
            -8.2814172
          ],
          [
            111.8684578,
            -8.2814066
          ],
          [
            111.8685114,
            -8.2814105
          ],
          [
            111.8685932,
            -8.281457
          ],
          [
            111.8686429,
            -8.2815393
          ],
          [
            111.8687327,
            -8.2817158
          ],
          [
            111.8688467,
            -8.2818458
          ],
          [
            111.8689647,
            -8.2819414
          ],
          [
            111.8691525,
            -8.2820741
          ],
          [
            111.8692826,
            -8.2821696
          ],
          [
            111.8693644,
            -8.2822825
          ],
          [
            111.869406,
            -8.2823714
          ],
          [
            111.8694207,
            -8.2824842
          ],
          [
            111.8693979,
            -8.2825678
          ],
          [
            111.8692772,
            -8.2829274
          ],
          [
            111.8690291,
            -8.2834928
          ],
          [
            111.8688977,
            -8.2839068
          ],
          [
            111.868895,
            -8.2840873
          ],
          [
            111.8689406,
            -8.284236
          ],
          [
            111.8690291,
            -8.2843315
          ],
          [
            111.8691578,
            -8.2844058
          ],
          [
            111.8693148,
            -8.2844364
          ],
          [
            111.8694609,
            -8.2844257
          ],
          [
            111.8696943,
            -8.2843979
          ],
          [
            111.8697976,
            -8.2843965
          ],
          [
            111.8698901,
            -8.2844098
          ],
          [
            111.8699303,
            -8.284439
          ],
          [
            111.8699598,
            -8.2845133
          ],
          [
            111.8699679,
            -8.2846036
          ],
          [
            111.8700095,
            -8.2847442
          ],
          [
            111.8700457,
            -8.2848159
          ],
          [
            111.8701087,
            -8.2848876
          ],
          [
            111.8702093,
            -8.2849619
          ],
          [
            111.8703179,
            -8.2849791
          ],
          [
            111.870389,
            -8.2849645
          ],
          [
            111.8704346,
            -8.2849168
          ],
          [
            111.8704922,
            -8.2848252
          ],
          [
            111.8705633,
            -8.2847522
          ],
          [
            111.8706304,
            -8.2847058
          ],
          [
            111.8707041,
            -8.2846845
          ],
          [
            111.8708503,
            -8.2846792
          ],
          [
            111.870971,
            -8.2846699
          ],
          [
            111.8710582,
            -8.2846354
          ],
          [
            111.8711413,
            -8.2845439
          ],
          [
            111.8711923,
            -8.2844364
          ],
          [
            111.8712178,
            -8.2843474
          ],
          [
            111.8712795,
            -8.2842386
          ],
          [
            111.8713304,
            -8.2842015
          ],
          [
            111.8714096,
            -8.2841524
          ],
          [
            111.8715517,
            -8.2840794
          ],
          [
            111.8717435,
            -8.2840037
          ],
          [
            111.871883,
            -8.2840024
          ],
          [
            111.8719567,
            -8.2840024
          ],
          [
            111.8721659,
            -8.2840528
          ],
          [
            111.8725817,
            -8.2841616
          ],
          [
            111.8727815,
            -8.2842107
          ],
          [
            111.8730591,
            -8.2842904
          ],
          [
            111.8732509,
            -8.2843886
          ],
          [
            111.8734869,
            -8.2845677
          ],
          [
            111.8737954,
            -8.2848491
          ],
          [
            111.8739805,
            -8.2850681
          ],
          [
            111.8740287,
            -8.2851835
          ],
          [
            111.8740475,
            -8.2852724
          ],
          [
            111.8740448,
            -8.2854171
          ],
          [
            111.8739992,
            -8.2855684
          ],
          [
            111.8739161,
            -8.2858948
          ],
          [
            111.8738919,
            -8.2861656
          ],
          [
            111.8738705,
            -8.2863328
          ],
          [
            111.8738356,
            -8.2865345
          ],
          [
            111.8737712,
            -8.2866407
          ],
          [
            111.8736666,
            -8.2867415
          ],
          [
            111.8735057,
            -8.2868291
          ],
          [
            111.8733099,
            -8.2868663
          ],
          [
            111.8731999,
            -8.2868822
          ],
          [
            111.8731302,
            -8.2869247
          ],
          [
            111.87309,
            -8.2869884
          ],
          [
            111.87309,
            -8.2871237
          ],
          [
            111.8731302,
            -8.2872883
          ],
          [
            111.8732777,
            -8.2875192
          ],
          [
            111.8733931,
            -8.2876864
          ],
          [
            111.8734789,
            -8.2879041
          ],
          [
            111.873495,
            -8.2881138
          ],
          [
            111.8735057,
            -8.2884163
          ],
          [
            111.8734843,
            -8.2886605
          ],
          [
            111.8734655,
            -8.2889764
          ],
          [
            111.8734708,
            -8.2891356
          ],
          [
            111.8735111,
            -8.2892232
          ],
          [
            111.8736023,
            -8.2893002
          ],
          [
            111.873782,
            -8.2893639
          ],
          [
            111.8739268,
            -8.2893692
          ],
          [
            111.8740556,
            -8.2893347
          ],
          [
            111.8742219,
            -8.2892232
          ],
          [
            111.874364,
            -8.2891144
          ],
          [
            111.8744633,
            -8.2890666
          ],
          [
            111.874541,
            -8.2890799
          ],
          [
            111.8746403,
            -8.2891993
          ],
          [
            111.8746617,
            -8.2893851
          ],
          [
            111.8746376,
            -8.2896638
          ],
          [
            111.8745893,
            -8.2898868
          ],
          [
            111.8745397,
            -8.2901509
          ],
          [
            111.8745062,
            -8.2902889
          ],
          [
            111.8744901,
            -8.2903844
          ],
          [
            111.8745022,
            -8.2904614
          ],
          [
            111.8745343,
            -8.2905078
          ],
          [
            111.8745893,
            -8.2905198
          ],
          [
            111.8746658,
            -8.2904893
          ],
          [
            111.8747891,
            -8.2904163
          ],
          [
            111.8749206,
            -8.29033
          ],
          [
            111.8750708,
            -8.2902915
          ],
          [
            111.8751298,
            -8.2903088
          ],
          [
            111.8751714,
            -8.2903393
          ],
          [
            111.8751834,
            -8.2904242
          ],
          [
            111.8751767,
            -8.2905676
          ],
          [
            111.8751352,
            -8.2908011
          ],
          [
            111.8751244,
            -8.2909365
          ],
          [
            111.8751311,
            -8.2910188
          ],
          [
            111.8751794,
            -8.2911064
          ],
          [
            111.875276,
            -8.291178
          ],
          [
            111.8753296,
            -8.2911873
          ],
          [
            111.8754235,
            -8.2911568
          ],
          [
            111.8755361,
            -8.2910904
          ],
          [
            111.8755817,
            -8.291032
          ],
          [
            111.8756381,
            -8.2909179
          ],
          [
            111.8756703,
            -8.2908263
          ],
          [
            111.8757091,
            -8.2907719
          ],
          [
            111.8757427,
            -8.2907507
          ],
          [
            111.8757923,
            -8.2907494
          ],
          [
            111.8758687,
            -8.2908117
          ],
          [
            111.8759452,
            -8.2909033
          ],
          [
            111.8760525,
            -8.2910201
          ],
          [
            111.8761463,
            -8.2910626
          ],
          [
            111.8762282,
            -8.2910413
          ],
          [
            111.8762845,
            -8.2909922
          ],
          [
            111.8763368,
            -8.2908914
          ],
          [
            111.8763904,
            -8.2907016
          ],
          [
            111.8764293,
            -8.2905954
          ],
          [
            111.8764628,
            -8.290549
          ],
          [
            111.8765098,
            -8.2904959
          ],
          [
            111.8766546,
            -8.290403
          ],
          [
            111.8767767,
            -8.2903552
          ],
          [
            111.8768491,
            -8.2903645
          ],
          [
            111.8769336,
            -8.2904441
          ],
          [
            111.8770006,
            -8.2905331
          ],
          [
            111.8770865,
            -8.2906074
          ],
          [
            111.8771924,
            -8.2906299
          ],
          [
            111.8772823,
            -8.2906379
          ],
          [
            111.877521,
            -8.2905861
          ],
          [
            111.8777423,
            -8.2905437
          ],
          [
            111.8780977,
            -8.2904773
          ],
          [
            111.8783002,
            -8.2904322
          ],
          [
            111.8785697,
            -8.2903645
          ],
          [
            111.8787843,
            -8.2903406
          ],
          [
            111.8790042,
            -8.2903619
          ],
          [
            111.8793958,
            -8.290468
          ],
          [
            111.8798518,
            -8.2906591
          ],
          [
            111.8807101,
            -8.2910626
          ],
          [
            111.8812573,
            -8.2913731
          ],
          [
            111.8822658,
            -8.2919517
          ],
          [
            111.8829605,
            -8.2923525
          ],
          [
            111.8833306,
            -8.2925277
          ],
          [
            111.883741,
            -8.2926657
          ],
          [
            111.8841755,
            -8.292748
          ],
          [
            111.8845376,
            -8.2928064
          ],
          [
            111.8849185,
            -8.2928754
          ],
          [
            111.8853745,
            -8.2929576
          ],
          [
            111.8855864,
            -8.2930213
          ],
          [
            111.8856803,
            -8.2930718
          ],
          [
            111.8857446,
            -8.29317
          ],
          [
            111.8857983,
            -8.2933664
          ],
          [
            111.8858224,
            -8.2934593
          ],
          [
            111.8858761,
            -8.2935256
          ],
          [
            111.8859994,
            -8.2935761
          ],
          [
            111.8863133,
            -8.2936344
          ],
          [
            111.8865547,
            -8.2936981
          ],
          [
            111.886615,
            -8.2937313
          ],
          [
            111.8866539,
            -8.2937837
          ],
          [
            111.8866619,
            -8.2938282
          ],
          [
            111.8866566,
            -8.2938866
          ],
          [
            111.8866284,
            -8.2939709
          ],
          [
            111.8865922,
            -8.2940498
          ],
          [
            111.8865453,
            -8.2941746
          ],
          [
            111.8865372,
            -8.2942741
          ],
          [
            111.8865439,
            -8.2943298
          ],
          [
            111.8865855,
            -8.2943922
          ],
          [
            111.8866687,
            -8.2944745
          ],
          [
            111.8867438,
            -8.2945501
          ],
          [
            111.8868001,
            -8.294651
          ],
          [
            111.8868551,
            -8.2947479
          ],
          [
            111.8868926,
            -8.2948089
          ],
          [
            111.8869744,
            -8.2948633
          ],
          [
            111.8870589,
            -8.2949045
          ],
          [
            111.8872909,
            -8.294992
          ],
          [
            111.8874103,
            -8.2950093
          ],
          [
            111.8875068,
            -8.2949801
          ],
          [
            111.8875846,
            -8.2949217
          ],
          [
            111.8876342,
            -8.2948978
          ],
          [
            111.8876758,
            -8.2948978
          ],
          [
            111.8877523,
            -8.2949403
          ],
          [
            111.887885,
            -8.2950916
          ],
          [
            111.8879333,
            -8.295219
          ],
          [
            111.8879534,
            -8.2953251
          ],
          [
            111.8879709,
            -8.2954194
          ],
          [
            111.8879856,
            -8.2954618
          ],
          [
            111.8880191,
            -8.295503
          ],
          [
            111.8880486,
            -8.2955096
          ],
          [
            111.8881197,
            -8.2955016
          ],
          [
            111.8882471,
            -8.2954552
          ],
          [
            111.8884496,
            -8.2954048
          ],
          [
            111.888746,
            -8.2953119
          ],
          [
            111.8888694,
            -8.2952362
          ],
          [
            111.8890075,
            -8.2951566
          ],
          [
            111.889088,
            -8.2951314
          ],
          [
            111.8892623,
            -8.2951168
          ],
          [
            111.8894394,
            -8.2951486
          ],
          [
            111.8895078,
            -8.2951845
          ],
          [
            111.889544,
            -8.2952468
          ],
          [
            111.8895628,
            -8.2953251
          ],
          [
            111.8895614,
            -8.2954048
          ],
          [
            111.8895118,
            -8.2954512
          ],
          [
            111.8893857,
            -8.2954685
          ],
          [
            111.889261,
            -8.295487
          ],
          [
            111.889198,
            -8.2955083
          ],
          [
            111.8891564,
            -8.2955534
          ],
          [
            111.8891484,
            -8.2955799
          ],
          [
            111.8891886,
            -8.295637
          ],
          [
            111.8893482,
            -8.2957193
          ],
          [
            111.8894528,
            -8.2957591
          ],
          [
            111.8895453,
            -8.2958162
          ],
          [
            111.8895882,
            -8.2958905
          ],
          [
            111.8896057,
            -8.2959767
          ],
          [
            111.8895668,
            -8.2960537
          ],
          [
            111.8894716,
            -8.2961347
          ],
          [
            111.8892999,
            -8.296274
          ],
          [
            111.8892007,
            -8.2963921
          ],
          [
            111.8891886,
            -8.2964651
          ],
          [
            111.8892087,
            -8.2965275
          ],
          [
            111.8893026,
            -8.2965912
          ],
          [
            111.8895641,
            -8.296708
          ],
          [
            111.8897384,
            -8.296834
          ],
          [
            111.8898283,
            -8.2969402
          ],
          [
            111.8899181,
            -8.297057
          ],
          [
            111.8899758,
            -8.2971671
          ],
          [
            111.8900549,
            -8.297264
          ],
          [
            111.8902239,
            -8.2973954
          ],
          [
            111.8903607,
            -8.2975082
          ],
          [
            111.8906772,
            -8.2977391
          ],
          [
            111.8908824,
            -8.2978532
          ],
          [
            111.891046,
            -8.2979435
          ],
          [
            111.8911318,
            -8.2980164
          ],
          [
            111.8912834,
            -8.298177
          ],
          [
            111.8913947,
            -8.2982646
          ],
          [
            111.8915476,
            -8.2983376
          ],
          [
            111.8916213,
            -8.2983588
          ],
          [
            111.8917514,
            -8.2983588
          ],
          [
            111.8919821,
            -8.2983323
          ],
          [
            111.8921095,
            -8.2983283
          ],
          [
            111.8922825,
            -8.298323
          ],
          [
            111.892359,
            -8.2983217
          ],
          [
            111.8925427,
            -8.2983442
          ],
          [
            111.892717,
            -8.2984119
          ],
          [
            111.8928578,
            -8.2984783
          ],
          [
            111.8929933,
            -8.2985221
          ],
          [
            111.8931891,
            -8.2985539
          ],
          [
            111.8935794,
            -8.2986203
          ],
          [
            111.8938006,
            -8.2986773
          ],
          [
            111.8940139,
            -8.2987516
          ],
          [
            111.8941024,
            -8.2988034
          ],
          [
            111.8941574,
            -8.2988512
          ],
          [
            111.8942191,
            -8.2988923
          ],
          [
            111.8942955,
            -8.2988976
          ],
          [
            111.8944122,
            -8.2988737
          ],
          [
            111.8945624,
            -8.2988286
          ],
          [
            111.8949594,
            -8.2986733
          ],
          [
            111.8952396,
            -8.2985446
          ],
          [
            111.8953671,
            -8.2985101
          ],
          [
            111.8954703,
            -8.2985154
          ],
          [
            111.8955575,
            -8.2985366
          ],
          [
            111.8956554,
            -8.2986123
          ],
          [
            111.8957157,
            -8.2986866
          ],
          [
            111.8957774,
            -8.2988087
          ],
          [
            111.8957815,
            -8.298875
          ],
          [
            111.8957788,
            -8.2989573
          ],
          [
            111.8957479,
            -8.2990051
          ],
          [
            111.8956299,
            -8.2990967
          ],
          [
            111.8955334,
            -8.2991882
          ],
          [
            111.8954931,
            -8.299244
          ],
          [
            111.8954851,
            -8.2993249
          ],
          [
            111.8954998,
            -8.2994311
          ],
          [
            111.8955508,
            -8.299524
          ],
          [
            111.8956836,
            -8.2996368
          ],
          [
            111.8958311,
            -8.2997429
          ],
          [
            111.8959625,
            -8.299796
          ],
          [
            111.8961087,
            -8.2998345
          ],
          [
            111.896279,
            -8.2998703
          ],
          [
            111.8965727,
            -8.2999367
          ],
          [
            111.8967846,
            -8.2999885
          ],
          [
            111.8971963,
            -8.3000681
          ],
          [
            111.8974847,
            -8.3001145
          ],
          [
            111.8977234,
            -8.3001371
          ],
          [
            111.8979594,
            -8.3001543
          ],
          [
            111.8981445,
            -8.3001822
          ],
          [
            111.8982048,
            -8.3002167
          ],
          [
            111.8983121,
            -8.3003215
          ],
          [
            111.8984449,
            -8.3004649
          ],
          [
            111.8985683,
            -8.3005617
          ],
          [
            111.8987735,
            -8.3006865
          ],
          [
            111.8988714,
            -8.3007701
          ],
          [
            111.8989196,
            -8.3008298
          ],
          [
            111.8989451,
            -8.3008909
          ],
          [
            111.8989813,
            -8.3010488
          ],
          [
            111.8990055,
            -8.3013208
          ],
          [
            111.8989947,
            -8.3014801
          ],
          [
            111.8989679,
            -8.3015902
          ],
          [
            111.8989223,
            -8.3016247
          ],
          [
            111.8988647,
            -8.3016287
          ],
          [
            111.8986903,
            -8.3015968
          ],
          [
            111.8985736,
            -8.3015876
          ],
          [
            111.8984006,
            -8.3016101
          ],
          [
            111.8980265,
            -8.3016871
          ],
          [
            111.8978602,
            -8.3017242
          ],
          [
            111.8977636,
            -8.301772
          ],
          [
            111.8976536,
            -8.3018914
          ],
          [
            111.8975437,
            -8.3023957
          ],
          [
            111.8974954,
            -8.302616
          ],
          [
            111.8974619,
            -8.30277
          ],
          [
            111.897427,
            -8.3028854
          ],
          [
            111.8973975,
            -8.3029743
          ],
          [
            111.8973961,
            -8.3029956
          ],
          [
            111.8974082,
            -8.3030175
          ],
          [
            111.897431,
            -8.3030201
          ],
          [
            111.8974793,
            -8.3029995
          ],
          [
            111.8975772,
            -8.3029544
          ],
          [
            111.8976939,
            -8.3029146
          ],
          [
            111.8978092,
            -8.3028828
          ],
          [
            111.8978937,
            -8.3028801
          ],
          [
            111.8980171,
            -8.3029
          ],
          [
            111.8982477,
            -8.3029942
          ],
          [
            111.8984637,
            -8.303103
          ],
          [
            111.8986943,
            -8.303245
          ],
          [
            111.8988231,
            -8.3033817
          ],
          [
            111.8989143,
            -8.3035277
          ],
          [
            111.8989934,
            -8.3037613
          ],
          [
            111.8990336,
            -8.3039378
          ],
          [
            111.8990739,
            -8.3040904
          ],
          [
            111.8990886,
            -8.3041249
          ],
          [
            111.8991208,
            -8.3041607
          ],
          [
            111.8991718,
            -8.3041673
          ],
          [
            111.8993086,
            -8.304174
          ],
          [
            111.8996371,
            -8.3041846
          ],
          [
            111.8998383,
            -8.304174
          ],
          [
            111.8999603,
            -8.3041302
          ],
          [
            111.9001079,
            -8.3040625
          ],
          [
            111.9002607,
            -8.3039736
          ],
          [
            111.9005451,
            -8.303821
          ],
          [
            111.9008012,
            -8.3037055
          ],
          [
            111.9009098,
            -8.3036432
          ],
          [
            111.9009809,
            -8.3035874
          ],
          [
            111.9010426,
            -8.3035091
          ],
          [
            111.9010869,
            -8.3033777
          ],
          [
            111.9011191,
            -8.3032198
          ],
          [
            111.9011539,
            -8.3031229
          ],
          [
            111.9012049,
            -8.3030632
          ],
          [
            111.9013283,
            -8.3029982
          ],
          [
            111.9015348,
            -8.3029584
          ],
          [
            111.9016407,
            -8.302965
          ],
          [
            111.9017199,
            -8.3030181
          ],
          [
            111.9017963,
            -8.3031561
          ],
          [
            111.9019519,
            -8.3034587
          ],
          [
            111.9020297,
            -8.3035423
          ],
          [
            111.9021007,
            -8.3035967
          ],
          [
            111.9022241,
            -8.3036577
          ],
          [
            111.9023167,
            -8.3036644
          ],
          [
            111.9023676,
            -8.3036166
          ],
          [
            111.9023824,
            -8.3035741
          ],
          [
            111.9023703,
            -8.303464
          ],
          [
            111.9023059,
            -8.3033711
          ],
          [
            111.9022,
            -8.3032756
          ],
          [
            111.9020417,
            -8.3030845
          ],
          [
            111.9019827,
            -8.3029783
          ],
          [
            111.9018526,
            -8.3027288
          ],
          [
            111.901803,
            -8.302616
          ],
          [
            111.9017816,
            -8.3025337
          ],
          [
            111.9017909,
            -8.3024156
          ],
          [
            111.9018432,
            -8.3022245
          ],
          [
            111.9019371,
            -8.3020162
          ],
          [
            111.9020404,
            -8.301906
          ],
          [
            111.9022402,
            -8.3017388
          ],
          [
            111.9024199,
            -8.3016101
          ],
          [
            111.9026721,
            -8.3014734
          ],
          [
            111.9029295,
            -8.3013434
          ],
          [
            111.9030905,
            -8.3013049
          ],
          [
            111.9032085,
            -8.3013208
          ],
          [
            111.9033667,
            -8.3013938
          ],
          [
            111.9035961,
            -8.3015464
          ],
          [
            111.9037503,
            -8.3017017
          ],
          [
            111.9038723,
            -8.3018423
          ],
          [
            111.9039555,
            -8.3019684
          ],
          [
            111.9040292,
            -8.3021144
          ],
          [
            111.9040775,
            -8.3021701
          ],
          [
            111.9041674,
            -8.3022312
          ],
          [
            111.9043002,
            -8.3022935
          ],
          [
            111.9044276,
            -8.3023214
          ],
          [
            111.9046046,
            -8.3023533
          ],
          [
            111.9047186,
            -8.3023785
          ],
          [
            111.9048044,
            -8.3024249
          ],
          [
            111.9048889,
            -8.3025072
          ],
          [
            111.9049801,
            -8.3026081
          ],
          [
            111.9051048,
            -8.3027248
          ],
          [
            111.9052188,
            -8.302827
          ],
          [
            111.9053476,
            -8.3029319
          ],
          [
            111.9054937,
            -8.3030553
          ],
          [
            111.9055983,
            -8.3031084
          ],
          [
            111.9057472,
            -8.303176
          ],
          [
            111.9058008,
            -8.3031774
          ],
          [
            111.9058397,
            -8.3031482
          ],
          [
            111.9058652,
            -8.3030792
          ],
          [
            111.9058625,
            -8.3029876
          ],
          [
            111.9058169,
            -8.3028774
          ],
          [
            111.9057271,
            -8.30275
          ],
          [
            111.9056694,
            -8.3026346
          ],
          [
            111.905648,
            -8.3025099
          ],
          [
            111.9056775,
            -8.3024329
          ],
          [
            111.9057593,
            -8.3023626
          ],
          [
            111.9058625,
            -8.3023241
          ],
          [
            111.9059698,
            -8.3023148
          ],
          [
            111.9061978,
            -8.3023626
          ],
          [
            111.9063386,
            -8.3023864
          ],
          [
            111.9065613,
            -8.3023997
          ],
          [
            111.906741,
            -8.3024236
          ],
          [
            111.9069046,
            -8.3024541
          ],
          [
            111.9070923,
            -8.3025032
          ],
          [
            111.9072144,
            -8.3025377
          ],
          [
            111.9073337,
            -8.3025523
          ],
          [
            111.9074115,
            -8.3025258
          ],
          [
            111.9075067,
            -8.3024448
          ],
          [
            111.9076113,
            -8.3023426
          ],
          [
            111.9077884,
            -8.3021967
          ],
          [
            111.9078661,
            -8.302121
          ],
          [
            111.9079319,
            -8.3020454
          ],
          [
            111.9081491,
            -8.3018171
          ],
          [
            111.9083798,
            -8.3016075
          ],
          [
            111.9085541,
            -8.3014933
          ],
          [
            111.9087285,
            -8.3013898
          ],
          [
            111.9088867,
            -8.3013208
          ],
          [
            111.9090262,
            -8.3011934
          ],
          [
            111.9091335,
            -8.3010023
          ],
          [
            111.9092837,
            -8.3007741
          ],
          [
            111.909458,
            -8.3006016
          ],
          [
            111.9097316,
            -8.3003706
          ],
          [
            111.9099918,
            -8.3001424
          ],
          [
            111.9101863,
            -8.3000176
          ],
          [
            111.9102875,
            -8.2999646
          ],
          [
            111.9103526,
            -8.29995
          ],
          [
            111.9104169,
            -8.2999579
          ],
          [
            111.9104578,
            -8.2999659
          ],
          [
            111.9104806,
            -8.2999632
          ],
          [
            111.910492,
            -8.299948
          ],
          [
            111.9104927,
            -8.2999161
          ],
          [
            111.9104672,
            -8.2998604
          ],
          [
            111.9104283,
            -8.2997887
          ],
          [
            111.9103003,
            -8.2996182
          ],
          [
            111.9101876,
            -8.2994457
          ],
          [
            111.9101058,
            -8.2993037
          ],
          [
            111.9099878,
            -8.2991418
          ],
          [
            111.9099113,
            -8.2990091
          ],
          [
            111.9098416,
            -8.2988445
          ],
          [
            111.9098067,
            -8.2987092
          ],
          [
            111.9098014,
            -8.2985194
          ],
          [
            111.9098443,
            -8.2983575
          ],
          [
            111.9100133,
            -8.2979567
          ],
          [
            111.9100669,
            -8.2978253
          ],
          [
            111.9102305,
            -8.2975971
          ],
          [
            111.9107026,
            -8.2972574
          ],
          [
            111.9110244,
            -8.2971167
          ],
          [
            111.9114885,
            -8.2970079
          ],
          [
            111.9118546,
            -8.2969707
          ],
          [
            111.9119686,
            -8.2969681
          ],
          [
            111.9121094,
            -8.2970092
          ],
          [
            111.9123562,
            -8.2971578
          ],
          [
            111.9124608,
            -8.2972122
          ],
          [
            111.9126056,
            -8.2972454
          ],
          [
            111.9128081,
            -8.2972574
          ],
          [
            111.913067,
            -8.2972268
          ],
          [
            111.9132306,
            -8.2972003
          ],
          [
            111.9133486,
            -8.297183
          ],
          [
            111.9134599,
            -8.2971791
          ],
          [
            111.9137013,
            -8.2972096
          ],
          [
            111.9140808,
            -8.2972985
          ],
          [
            111.9142699,
            -8.2973343
          ],
          [
            111.9144496,
            -8.2973423
          ],
          [
            111.9146267,
            -8.2973449
          ],
          [
            111.9150813,
            -8.2973675
          ],
          [
            111.9153804,
            -8.2974113
          ],
          [
            111.9156164,
            -8.297483
          ],
          [
            111.9162172,
            -8.29782
          ],
          [
            111.9166303,
            -8.298112
          ],
          [
            111.9169414,
            -8.2983694
          ],
          [
            111.9169709,
            -8.2984278
          ],
          [
            111.9169769,
            -8.298473
          ],
          [
            111.9169602,
            -8.2985439
          ],
          [
            111.9169072,
            -8.2986475
          ],
          [
            111.9168153,
            -8.2987954
          ],
          [
            111.9167724,
            -8.298891
          ],
          [
            111.9167684,
            -8.298956
          ],
          [
            111.9167751,
            -8.2990078
          ],
          [
            111.9168985,
            -8.2992626
          ],
          [
            111.9170219,
            -8.299459
          ],
          [
            111.9171627,
            -8.2996155
          ],
          [
            111.9172633,
            -8.2996846
          ],
          [
            111.9175892,
            -8.2998053
          ],
          [
            111.917852,
            -8.2998451
          ],
          [
            111.9180612,
            -8.299877
          ],
          [
            111.9182114,
            -8.2999181
          ],
          [
            111.9182946,
            -8.2999619
          ],
          [
            111.9183844,
            -8.3000601
          ],
          [
            111.9184595,
            -8.3001676
          ],
          [
            111.9185333,
            -8.3003162
          ],
          [
            111.9186084,
            -8.3004556
          ],
          [
            111.9186795,
            -8.3005379
          ],
          [
            111.9188149,
            -8.3006639
          ],
          [
            111.9190121,
            -8.3008272
          ],
          [
            111.919232,
            -8.3009851
          ],
          [
            111.9194278,
            -8.3011058
          ],
          [
            111.9195874,
            -8.3011364
          ],
          [
            111.9198167,
            -8.3011536
          ],
          [
            111.9200206,
            -8.3011496
          ],
          [
            111.9203719,
            -8.3011377
          ],
          [
            111.9207998,
            -8.3011629
          ],
          [
            111.9210653,
            -8.3011682
          ],
          [
            111.9212316,
            -8.3011616
          ],
          [
            111.9213724,
            -8.3011204
          ],
          [
            111.9215387,
            -8.3010753
          ],
          [
            111.9216983,
            -8.301062
          ],
          [
            111.9218217,
            -8.301078
          ],
          [
            111.9220349,
            -8.3011549
          ],
          [
            111.9222428,
            -8.3012571
          ],
          [
            111.9223098,
            -8.3013221
          ],
          [
            111.9223809,
            -8.3014389
          ],
          [
            111.922503,
            -8.3015849
          ],
          [
            111.9226424,
            -8.3017455
          ],
          [
            111.922794,
            -8.3018569
          ],
          [
            111.9229643,
            -8.3019366
          ],
          [
            111.92314,
            -8.3020215
          ],
          [
            111.9234109,
            -8.3021582
          ],
          [
            111.9235933,
            -8.3022736
          ],
          [
            111.923887,
            -8.3024515
          ],
          [
            111.9240372,
            -8.302555
          ],
          [
            111.924284,
            -8.3027633
          ],
          [
            111.9243859,
            -8.3028828
          ],
          [
            111.9244422,
            -8.3030181
          ],
          [
            111.924473,
            -8.3032384
          ],
          [
            111.9245012,
            -8.3034282
          ],
          [
            111.9245321,
            -8.3035489
          ],
          [
            111.9245857,
            -8.3036458
          ],
          [
            111.9246742,
            -8.3037453
          ],
          [
            111.924866,
            -8.3039072
          ],
          [
            111.9251047,
            -8.3041169
          ],
          [
            111.9252737,
            -8.3042974
          ],
          [
            111.9253394,
            -8.3043385
          ],
          [
            111.9254185,
            -8.3043584
          ],
          [
            111.9254963,
            -8.3043478
          ],
          [
            111.9256157,
            -8.3042629
          ],
          [
            111.9257873,
            -8.3040612
          ],
          [
            111.9259684,
            -8.3038449
          ],
          [
            111.9261387,
            -8.3037175
          ],
          [
            111.926242,
            -8.3036604
          ],
          [
            111.9263506,
            -8.3036432
          ],
          [
            111.9264284,
            -8.3036737
          ],
          [
            111.9264767,
            -8.3037108
          ],
          [
            111.926537,
            -8.303825
          ],
          [
            111.926592,
            -8.3039749
          ],
          [
            111.926659,
            -8.3041886
          ],
          [
            111.9268186,
            -8.3045469
          ],
          [
            111.9271405,
            -8.3051653
          ],
          [
            111.9272532,
            -8.3053776
          ],
          [
            111.9273323,
            -8.3054625
          ],
          [
            111.9274141,
            -8.305497
          ],
          [
            111.9274664,
            -8.3054877
          ],
          [
            111.9275053,
            -8.3054585
          ],
          [
            111.9275482,
            -8.305371
          ],
          [
            111.9275884,
            -8.3052515
          ],
          [
            111.9276327,
            -8.3051613
          ],
          [
            111.9277051,
            -8.3050511
          ],
          [
            111.9277628,
            -8.3049596
          ],
          [
            111.9277963,
            -8.3048892
          ],
          [
            111.9278157,
            -8.3048083
          ],
          [
            111.9278218,
            -8.3047214
          ],
          [
            111.9278251,
            -8.3046006
          ],
          [
            111.9278345,
            -8.3045389
          ],
          [
            111.9278647,
            -8.3044699
          ],
          [
            111.927925,
            -8.3044062
          ],
          [
            111.9280028,
            -8.3043412
          ],
          [
            111.9281128,
            -8.3042337
          ],
          [
            111.928196,
            -8.3041541
          ],
          [
            111.9282751,
            -8.3040851
          ],
          [
            111.928369,
            -8.3040452
          ],
          [
            111.9284695,
            -8.3040705
          ],
          [
            111.92855,
            -8.3041448
          ],
          [
            111.9285929,
            -8.3042655
          ],
          [
            111.9286305,
            -8.304385
          ],
          [
            111.9287767,
            -8.3046291
          ],
          [
            111.9288397,
            -8.3048163
          ],
          [
            111.9288853,
            -8.3049728
          ],
          [
            111.9288906,
            -8.3051507
          ],
          [
            111.9288719,
            -8.3055833
          ],
          [
            111.9288544,
            -8.30585
          ],
          [
            111.9288638,
            -8.3059695
          ],
          [
            111.9289094,
            -8.3060862
          ],
          [
            111.929006,
            -8.306203
          ],
          [
            111.9291106,
            -8.3063012
          ],
          [
            111.9292071,
            -8.3063636
          ],
          [
            111.9293198,
            -8.3063835
          ],
          [
            111.9295974,
            -8.3063742
          ],
          [
            111.9297288,
            -8.3063742
          ],
          [
            111.9297919,
            -8.3063477
          ],
          [
            111.9298629,
            -8.306284
          ],
          [
            111.9299166,
            -8.3061964
          ],
          [
            111.9299541,
            -8.3060876
          ],
          [
            111.9299823,
            -8.306
          ],
          [
            111.93004,
            -8.3058859
          ],
          [
            111.9301017,
            -8.3058208
          ],
          [
            111.9302183,
            -8.305724
          ],
          [
            111.9303323,
            -8.3056244
          ],
          [
            111.9306234,
            -8.3053962
          ],
          [
            111.9307508,
            -8.3053404
          ],
          [
            111.9308768,
            -8.3053033
          ],
          [
            111.930968,
            -8.3052847
          ],
          [
            111.9310378,
            -8.3052874
          ],
          [
            111.9312054,
            -8.3053471
          ],
          [
            111.9313502,
            -8.3053922
          ],
          [
            111.9315018,
            -8.3054187
          ],
          [
            111.9316909,
            -8.3054426
          ],
          [
            111.9319175,
            -8.3054811
          ],
          [
            111.9320691,
            -8.3055236
          ],
          [
            111.932179,
            -8.3055594
          ],
          [
            111.932281,
            -8.3055687
          ],
          [
            111.9323748,
            -8.3055501
          ],
          [
            111.9325867,
            -8.3055169
          ],
          [
            111.9328429,
            -8.3055116
          ],
          [
            111.9329891,
            -8.3055276
          ],
          [
            111.9332841,
            -8.3056032
          ],
          [
            111.9334759,
            -8.3056749
          ],
          [
            111.933618,
            -8.3057863
          ],
          [
            111.9337226,
            -8.3058646
          ],
          [
            111.9338138,
            -8.3060026
          ],
          [
            111.9339077,
            -8.3062694
          ],
          [
            111.9340338,
            -8.3067139
          ],
          [
            111.9340928,
            -8.3070099
          ],
          [
            111.9341692,
            -8.3071863
          ],
          [
            111.9342349,
            -8.3073058
          ],
          [
            111.9343261,
            -8.3073973
          ],
          [
            111.9344509,
            -8.3074929
          ],
          [
            111.9345166,
            -8.307546
          ],
          [
            111.9345689,
            -8.3076229
          ],
          [
            111.9346292,
            -8.3077304
          ],
          [
            111.9346735,
            -8.3077649
          ],
          [
            111.9347191,
            -8.3077941
          ],
          [
            111.9347593,
            -8.3077875
          ],
          [
            111.9347969,
            -8.3077517
          ],
          [
            111.9348505,
            -8.3076428
          ],
          [
            111.9349672,
            -8.3074305
          ],
          [
            111.9350825,
            -8.3073151
          ],
          [
            111.9353186,
            -8.3071399
          ],
          [
            111.9355506,
            -8.3070377
          ],
          [
            111.9357638,
            -8.3069554
          ],
          [
            111.9361755,
            -8.3068254
          ],
          [
            111.9364317,
            -8.3067683
          ],
          [
            111.9366141,
            -8.3067139
          ],
          [
            111.936838,
            -8.3066144
          ],
          [
            111.9369909,
            -8.3065202
          ],
          [
            111.9372457,
            -8.3063477
          ],
          [
            111.9374402,
            -8.3062309
          ],
          [
            111.9376561,
            -8.3061035
          ],
          [
            111.9379096,
            -8.3059416
          ],
          [
            111.938033,
            -8.3058235
          ],
          [
            111.9381496,
            -8.3056669
          ],
          [
            111.9382985,
            -8.3053988
          ],
          [
            111.9384433,
            -8.3051202
          ],
          [
            111.9385546,
            -8.3049742
          ],
          [
            111.9386418,
            -8.304868
          ],
          [
            111.9388886,
            -8.304592
          ],
          [
            111.9391099,
            -8.3043518
          ],
          [
            111.9393539,
            -8.3041262
          ],
          [
            111.9394505,
            -8.3040094
          ],
          [
            111.9395336,
            -8.3038342
          ],
          [
            111.9396597,
            -8.3034043
          ],
          [
            111.9398501,
            -8.3029504
          ],
          [
            111.9399869,
            -8.3027301
          ],
          [
            111.940172,
            -8.3025045
          ],
          [
            111.9404107,
            -8.3022152
          ],
          [
            111.9407138,
            -8.301841
          ],
          [
            111.940856,
            -8.301626
          ],
          [
            111.9409874,
            -8.3013527
          ],
          [
            111.9410893,
            -8.3012226
          ],
          [
            111.9413039,
            -8.3009652
          ],
          [
            111.9415024,
            -8.3007661
          ],
          [
            111.9419047,
            -8.3003096
          ],
          [
            111.9420415,
            -8.3002114
          ],
          [
            111.9423071,
            -8.3001158
          ],
          [
            111.9425136,
            -8.3000389
          ],
          [
            111.9427215,
            -8.3000283
          ],
          [
            111.9429816,
            -8.3000309
          ],
          [
            111.9431265,
            -8.3000322
          ],
          [
            111.943211,
            -8.3000402
          ],
          [
            111.9432458,
            -8.3000322
          ],
          [
            111.9432599,
            -8.3000203
          ],
          [
            111.9432586,
            -8.2999904
          ],
          [
            111.9432445,
            -8.2999447
          ],
          [
            111.9431701,
            -8.2998153
          ],
          [
            111.9431298,
            -8.299733
          ],
          [
            111.9430688,
            -8.2996374
          ],
          [
            111.943046,
            -8.2995937
          ],
          [
            111.943038,
            -8.2995353
          ],
          [
            111.94304,
            -8.2994862
          ],
          [
            111.9431117,
            -8.2991405
          ],
          [
            111.9432271,
            -8.2989825
          ],
          [
            111.9432887,
            -8.298956
          ],
          [
            111.9434001,
            -8.2989441
          ],
          [
            111.9434859,
            -8.2989686
          ],
          [
            111.9435489,
            -8.2989932
          ],
          [
            111.9435985,
            -8.299033
          ],
          [
            111.9436455,
            -8.299094
          ],
          [
            111.9436683,
            -8.2991444
          ],
          [
            111.9437045,
            -8.2991836
          ],
          [
            111.9437394,
            -8.2991942
          ],
          [
            111.9437615,
            -8.2991816
          ],
          [
            111.9437883,
            -8.2991418
          ],
          [
            111.9438098,
            -8.29909
          ],
          [
            111.9438191,
            -8.299029
          ],
          [
            111.9438031,
            -8.2989441
          ],
          [
            111.9437729,
            -8.2988034
          ],
          [
            111.9437427,
            -8.2987178
          ],
          [
            111.9437025,
            -8.298684
          ],
          [
            111.943673,
            -8.2986753
          ],
          [
            111.9435261,
            -8.298676
          ],
          [
            111.9434483,
            -8.2986587
          ],
          [
            111.9433833,
            -8.2986163
          ],
          [
            111.9433571,
            -8.2985771
          ],
          [
            111.9433451,
            -8.298538
          ],
          [
            111.9433377,
            -8.298461
          ],
          [
            111.943339,
            -8.2984166
          ],
          [
            111.9433625,
            -8.2983462
          ],
          [
            111.943384,
            -8.2982865
          ],
          [
            111.9433907,
            -8.298244
          ],
          [
            111.9433833,
            -8.2982089
          ],
          [
            111.9433618,
            -8.2981472
          ],
          [
            111.943329,
            -8.2980795
          ],
          [
            111.9432713,
            -8.2980158
          ],
          [
            111.9432431,
            -8.2980005
          ],
          [
            111.9432136,
            -8.2980025
          ],
          [
            111.9431935,
            -8.2980131
          ],
          [
            111.9431607,
            -8.2980549
          ],
          [
            111.9431211,
            -8.2981107
          ],
          [
            111.9430735,
            -8.2981418
          ],
          [
            111.9430413,
            -8.2981345
          ],
          [
            111.9430178,
            -8.2981093
          ],
          [
            111.9430091,
            -8.2980576
          ],
          [
            111.9430427,
            -8.29797
          ],
          [
            111.9431184,
            -8.2978798
          ],
          [
            111.9431801,
            -8.29782
          ],
          [
            111.9432217,
            -8.2977524
          ],
          [
            111.9432271,
            -8.2976993
          ],
          [
            111.9431801,
            -8.2976196
          ],
          [
            111.9430876,
            -8.2974471
          ],
          [
            111.9430004,
            -8.2972812
          ],
          [
            111.9429213,
            -8.2971061
          ],
          [
            111.9428945,
            -8.2970065
          ],
          [
            111.9429132,
            -8.2969282
          ],
          [
            111.9429481,
            -8.2968831
          ],
          [
            111.9430192,
            -8.2968592
          ],
          [
            111.9431144,
            -8.2968659
          ],
          [
            111.9432405,
            -8.2968845
          ],
          [
            111.9434027,
            -8.2969123
          ],
          [
            111.9435449,
            -8.2969176
          ],
          [
            111.9437018,
            -8.2968685
          ],
          [
            111.9438507,
            -8.2968088
          ],
          [
            111.9438976,
            -8.2967663
          ],
          [
            111.9439097,
            -8.2967106
          ],
          [
            111.943907,
            -8.2966655
          ],
          [
            111.9437917,
            -8.2964691
          ],
          [
            111.9436723,
            -8.2963483
          ],
          [
            111.9435073,
            -8.2961665
          ],
          [
            111.9434812,
            -8.2960836
          ],
          [
            111.9434919,
            -8.2960597
          ],
          [
            111.9435268,
            -8.2960424
          ],
          [
            111.9435778,
            -8.296057
          ],
          [
            111.9436917,
            -8.2961333
          ],
          [
            111.9438004,
            -8.2961791
          ],
          [
            111.9438761,
            -8.2961824
          ],
          [
            111.9439767,
            -8.2961771
          ],
          [
            111.9440854,
            -8.2961738
          ],
          [
            111.9441323,
            -8.2961493
          ],
          [
            111.9441383,
            -8.2961154
          ],
          [
            111.9441269,
            -8.2960756
          ],
          [
            111.9441015,
            -8.2960484
          ],
          [
            111.9440337,
            -8.2960318
          ],
          [
            111.943915,
            -8.2960179
          ],
          [
            111.9438191,
            -8.2959973
          ],
          [
            111.943801,
            -8.2959741
          ],
          [
            111.9437957,
            -8.2959462
          ],
          [
            111.9437964,
            -8.295911
          ],
          [
            111.9437964,
            -8.2958686
          ],
          [
            111.9437776,
            -8.2958281
          ],
          [
            111.9437313,
            -8.2957598
          ],
          [
            111.9436917,
            -8.2957007
          ],
          [
            111.9436669,
            -8.2956556
          ],
          [
            111.9436374,
            -8.2955481
          ],
          [
            111.9435677,
            -8.295211
          ],
          [
            111.9435355,
            -8.2951088
          ],
          [
            111.9435234,
            -8.295004
          ],
          [
            111.9435208,
            -8.2949522
          ],
          [
            111.9434738,
            -8.2948766
          ],
          [
            111.943384,
            -8.2948182
          ],
          [
            111.9432364,
            -8.2947147
          ],
          [
            111.9431922,
            -8.2946483
          ],
          [
            111.9431721,
            -8.2945899
          ],
          [
            111.9431815,
            -8.2945329
          ],
          [
            111.9432002,
            -8.2944413
          ],
          [
            111.9432271,
            -8.2943232
          ],
          [
            111.9431895,
            -8.2941387
          ],
          [
            111.9430889,
            -8.2939158
          ],
          [
            111.9430138,
            -8.2938189
          ],
          [
            111.9429575,
            -8.2937964
          ],
          [
            111.9429052,
            -8.2938043
          ],
          [
            111.9425525,
            -8.2940591
          ],
          [
            111.9423379,
            -8.2941905
          ],
          [
            111.9422346,
            -8.2942277
          ],
          [
            111.9421636,
            -8.2942011
          ],
          [
            111.9421086,
            -8.2941401
          ],
          [
            111.942063,
            -8.2940312
          ],
          [
            111.942008,
            -8.2938216
          ],
          [
            111.9419369,
            -8.2936716
          ],
          [
            111.9418377,
            -8.2936172
          ],
          [
            111.941776,
            -8.2936172
          ],
          [
            111.9416821,
            -8.2936544
          ],
          [
            111.9415936,
            -8.293734
          ],
          [
            111.9414903,
            -8.2938481
          ],
          [
            111.9413589,
            -8.2939981
          ],
          [
            111.941261,
            -8.294087
          ],
          [
            111.9411175,
            -8.2941626
          ],
          [
            111.9409955,
            -8.2941799
          ],
          [
            111.9409311,
            -8.29416
          ],
          [
            111.9408278,
            -8.2940658
          ],
          [
            111.940797,
            -8.2939755
          ],
          [
            111.9407943,
            -8.2939025
          ],
          [
            111.9407876,
            -8.2937486
          ],
          [
            111.9407755,
            -8.2936291
          ],
          [
            111.9407044,
            -8.2935177
          ],
          [
            111.940565,
            -8.2934088
          ],
          [
            111.940176,
            -8.2932801
          ],
          [
            111.9399534,
            -8.2932337
          ],
          [
            111.9398166,
            -8.2932217
          ],
          [
            111.939708,
            -8.2932416
          ],
          [
            111.9394867,
            -8.2933173
          ],
          [
            111.9393848,
            -8.2933956
          ],
          [
            111.9392762,
            -8.2935137
          ],
          [
            111.9391863,
            -8.2935469
          ],
          [
            111.9391139,
            -8.2935243
          ],
          [
            111.9388966,
            -8.293385
          ],
          [
            111.9388068,
            -8.2932841
          ],
          [
            111.9387545,
            -8.2931686
          ],
          [
            111.9387183,
            -8.2929629
          ],
          [
            111.9387022,
            -8.2928501
          ],
          [
            111.9386499,
            -8.2927851
          ],
          [
            111.9385976,
            -8.2927732
          ],
          [
            111.9384782,
            -8.2928064
          ],
          [
            111.9382274,
            -8.2929085
          ],
          [
            111.9381121,
            -8.2929855
          ],
          [
            111.938037,
            -8.2930213
          ],
          [
            111.9379659,
            -8.2930293
          ],
          [
            111.937809,
            -8.2930081
          ],
          [
            111.9375408,
            -8.2929497
          ],
          [
            111.9366288,
            -8.2928196
          ],
          [
            111.9363606,
            -8.2927294
          ],
          [
            111.9361246,
            -8.2925701
          ],
          [
            111.9359502,
            -8.2924215
          ],
          [
            111.9358295,
            -8.292103
          ],
          [
            111.9357651,
            -8.2916518
          ],
          [
            111.9357308,
            -8.2912649
          ],
          [
            111.9358134,
            -8.2900752
          ],
          [
            111.9359046,
            -8.2891622
          ],
          [
            111.9360441,
            -8.2884508
          ],
          [
            111.9363365,
            -8.2872936
          ],
          [
            111.9366905,
            -8.2863938
          ],
          [
            111.9372135,
            -8.2852738
          ],
          [
            111.9377875,
            -8.2842413
          ],
          [
            111.9386002,
            -8.283084
          ],
          [
            111.9391125,
            -8.2824019
          ],
          [
            111.9396168,
            -8.2818233
          ],
          [
            111.9411395,
            -8.2804214
          ],
          [
            111.9422829,
            -8.2794981
          ],
          [
            111.9433236,
            -8.278893
          ],
          [
            111.9440585,
            -8.278601
          ],
          [
            111.9448632,
            -8.2784205
          ],
          [
            111.9456035,
            -8.2783568
          ],
          [
            111.9461238,
            -8.2782719
          ],
          [
            111.9464403,
            -8.2781657
          ],
          [
            111.9468534,
            -8.2779109
          ],
          [
            111.9471645,
            -8.277741
          ],
          [
            111.9478477,
            -8.2773629
          ],
          [
            111.9480175,
            -8.277319
          ],
          [
            111.9481784,
            -8.2773429
          ],
          [
            111.9483662,
            -8.2774278
          ],
          [
            111.9485915,
            -8.2774783
          ],
          [
            111.9489992,
            -8.2774597
          ],
          [
            111.9494256,
            -8.2773535
          ],
          [
            111.9496375,
            -8.2772792
          ],
          [
            111.9499299,
            -8.2772447
          ],
          [
            111.9501901,
            -8.2773004
          ],
          [
            111.9505924,
            -8.2774703
          ],
          [
            111.9508982,
            -8.277611
          ],
          [
            111.9512039,
            -8.2778153
          ],
          [
            111.9514185,
            -8.2779454
          ],
          [
            111.9517028,
            -8.278094
          ],
          [
            111.9521213,
            -8.2782268
          ],
          [
            111.9525745,
            -8.2783409
          ],
          [
            111.9528696,
            -8.2783515
          ],
          [
            111.9530573,
            -8.2783037
          ],
          [
            111.9536072,
            -8.2780303
          ],
          [
            111.9537587,
            -8.2779401
          ],
          [
            111.9538379,
            -8.2779136
          ],
          [
            111.9539961,
            -8.2779215
          ],
          [
            111.9542442,
            -8.278037
          ],
          [
            111.9543891,
            -8.2781272
          ],
          [
            111.9545044,
            -8.2782427
          ],
          [
            111.9545795,
            -8.2782891
          ],
          [
            111.9547042,
            -8.2783263
          ],
          [
            111.9547713,
            -8.2783263
          ],
          [
            111.9549268,
            -8.2782971
          ],
          [
            111.9552433,
            -8.2782294
          ],
          [
            111.9553627,
            -8.2782108
          ],
          [
            111.9555317,
            -8.2782374
          ],
          [
            111.9558214,
            -8.2783263
          ],
          [
            111.956052,
            -8.2784218
          ],
          [
            111.9562116,
            -8.278471
          ],
          [
            111.956335,
            -8.2784749
          ],
          [
            111.9565094,
            -8.2784431
          ],
          [
            111.9567145,
            -8.2784059
          ],
          [
            111.9569613,
            -8.2784033
          ],
          [
            111.9571289,
            -8.2784391
          ],
          [
            111.9572711,
            -8.2784935
          ],
          [
            111.9575152,
            -8.2785771
          ],
          [
            111.9576198,
            -8.2786342
          ],
          [
            111.9576493,
            -8.2786979
          ],
          [
            111.9576627,
            -8.2788001
          ],
          [
            111.9576882,
            -8.2790363
          ],
          [
            111.9576989,
            -8.2791305
          ],
          [
            111.957723,
            -8.2791903
          ],
          [
            111.9577646,
            -8.2792327
          ],
          [
            111.9578491,
            -8.2792566
          ],
          [
            111.9579296,
            -8.279238
          ],
          [
            111.9580489,
            -8.2791584
          ],
          [
            111.9581857,
            -8.2790549
          ],
          [
            111.9583976,
            -8.2788943
          ],
          [
            111.9584647,
            -8.2788386
          ],
          [
            111.9585679,
            -8.2787496
          ],
          [
            111.958643,
            -8.2787098
          ],
          [
            111.9588107,
            -8.2786979
          ],
          [
            111.959095,
            -8.2787351
          ],
          [
            111.9591969,
            -8.2787656
          ],
          [
            111.9592895,
            -8.2788319
          ],
          [
            111.959441,
            -8.278897
          ],
          [
            111.9595711,
            -8.2789222
          ],
          [
            111.9597656,
            -8.2789394
          ],
          [
            111.9600673,
            -8.2789368
          ],
          [
            111.9602752,
            -8.2789408
          ],
          [
            111.9604965,
            -8.2790018
          ],
          [
            111.960699,
            -8.2791239
          ],
          [
            111.9609041,
            -8.2792659
          ],
          [
            111.9610597,
            -8.2793827
          ],
          [
            111.9611509,
            -8.2794172
          ],
          [
            111.9612636,
            -8.2794384
          ],
          [
            111.9614245,
            -8.2794132
          ],
          [
            111.961568,
            -8.2793668
          ],
          [
            111.96169,
            -8.2793415
          ],
          [
            111.9617987,
            -8.2793415
          ],
          [
            111.9619797,
            -8.2794066
          ],
          [
            111.9622761,
            -8.2795672
          ],
          [
            111.9624585,
            -8.2796866
          ],
          [
            111.9625752,
            -8.2797888
          ],
          [
            111.962657,
            -8.279883
          ],
          [
            111.96272,
            -8.2799374
          ],
          [
            111.9628313,
            -8.2799786
          ],
          [
            111.9629507,
            -8.2799626
          ],
          [
            111.9630325,
            -8.2799228
          ],
          [
            111.9630915,
            -8.2798286
          ],
          [
            111.9631371,
            -8.279668
          ],
          [
            111.9631706,
            -8.2796056
          ],
          [
            111.9632216,
            -8.2795844
          ],
          [
            111.9633141,
            -8.2795658
          ],
          [
            111.9637889,
            -8.2795924
          ],
          [
            111.9640155,
            -8.2796295
          ],
          [
            111.9642059,
            -8.2797025
          ],
          [
            111.9644219,
            -8.2797676
          ],
          [
            111.9646968,
            -8.2798366
          ],
          [
            111.9648591,
            -8.2798498
          ],
          [
            111.9652198,
            -8.2798565
          ],
          [
            111.965704,
            -8.2798193
          ],
          [
            111.966227,
            -8.2798193
          ],
          [
            111.9667876,
            -8.2798804
          ],
          [
            111.9673133,
            -8.2800104
          ],
          [
            111.9679329,
            -8.2801936
          ],
          [
            111.9686222,
            -8.28039
          ],
          [
            111.9695583,
            -8.2805784
          ],
          [
            111.9709343,
            -8.2809739
          ],
          [
            111.9723397,
            -8.2815207
          ],
          [
            111.973595,
            -8.2819772
          ],
          [
            111.974743,
            -8.2824337
          ],
          [
            111.9758749,
            -8.2828531
          ],
          [
            111.976406,
            -8.2830654
          ],
          [
            111.976878,
            -8.2832619
          ],
          [
            111.9789326,
            -8.2841484
          ],
          [
            111.980043,
            -8.2847058
          ],
          [
            111.9806224,
            -8.2851729
          ],
          [
            111.9811052,
            -8.2856772
          ],
          [
            111.9816899,
            -8.2863673
          ],
          [
            111.9823229,
            -8.2873493
          ],
          [
            111.9829184,
            -8.2883739
          ],
          [
            111.9835889,
            -8.2896957
          ],
          [
            111.9839752,
            -8.290407
          ],
          [
            111.9843829,
            -8.2907998
          ],
          [
            111.9848978,
            -8.2911501
          ],
          [
            111.9857508,
            -8.2917128
          ],
          [
            111.9870758,
            -8.2923923
          ],
          [
            111.9879073,
            -8.2928276
          ],
          [
            111.9887549,
            -8.2933637
          ],
          [
            111.9893449,
            -8.2937937
          ],
          [
            111.9896454,
            -8.2941387
          ],
          [
            111.9899726,
            -8.2945793
          ],
          [
            111.9902086,
            -8.2949137
          ],
          [
            111.990611,
            -8.2952376
          ],
          [
            111.9908631,
            -8.2953862
          ],
          [
            111.9912708,
            -8.295487
          ],
          [
            111.9915792,
            -8.2955348
          ],
          [
            111.9918931,
            -8.2956065
          ],
          [
            111.9922122,
            -8.2957604
          ],
          [
            111.9928184,
            -8.2962037
          ],
          [
            111.9931322,
            -8.2965354
          ],
          [
            111.9934541,
            -8.296915
          ],
          [
            111.9935802,
            -8.2970503
          ],
          [
            111.9938457,
            -8.2972202
          ],
          [
            111.9941998,
            -8.2973741
          ],
          [
            111.9945726,
            -8.2975599
          ],
          [
            111.9954121,
            -8.297974
          ],
          [
            111.9959432,
            -8.2982075
          ],
          [
            111.9964394,
            -8.2983562
          ],
          [
            111.9971529,
            -8.298542
          ],
          [
            111.9975445,
            -8.2985924
          ],
          [
            111.9977885,
            -8.2985844
          ],
          [
            111.9981801,
            -8.2985446
          ],
          [
            111.9985342,
            -8.2985552
          ],
          [
            111.9990519,
            -8.2985499
          ],
          [
            111.9997251,
            -8.2986083
          ],
          [
            112.0002803,
            -8.2987118
          ],
          [
            112.0005271,
            -8.2987171
          ],
          [
            112.0007443,
            -8.2986694
          ],
          [
            112.0011467,
            -8.2985818
          ],
          [
            112.0016161,
            -8.2985021
          ],
          [
            112.0020372,
            -8.2984676
          ],
          [
            112.0023161,
            -8.2984809
          ],
          [
            112.0032898,
            -8.2986932
          ],
          [
            112.0036384,
            -8.2987782
          ],
          [
            112.004191,
            -8.2990224
          ],
          [
            112.0045021,
            -8.2991789
          ],
          [
            112.0047221,
            -8.2993754
          ],
          [
            112.0048562,
            -8.2995306
          ],
          [
            112.0049594,
            -8.299662
          ],
          [
            112.0050077,
            -8.2997575
          ],
          [
            112.0050412,
            -8.2997867
          ],
          [
            112.0050922,
            -8.2997894
          ],
          [
            112.005119,
            -8.2997655
          ],
          [
            112.0051418,
            -8.2997124
          ],
          [
            112.0051606,
            -8.299662
          ],
          [
            112.0051981,
            -8.2995558
          ],
          [
            112.0052639,
            -8.2994722
          ],
          [
            112.0054235,
            -8.299386
          ],
          [
            112.0056045,
            -8.299382
          ],
          [
            112.005756,
            -8.2994085
          ],
          [
            112.0063461,
            -8.2994842
          ],
          [
            112.0068115,
            -8.2996116
          ],
          [
            112.0073453,
            -8.2997788
          ],
          [
            112.0077758,
            -8.2999685
          ],
          [
            112.007875,
            -8.3000296
          ],
          [
            112.0083484,
            -8.3003308
          ],
          [
            112.0093757,
            -8.3010979
          ],
          [
            112.0098048,
            -8.3015066
          ],
          [
            112.0099121,
            -8.3018622
          ],
          [
            112.009896,
            -8.3022391
          ],
          [
            112.0098102,
            -8.3025231
          ],
          [
            112.0096868,
            -8.3027912
          ],
          [
            112.009668,
            -8.3029159
          ],
          [
            112.0096895,
            -8.3030221
          ],
          [
            112.0097592,
            -8.3031521
          ],
          [
            112.0098773,
            -8.3033034
          ],
          [
            112.0100999,
            -8.3034759
          ],
          [
            112.0104003,
            -8.3036086
          ],
          [
            112.0106336,
            -8.3036697
          ],
          [
            112.0109394,
            -8.3037095
          ],
          [
            112.0113552,
            -8.3036936
          ],
          [
            112.0115939,
            -8.3036816
          ],
          [
            112.0117588,
            -8.3036392
          ],
          [
            112.0118648,
            -8.303606
          ],
          [
            112.0119587,
            -8.3035994
          ],
          [
            112.0120069,
            -8.3036206
          ],
          [
            112.0120271,
            -8.3036896
          ],
          [
            112.0120579,
            -8.3037772
          ],
          [
            112.0121008,
            -8.303821
          ],
          [
            112.0121665,
            -8.3038236
          ],
          [
            112.0122088,
            -8.3038037
          ],
          [
            112.0122738,
            -8.3037294
          ],
          [
            112.0123027,
            -8.3036657
          ],
          [
            112.0123208,
            -8.3036199
          ],
          [
            112.012355,
            -8.3035874
          ],
          [
            112.0123871,
            -8.3035741
          ],
          [
            112.0124643,
            -8.3035848
          ],
          [
            112.0125038,
            -8.303606
          ],
          [
            112.0125514,
            -8.3036451
          ],
          [
            112.0126111,
            -8.3036584
          ],
          [
            112.0126728,
            -8.3036378
          ],
          [
            112.0126989,
            -8.3036067
          ],
          [
            112.0127305,
            -8.3035403
          ],
          [
            112.0127814,
            -8.3034149
          ],
          [
            112.012827,
            -8.3033426
          ],
          [
            112.0128827,
            -8.3032988
          ],
          [
            112.0129497,
            -8.3032902
          ],
          [
            112.013108,
            -8.3032769
          ],
          [
            112.0132595,
            -8.3032503
          ],
          [
            112.0134486,
            -8.3032503
          ],
          [
            112.0135519,
            -8.3032902
          ],
          [
            112.0136283,
            -8.3033711
          ],
          [
            112.0136726,
            -8.3034534
          ],
          [
            112.0137034,
            -8.3034759
          ],
          [
            112.013749,
            -8.3034733
          ],
          [
            112.0137893,
            -8.3034308
          ],
          [
            112.0138429,
            -8.3033631
          ],
          [
            112.0139086,
            -8.3033207
          ],
          [
            112.0140199,
            -8.3032742
          ],
          [
            112.0141406,
            -8.3032265
          ],
          [
            112.0142439,
            -8.3031548
          ],
          [
            112.0144451,
            -8.3029982
          ],
          [
            112.0147884,
            -8.3027474
          ],
          [
            112.0149225,
            -8.3026227
          ],
          [
            112.0151827,
            -8.3023679
          ],
          [
            112.0152993,
            -8.3022896
          ],
          [
            112.0155823,
            -8.3021303
          ],
          [
            112.015758,
            -8.3020613
          ],
          [
            112.0159484,
            -8.3020361
          ],
          [
            112.0161,
            -8.302064
          ],
          [
            112.0162421,
            -8.302121
          ],
          [
            112.0165144,
            -8.3022418
          ],
          [
            112.0168523,
            -8.3023851
          ],
          [
            112.0172279,
            -8.3025802
          ],
          [
            112.0175484,
            -8.302762
          ],
          [
            112.0180982,
            -8.3031362
          ],
          [
            112.0185462,
            -8.3034308
          ],
          [
            112.018864,
            -8.303602
          ],
          [
            112.0192583,
            -8.3037334
          ],
          [
            112.01967,
            -8.3038687
          ],
          [
            112.0200482,
            -8.3040466
          ],
          [
            112.0203191,
            -8.3042111
          ],
          [
            112.0206624,
            -8.3045163
          ],
          [
            112.0211828,
            -8.30501
          ],
          [
            112.0215315,
            -8.3053948
          ],
          [
            112.0217246,
            -8.3056311
          ],
          [
            112.0218238,
            -8.3058646
          ],
          [
            112.0219204,
            -8.3060265
          ],
          [
            112.0220733,
            -8.3061751
          ],
          [
            112.022194,
            -8.3062362
          ],
          [
            112.0223603,
            -8.3063078
          ],
          [
            112.0226553,
            -8.3063742
          ],
          [
            112.0229503,
            -8.3064883
          ],
          [
            112.0232481,
            -8.3066449
          ],
          [
            112.0235082,
            -8.3068838
          ],
          [
            112.0239052,
            -8.3073827
          ],
          [
            112.0241225,
            -8.3077251
          ],
          [
            112.0243826,
            -8.3079905
          ],
          [
            112.0245087,
            -8.3082745
          ],
          [
            112.0246428,
            -8.3085134
          ],
          [
            112.024726,
            -8.3087443
          ],
          [
            112.0247515,
            -8.3089168
          ],
          [
            112.0247407,
            -8.309019
          ],
          [
            112.0246898,
            -8.309149
          ],
          [
            112.0246643,
            -8.3093003
          ],
          [
            112.024679,
            -8.309441
          ],
          [
            112.0247045,
            -8.3095577
          ],
          [
            112.0248547,
            -8.3099452
          ],
          [
            112.0250438,
            -8.3103633
          ],
          [
            112.025198,
            -8.3105809
          ],
          [
            112.0254019,
            -8.3107269
          ],
          [
            112.0255937,
            -8.3108158
          ],
          [
            112.0258485,
            -8.3109777
          ],
          [
            112.0260014,
            -8.3110984
          ],
          [
            112.0261194,
            -8.3112072
          ],
          [
            112.0263299,
            -8.3113718
          ],
          [
            112.0264962,
            -8.3114634
          ],
          [
            112.0267054,
            -8.311547
          ],
          [
            112.0271051,
            -8.3117075
          ],
          [
            112.0275195,
            -8.3119225
          ],
          [
            112.0278668,
            -8.3121813
          ],
          [
            112.0282478,
            -8.3125221
          ]
        ]
      },
      "id": "way/965501731"
    },
    {
      "type": "Feature",
      "properties": {
        "@id": "way/1207119271",
        "waterway": "river",
        "@relations": [
          {
            "role": "outer",
            "rel": 9676369,
            "reltags": {
              "admin_level": "5",
              "boundary": "administrative",
              "name": "Tulungagung",
              "name:ar": "تولوناقونق",
              "official_name": "Kabupaten Tulungagung",
              "type": "boundary",
              "wikidata": "Q11143",
              "wikipedia": "id:Kabupaten Tulungagung"
            }
          }
        ]
      },
      "geometry": {
        "type": "LineString",
        "coordinates": [
          [
            111.9442363,
            -7.9644439
          ],
          [
            111.9443817,
            -7.9643396
          ],
          [
            111.9445724,
            -7.9641799
          ],
          [
            111.9450073,
            -7.9639491
          ],
          [
            111.945198,
            -7.9638452
          ],
          [
            111.9453201,
            -7.9636945
          ],
          [
            111.945404,
            -7.9634694
          ],
          [
            111.9457016,
            -7.9626674
          ],
          [
            111.9458541,
            -7.962532
          ],
          [
            111.9459152,
            -7.9625148
          ],
          [
            111.946022,
            -7.962511
          ],
          [
            111.9461746,
            -7.9624547
          ],
          [
            111.9462051,
            -7.9623903
          ],
          [
            111.9463348,
            -7.9619302
          ],
          [
            111.9463653,
            -7.9618677
          ],
          [
            111.9464798,
            -7.9615711
          ],
          [
            111.9465942,
            -7.9608902
          ],
          [
            111.9465789,
            -7.9604992
          ],
          [
            111.9464721,
            -7.9600867
          ],
          [
            111.9462814,
            -7.9598116
          ],
          [
            111.9461899,
            -7.9596423
          ],
          [
            111.9461441,
            -7.9593171
          ],
          [
            111.945961,
            -7.9586095
          ],
          [
            111.9455261,
            -7.9572772
          ],
          [
            111.9455566,
            -7.9571828
          ],
          [
            111.9456558,
            -7.9571699
          ],
          [
            111.9459076,
            -7.9571489
          ],
          [
            111.9459304,
            -7.9570555
          ],
          [
            111.9458999,
            -7.9568709
          ],
          [
            111.9458008,
            -7.9567093
          ],
          [
            111.9456711,
            -7.95648
          ],
          [
            111.9457092,
            -7.9563321
          ],
          [
            111.9458008,
            -7.955996
          ],
          [
            111.9457244,
            -7.9558644
          ],
          [
            111.9454498,
            -7.9555816
          ],
          [
            111.9451675,
            -7.9552569
          ],
          [
            111.9450912,
            -7.9551729
          ],
          [
            111.9450683,
            -7.9550213
          ],
          [
            111.9451141,
            -7.9546827
          ],
          [
            111.9452209,
            -7.9543108
          ],
          [
            111.9453125,
            -7.9539279
          ],
          [
            111.9452438,
            -7.9535717
          ],
          [
            111.9452056,
            -7.9535255
          ],
          [
            111.9448154,
            -7.9532147
          ]
        ]
      },
      "id": "way/1207119271"
    },
    {
      "type": "Feature",
      "properties": {
        "@id": "way/1207119273",
        "boat": "yes;no",
        "name": "Sungai Brantas",
        "name:en": "Brantas River",
        "name:jv": "Kali Brantas",
        "source": "landsat",
        "waterway": "river",
        "width": "12",
        "wikidata": "Q2570778",
        "wikipedia": "en:Brantas River",
        "@relations": [
          {
            "role": "outer",
            "rel": 9676369,
            "reltags": {
              "admin_level": "5",
              "boundary": "administrative",
              "name": "Tulungagung",
              "name:ar": "تولوناقونق",
              "official_name": "Kabupaten Tulungagung",
              "type": "boundary",
              "wikidata": "Q11143",
              "wikipedia": "id:Kabupaten Tulungagung"
            }
          }
        ]
      },
      "geometry": {
        "type": "LineString",
        "coordinates": [
          [
            111.9290987,
            -7.9625102
          ],
          [
            111.9306731,
            -7.9625134
          ],
          [
            111.9312045,
            -7.9622706
          ],
          [
            111.9315423,
            -7.9618247
          ],
          [
            111.9323851,
            -7.959755
          ],
          [
            111.9338683,
            -7.9580128
          ],
          [
            111.9357444,
            -7.9565091
          ],
          [
            111.9375147,
            -7.9562972
          ],
          [
            111.9396158,
            -7.9563352
          ],
          [
            111.9403656,
            -7.9563439
          ],
          [
            111.9413291,
            -7.9559784
          ],
          [
            111.9433252,
            -7.9547642
          ],
          [
            111.9447922,
            -7.9532644
          ],
          [
            111.9448154,
            -7.9532147
          ]
        ]
      },
      "id": "way/1207119273"
    }
  ]
}